Record ID;Nome do negócio;Data de criação;Data de fechamento;Etapa do negócio;Valor_x;Valor do contrato anual_x;Receita anual recorrente;Valor total do contrato;Valor previsto;Valor na moeda da empresa;Valor do negócio projetado na moeda local;Valor do negócio projetado;Motivo de fechamento perdido_x;Negocios_Criados;Pipeline;Agendamentos;Agendamento_Aceito;Diagnostico;Proposta;Cliente;Valor_y;Valor do contrato anual_y;Motivo de fechamento perdido_y;Nome da empresa;Setor
14214450446;SICREDI;2023-07-18 15:17;;Agendamentos (MQL);;;;;;;;;;Nao;;Nao;Nao;Nao;Nao;Nao;;;;SICREDI;Serviços financeiros
14213381032;GETNET;2023-07-18 14:09;;Agendamentos (MQL);;;;;;;;;;Nao;;Nao;Nao;Nao;Nao;Nao;;;;GETNET;
14197387609;CALÇADOS ANIGER;2023-07-17 16:25;;Agendamentos (MQL);;;;;;;;;;Sim;Enterprise - Macfor Dealflow;Sim;Nao;Nao;Nao;Nao;;;;CALÇADOS ANIGER;
14192131993;ITAÚ;2023-07-17 08:22;;Agendamentos (MQL);;;;;;;;;;Sim;Enterprise - Macfor Dealflow;Sim;Nao;Nao;Nao;Nao;;;;ITAÚ;Bancário
14150808694;AMERICAS TRADING;2023-07-14 09:37;2023-07-31 09:37;Agendamentos Aceitos (SAL);;;;;;;;;;Sim;Enterprise - Macfor Dealflow;Sim;Sim;Nao;Nao;Nao;;;;AMERICAS TRADING;
14109118720;HUDL;2023-07-13 11:46;;Agendamentos (MQL);;;;;;;;;;Sim;Enterprise - Macfor Dealflow;Sim;Nao;Nao;Nao;Nao;;;;HUDL;Software de computador
14102501033;SCHMERSAL;2023-07-13 09:29;;Agendamentos (MQL);;;;;;;;;;Sim;Enterprise - Macfor Dealflow;Sim;Nao;Nao;Nao;Nao;;;;SCHMERSAL;Fabricação elétrica/eletrônica
14058957576;KÄRCHER;2023-07-11 10:39;;Agendamentos (MQL);;;;;;;;;;Sim;Enterprise - Macfor Dealflow;Sim;Nao;Nao;Nao;Nao;;;;KÄRCHER;
14012014890;COOPERMOTA;2023-07-07 16:56;;Agendamentos Aceitos (SAL);;;;;;;;;;Sim;Enterprise - Macfor Dealflow;Sim;Sim;Nao;Nao;Nao;;;;COOPERMOTA;
13998165266;SAINT-GOBAIN;2023-07-06 16:34;;Proposta Enviada (SQL);28000.0;;;;28000.0;28000.0;14000.0;14000.0;;Sim;Enterprise - Macfor Dealflow;Nao;Nao;Nao;Nao;Nao;28000.0;;;SAINT-GOBAIN;
13998110809;MILLIUM;2023-07-06 16:03;;Agendamentos Aceitos (SAL);;;;;;;;;;Sim;Enterprise - Macfor Dealflow;Sim;Sim;Nao;Nao;Nao;;;;MILIUM;Varejo
13995430544;CACAU SHOW;2023-07-06 13:46;;Agendamentos Aceitos (SAL);;;;;;;;;;Sim;Enterprise - Macfor Dealflow;Sim;Sim;Nao;Nao;Nao;;;;CACAU SHOW;Alimentos e bebidas
13980635406;GRUPO GPS;2023-07-05 13:47;;Agendamentos Aceitos (SAL);;;;;;;;;;Sim;Enterprise - Macfor Dealflow;Sim;Sim;Nao;Nao;Nao;;;;GRUPO GPS;
13978614688;BOMBRIL;2023-07-05 09:27;2023-07-07 16:58;Negócio perdido;;;;;;;;;Timing;Sim;Enterprise - Macfor Dealflow;Sim;Nao;Nao;Nao;Nao;;;Timing;BOMBRIL;
13978649373;PASCHOALOTTO;2023-07-05 09:20;;Agendamentos Aceitos (SAL);;;;;;;;;;Sim;Enterprise - Macfor Dealflow;Sim;Sim;Nao;Nao;Nao;;;;PASCHOALOTTO;Telecomunicações
13977428114;PICCADILLY;2023-07-05 07:47;;Agendamentos Aceitos (SAL);;;;;;;;;;Sim;Enterprise - Macfor Dealflow;Sim;Sim;Nao;Nao;Nao;;;;PICCADILLY;Bens de consumo
13977081120;FITESA;2023-07-05 06:50;;Agendamentos Aceitos (SAL);;;;;;;;;;Sim;Enterprise - Macfor Dealflow;Sim;Sim;Nao;Nao;Nao;;;;FITESA;
13967169613;SOLINFTEC;2023-07-04 09:50;;Agendamentos Aceitos (SAL);;;;;;;;;;Sim;Enterprise - Macfor Dealflow;Sim;Sim;Nao;Nao;Nao;;;;SOLINFTEC;
13969229060;SERES MOTORS;2023-07-03 00:00;;Agendamentos Aceitos (SAL);;;;;;;;;;Sim;Enterprise - Macfor Dealflow;Sim;Sim;Nao;Nao;Nao;;;;SERES MOTORS;Automotivo
13912182170;DENTSPLY SIRONA;2023-06-29 14:54;;Negócio perdido;;;;;;;;;"Financeiro; Timing; Não é ICP";Sim;Enterprise - Macfor Dealflow;Sim;Sim;Nao;Nao;Nao;;;"Financeiro; Timing; Não é ICP";DENTSPLY SIRONA;
13911695518;BERNHOEFT;2023-06-29 13:01;;Agendamentos Aceitos (SAL);;;;;;;;;;Sim;Enterprise - Macfor Dealflow;Sim;Sim;Nao;Nao;Nao;;;;BERNHOEFT;Contabilidade
13898389069;VITTIA;2023-06-28 09:40;;Proposta Enviada (SQL);186000.0;;;;186000.0;186000.0;93000.0;93000.0;;Sim;Enterprise - Macfor Dealflow;Sim;Sim;Sim;Sim;Nao;186000.0;;;VITTIA;
13888615997;ARTECOLA QUÍMICA;2023-06-27 17:54;;Negócio perdido;;;;;;;;;"Timing; Maturação";Sim;Enterprise - Macfor Dealflow;Sim;Sim;Nao;Nao;Nao;;;"Timing; Maturação";ARTECOLA QUÍMICA;
13868666770;HOSPITAL MOINHOS;2023-06-26 15:03;;Agendamentos Aceitos (SAL);;;;;;;;;;Sim;Enterprise - Macfor Dealflow;Sim;Sim;Nao;Nao;Nao;;;;HOSPITAL MOINHOS;
13804730662;PALLADIUM HOTEL;2023-06-21 10:37;;Agendamentos Aceitos (SAL);;;;;;;;;;Sim;Enterprise - Macfor Dealflow;Sim;Sim;Nao;Nao;Nao;;;;PALLADIUM HOTEL;
13716191897;UNIMED;2023-06-14 22:57;;Negócio perdido;;;;;;;;;"Não é ICP; Nós Declinamos";Sim;Enterprise - Macfor Dealflow;Sim;Sim;Nao;Nao;Nao;;;"Não é ICP; Nós Declinamos";UNIMED;Saúde, bem-estar e fitness
13691308357;MELIÁ HOTELS;2023-06-13 14:16;;Agendamentos Aceitos (SAL);;;;;;;;;;Sim;Enterprise - Macfor Dealflow;Sim;Sim;Nao;Nao;Nao;;;;MELIÃ HOTELS;Software de computador
13691851841;ECOGEN BRASIL;2023-06-13 12:26;;Negócio perdido;;;;;;;;;"Maturação; Timing";Sim;Enterprise - Macfor Dealflow;Sim;Sim;Sim;Nao;Nao;;;"Maturação; Timing";ECOGEN BRASIL;Petróleo e energia
13690301517;PALLADIUM HOTEL;2023-06-13 10:58;;Agendamentos Aceitos (SAL);;;;;;;;;;Sim;Enterprise - Macfor Dealflow;Sim;Sim;Nao;Nao;Nao;;;;PALLADIUM HOTEL;
13489361412;HYDAC;2023-05-29 12:49;;Agendamentos (MQL);;;;;;;;;;Sim;Enterprise - Macfor Dealflow;Sim;Nao;Nao;Nao;Nao;;;;HYDAC;Maquinário
13411720787;VAGAS.COM;2023-05-22 09:34;;Negócio perdido;;;;;;;;;"Maturação; Fechou com Concorrente";Sim;Enterprise - Macfor Dealflow;Nao;Nao;Nao;Nao;Nao;;;"Maturação; Fechou com Concorrente";VAGAS.COM;Software de computador
13389429885;HEINEKEN;2023-05-19 13:51;;Agendamentos Aceitos (SAL);;;;;;;;;;Sim;Enterprise - Macfor Dealflow;Sim;Sim;Nao;Nao;Nao;;;;HEINEKEN;Alimentos e bebidas
13357688177;COOXUPÉ;2023-05-16 16:10;;Agendamentos Aceitos (SAL);;;;;;;;;;Sim;Enterprise - Macfor Dealflow;Sim;Sim;Nao;Nao;Nao;;;;COOXUPÉ;Armazenamento
13356360793;VENCE TUDO;2023-05-16 15:17;;Agendamentos (MQL);;;;;;;;;;Sim;Enterprise - Macfor Dealflow;Sim;Nao;Nao;Nao;Nao;;;;VENCE TUDO;
13316079946;SUPER PRIX;2023-05-12 15:06;;Negócio perdido;;;;;;;;;"Financeiro; Sumiu";Sim;Enterprise - Macfor Dealflow;Sim;Sim;Nao;Nao;Nao;;;"Financeiro; Sumiu";SUPER MIX;
13315910518;GRUPO CURIMBABA;2023-05-12 14:24;;Agendamentos (MQL);;;;;;;;;;Sim;Enterprise - Macfor Dealflow;Sim;Nao;Nao;Nao;Nao;;;;GRUPO CURIMBABA;
13279967134;BRASIL ATACADISTA;2023-05-09 14:47;;Negócio perdido;;;;;;;;;"Financeiro; Nós Declinamos";Sim;Enterprise - Macfor Dealflow;Sim;Sim;Nao;Nao;Nao;;;"Financeiro; Nós Declinamos";BRASIL ATACADISTA;
13205725995;SAÚDE PETROBRÁS;2023-05-02 11:32;;Negócio perdido;;;;;;;;;"Sumiu; Nós Declinamos; Não é ICP";Sim;Enterprise - Macfor Dealflow;Sim;Sim;Nao;Nao;Nao;;;"Sumiu; Nós Declinamos; Não é ICP";SAÚDE PETROBRÁS;
13159599031;EUROBIKE;2023-04-27 12:10;;Agendamentos Aceitos (SAL);;;;;;;;;;Sim;Enterprise - Macfor Dealflow;Sim;Sim;Nao;Nao;Nao;;;;EUROBIKE;Automotivo
13057235528;COCAL;2023-04-19 10:03;;Negócio perdido;;;;;;;;;"Timing; Nós Declinamos; Maturação";Sim;Enterprise - Macfor Dealflow;Sim;Sim;Nao;Nao;Nao;;;"Timing; Nós Declinamos; Maturação";COCAL;
12993392541;POSITIVO;2023-04-14 18:11;;Proposta Enviada (SQL);400000.0;;;;400000.0;400000.0;200000.0;200000.0;;Sim;Enterprise - Macfor Dealflow;Sim;Sim;Sim;Sim;Nao;400000.0;;;POSITIVO;Serviços de instalações
12856570938;ITAÚ;2023-04-05 17:08;;Agendamentos Aceitos (SAL);;;;;;;;;;Sim;Enterprise - Macfor Dealflow;Sim;Sim;Nao;Nao;Nao;;;;ITAÚ;Bancário
12826723072;AGROGALAXY;2023-04-03 16:53;;Negócio perdido;;;;;;;;;"Nós Declinamos; Financeiro; Timing";Sim;Enterprise - Macfor Dealflow;Sim;Sim;Nao;Nao;Nao;;;"Nós Declinamos; Financeiro; Timing";AGROGALAXY;
12776263680;EUROCHEM;2023-03-29 10:26;2023-03-31 10:26;Negócio perdido;720000.0;;;;720000.0;720000.0;0.0;0.0;"Financeiro; Fechou com Concorrente; Desinteresse/Declinou";Sim;Enterprise - Macfor Dealflow;Sim;Sim;Sim;Sim;Nao;720000.0;;"Financeiro; Fechou com Concorrente; Desinteresse/Declinou";EUROCHEM;
12754190484;ISLA SEMENTES;2023-03-28 18:00;;Negócio perdido;;;;;;;;;Financeiro;Sim;Enterprise - Macfor Dealflow;Sim;Sim;Nao;Nao;Nao;;;Financeiro;ISLA SEMENTES;Serviços financeiros
12753468273;SPORT CLUB;2023-03-28 16:05;;Negócio perdido;;;;;;;;;Financeiro;Sim;Enterprise - Macfor Dealflow;Sim;Sim;Sim;Nao;Nao;;;Financeiro;SPORT CLUB;Esportes
12688511828;VERDE AGRITECH;2023-03-23 12:58;;Negócio perdido;;;;;;;;;"Maturação; Timing";Sim;Enterprise - Macfor Dealflow;Sim;Sim;Nao;Nao;Nao;;;"Maturação; Timing";VERDE AGRITECH;
12627287415;GDM SEEDS;2023-03-20 14:41;2023-03-31 14:40;Negócio perdido;;;;;;;;;"Fechou com Concorrente; Financeiro";Sim;Enterprise - Macfor Dealflow;Sim;Sim;Sim;Sim;Nao;;;"Fechou com Concorrente; Financeiro";GDM SEEDS;
12431223324;JOHN DEERE;2023-03-07 10:01;;Agendamentos Aceitos (SAL);;;;;;;;;;Sim;Enterprise - Macfor Dealflow;Sim;Sim;Nao;Nao;Nao;;;;JOHN DEERE;Maquinário
12334431491;RESERVAS VOTORANTIM;2023-02-27 18:59;;Negócio perdido;;;;;;;;;"Não é ICP; Maturação";Sim;Enterprise - Macfor Dealflow;Sim;Sim;Nao;Nao;Nao;;;"Não é ICP; Maturação";RESERVASVOTORANTIM;
12268878875;VITTA RESIDENCIAL;2023-02-22 12:30;;Negócio perdido;;;;;;;;;Financeiro;Sim;Enterprise - Macfor Dealflow;Sim;Sim;Nao;Nao;Nao;;;Financeiro;VIBRA RESIDENCIAL;
12135020909;GRUPO SALTA;2023-02-13 08:59;;Negócio perdido;;;;;;;;;"Fechou com Concorrente; Maturação; Financeiro";Sim;Enterprise - Macfor Dealflow;Sim;Sim;Sim;Nao;Nao;;;"Fechou com Concorrente; Maturação; Financeiro";GRUPO SALTA;
12087770387;GRUPO BERTOLINI;2023-02-09 12:44;;Negócio perdido;;;;;;;;;"Timing; Maturação";Sim;Enterprise - Macfor Dealflow;Sim;Sim;Nao;Nao;Nao;;;"Timing; Maturação";GRUPO BERTOLINI;Mobília
12070187587;LOJAS BENOIT;2023-02-08 14:33;;Negócio perdido;;;;;;;;;"Maturação; Timing; Desinteresse/Declinou";Sim;Enterprise - Macfor Dealflow;Sim;Sim;Nao;Nao;Nao;;;"Maturação; Timing; Desinteresse/Declinou";LOJAS BENOIT;
12536215896;DOM ATACADISTA;2023-01-14 00:00;;Negócio perdido;324000.0;;;;324000.0;324000.0;0.0;0.0;"Maturação; Financeiro; Timing";Sim;Enterprise - Macfor Dealflow;Sim;Sim;Sim;Sim;Nao;324000.0;;"Maturação; Financeiro; Timing";FORT ATACADISTA;
11646251827;DVA;2023-01-10 09:48;;Negócio perdido;;;;;;;;;"Sumiu; Financeiro";Sim;Enterprise - Macfor Dealflow;Sim;Sim;Sim;Nao;Nao;;;"Sumiu; Financeiro";DVA;Atacado
12100866664;TEMBICI;2023-01-08 00:00;;Agendamentos Aceitos (SAL);;;;;;;;;;Sim;Enterprise - Macfor Dealflow;Sim;Sim;Nao;Nao;Nao;;;;TEMBICI;
11557498281;CONVERSE;2023-01-02 18:08;;Negócio perdido;;;;;;;;;Nós Declinamos;Sim;Enterprise - Macfor Dealflow;Sim;Sim;Nao;Nao;Nao;;;Nós Declinamos;CONVERSE;Vestuário e moda
11369948255;LOTS GROUP;2022-12-16 13:57;2022-12-31 13:57;Negócio perdido;;;;;;;;;"Financeiro; Desinteresse/Declinou";Sim;Enterprise - Macfor Dealflow;Sim;Sim;Sim;Sim;Nao;;;"Financeiro; Desinteresse/Declinou";LOTS GROUP;Transporte/caminhões/ferrovias
11266793340;SUPERPRIX;2022-12-08 08:55;2022-12-31 08:54;Negócio perdido;;;;;;;;;Sumiu;Sim;Enterprise - Macfor Dealflow;Sim;Nao;Nao;Nao;Nao;;;Sumiu;SUPER PRIX;
11234907490;FINTECHMAGALU;2022-12-06 10:03;2022-12-31 10:02;Negócio perdido;;;;;;;;;Não é ICP;Sim;Enterprise - Macfor Dealflow;Nao;Nao;Nao;Nao;Nao;;;Não é ICP;FINTECHMAGALU;
11156847374;BRF;2022-11-30 08:56;2022-11-30 08:55;Negócio perdido;;;;;;;;;"Timing; Desinteresse/Declinou";Sim;Enterprise - Macfor Dealflow;Sim;Sim;Nao;Nao;Nao;;;"Timing; Desinteresse/Declinou";BRF;Produção de alimentos
11146533800;BANCO NEXT;2022-11-29 17:14;;Negócio perdido;;;;;;;;;Saiu da Empresa;Sim;Enterprise - Macfor Dealflow;Sim;Nao;Nao;Nao;Nao;;;Saiu da Empresa;BANCO NEON;Serviços financeiros
11074697233;CARREFOUR;2022-11-24 11:14;;Negócio perdido;;;;;;;;;"Timing; Maturação";Sim;Enterprise - Macfor Dealflow;Sim;Sim;Sim;Nao;Nao;;;"Timing; Maturação";CARREFOUR;Varejo
11070312612;GRUPO ATTO;2022-11-23 21:27;;Negócio perdido;;;;;;;;;Nós Declinamos;Sim;Enterprise - Macfor Dealflow;Sim;Nao;Nao;Nao;Nao;;;Nós Declinamos;GRUPO AGRO;Agricultura
11067648141;AGUA DE;2022-11-23 18:01;2022-11-30 18:00;Negócio perdido;;;;;;;;;Financeiro;Sim;Enterprise - Macfor Dealflow;Nao;Nao;Nao;Nao;Nao;;;Financeiro;ÁGUA DE;
11027456697;RENNOVA;2022-11-21 10:27;;Agendamentos (MQL);;;;;;;;;;Sim;Enterprise - Macfor Dealflow;Sim;Sim;Nao;Nao;Nao;;;;RENNOVA;
10994423655;STARA;2022-11-18 09:54;;Negócio perdido;;;;;;;;;"Maturação; Timing";Sim;Enterprise - Macfor Dealflow;Sim;Sim;Nao;Nao;Nao;;;"Maturação; Timing";SARA;
10995330926;AGROTOKEN;2022-11-17 11:54;2022-11-30 11:53;Negócio perdido;;;;;;;;;"Fechou com Concorrente; Financeiro";Sim;Enterprise - Macfor Dealflow;Sim;Sim;Sim;Sim;Nao;;;"Fechou com Concorrente; Financeiro";AGROTOKEN;
10980854596;BEBIDAS POTY;2022-11-17 10:46;;Negócio perdido;;;;;;;;;"Timing; Financeiro";Sim;Enterprise - Macfor Dealflow;Sim;Sim;Nao;Nao;Nao;;;"Timing; Financeiro";BEBIDAS POTY;Alimentos e bebidas
10969649465;RUMO;2022-11-16 16:38;2022-11-23 11:30;Negócio perdido;;;;;;;;;"Não é ICP; Financeiro";Sim;Enterprise - Macfor Dealflow;Sim;Nao;Nao;Nao;Nao;;;"Não é ICP; Financeiro";RUMO;
10886978836;EVINO;2022-11-10 16:39;2023-01-20 16:32;Negócio perdido;;;;;;;;;Maturação;Sim;Enterprise - Macfor Dealflow;Sim;Sim;Nao;Nao;Nao;;;Maturação;EVINO;
10859783191;HOSPITAL ALEMÃO;2022-11-08 16:46;;Negócio perdido;;;;;;;;;Saiu da Empresa;Sim;Enterprise - Macfor Dealflow;Sim;Sim;Nao;Nao;Nao;;;Saiu da Empresa;HOSPITAL ALEMÃO;Hospital e cuidados de saúde
10844814487;AD'ORO;2022-11-07 15:23;;Agendamentos (MQL);;;;;;;;;;Sim;Enterprise - Macfor Dealflow;Sim;Nao;Nao;Nao;Nao;;;;AD'ORO;
10677021007;ACCOR;2022-10-24 16:35;;Negócio perdido;;;;;;;;;"Desinteresse/Declinou; Financeiro";Sim;Enterprise - Macfor Dealflow;Sim;Sim;Nao;Nao;Nao;;;"Desinteresse/Declinou; Financeiro";ACCOR;Hotelaria
10630221896;WILEY;2022-10-20 09:43;2022-10-31 09:41;Negócio perdido;;;;;;;;;"Financeiro; Não é ICP";Sim;Enterprise - Macfor Dealflow;Sim;Nao;Nao;Nao;Nao;;;"Financeiro; Não é ICP";WILEY;Publicação
10619139943;NESTLÉ;2022-10-19 16:16;;Negócio perdido;;;;;;;;;"Maturação; Nós Declinamos";Sim;Enterprise - Macfor Dealflow;Sim;Sim;Nao;Nao;Nao;;;"Maturação; Nós Declinamos";NESTLE;Alimentos e bebidas
10615749476;SPRAYTEC;2022-10-18 10:43;2022-10-31 10:42;Negócio perdido;;;;;;;;;Não é ICP;Sim;Enterprise - Macfor Dealflow;Sim;Nao;Nao;Nao;Nao;;;Não é ICP;SPRAY-TEC;
10590690171;ZEN SA;2022-10-17 09:55;;Negócio perdido;;;;;;;;;Não é ICP;Sim;Enterprise - Macfor Dealflow;Sim;Sim;Nao;Nao;Nao;;;Não é ICP;ZEN SA;Automotivo
10358562966;NEW HOLLAND;2022-09-29 15:53;;Negócio perdido;;;;;;;;;"Timing; Maturação";Sim;Enterprise - Macfor Dealflow;Sim;Sim;Sim;Nao;Nao;;;"Timing; Maturação";NEW HOLLAND;Maquinário
10282208687;KUAISHOU;2022-09-22 21:56;;Negócio perdido;;;;;;;;;"Timing; Desinteresse/Declinou";Sim;Enterprise - Macfor Dealflow;Sim;Sim;Nao;Nao;Nao;;;"Timing; Desinteresse/Declinou";KUAISHOU;Software de computador
10268226307;CNN BRASIL;2022-09-21 17:25;;Negócio perdido;;;;;;;;;"Sumiu; Timing";Sim;Enterprise - Macfor Dealflow;Sim;Sim;Nao;Nao;Nao;;;"Sumiu; Timing";CNPBRASIL;
10239355748;NISSAN;2022-09-19 15:09;;Negócio perdido;;;;;;;;;"Maturação; Saiu da Empresa";Sim;Enterprise - Macfor Dealflow;Sim;Sim;Nao;Nao;Nao;;;"Maturação; Saiu da Empresa";NISSAN;Automotivo
10161938786;HONDA;2022-09-12 16:40;;Negócio perdido;;;;;;;;;"Maturação; Desinteresse/Declinou; Timing";Sim;Enterprise - Macfor Dealflow;Sim;Sim;Nao;Nao;Nao;;;"Maturação; Desinteresse/Declinou; Timing";SONDA;Software de computador
10161251850;GAZIN;2022-09-12 16:06;2023-01-20 16:27;Negócio perdido;;;;;;;;;"Sumiu; Desinteresse/Declinou";Sim;Enterprise - Macfor Dealflow;Sim;Sim;Sim;Sim;Nao;;;"Sumiu; Desinteresse/Declinou";GAZIT;
10160287395;DPASCHOAL;2022-09-12 12:24;;Negócio perdido;;;;;;;;;Financeiro;Sim;Enterprise - Macfor Dealflow;Sim;Sim;Nao;Nao;Nao;;;Financeiro;DPASCHOAL;Automotivo
10117266732;TEUTO;2022-09-08 15:00;2023-01-20 16:27;Negócio perdido;;;;;;;;;Financeiro;Sim;Enterprise - Macfor Dealflow;Sim;Sim;Sim;Nao;Nao;;;Financeiro;TEUTO;Farmacêutica
10067849484;PORTOBELLO -;2022-09-05 11:44;2022-10-03 11:38;Negócio perdido;;;;;;;;;"Financeiro; Não é ICP";Sim;Enterprise - Macfor Dealflow;Sim;Sim;Nao;Nao;Nao;;;"Financeiro; Não é ICP";PORTOBELLO;Materiais de construção
9942666548;PEPSICO;2022-08-26 09:52;;Agendamentos (MQL);;;;;;;;;;Sim;Enterprise - Macfor Dealflow;Sim;Nao;Nao;Nao;Nao;;;;PEPSICO;Alimentos e bebidas
9922745002;FOCO ALUGUEL;2022-08-24 16:55;;Negócio perdido;;;;;;;;;"Financeiro; Timing";Sim;Enterprise - Macfor Dealflow;Sim;Sim;Nao;Nao;Nao;;;"Financeiro; Timing";FOCO ALUGUEL;
9910334978;GRUPO LÍDER;2022-08-23 15:08;;Negócio perdido;;;;;;;;;Não é ICP;Sim;Enterprise - Macfor Dealflow;Sim;Sim;Sim;Sim;Nao;;;Não é ICP;GRUPO LÍDER;
9907461386;WE PINK;2022-08-23 11:32;;Negócio perdido;;;;;;;;;Não é ICP;Sim;Enterprise - Macfor Dealflow;Sim;Sim;Nao;Nao;Nao;;;Não é ICP;WE PINK;
9892494180;JBS;2022-08-22 08:28;;Proposta Enviada (SQL);;;;;;;;;;Sim;Enterprise - Macfor Dealflow;Sim;Sim;Sim;Sim;Nao;;;;JBS;Produção de alimentos
9892391035;BAYER PHARMACEUTICALS;2022-08-22 08:28;;Negócio perdido;;;;;;;;;Não é ICP;Sim;Enterprise - Macfor Dealflow;Sim;Sim;Nao;Nao;Nao;;;Não é ICP;BAYER PHARMACEUTICALS;Farmacêutica
9872374867;PETZ;2022-08-19 17:03;;Negócio perdido;;;;;;;;;"Desinteresse/Declinou; Timing";Sim;Enterprise - Macfor Dealflow;Sim;Sim;Sim;Nao;Nao;;;"Desinteresse/Declinou; Timing";PETZ;
9849094535;NATURA&CO;2022-08-17 14:05;;Negócio perdido;;;;;;;;;"Maturação; Timing";Sim;Enterprise - Macfor Dealflow;Sim;Sim;Sim;Nao;Nao;;;"Maturação; Timing";NATURA&CO;Cosméticos
9781871227;HOSPITAL SÍRIO-LIBANÊS;2022-08-10 15:12;2023-03-21 11:54;Cliente;390961.92;;;;390961.92;390961.92;390961.92;390961.92;;Sim;Enterprise - Macfor Dealflow;Sim;Sim;Sim;Sim;Sim;390961.92;;;HOSPITAL SÍRIO-LIBANÊS;Hospital e cuidados de saúde
9694270742;MART MINAS;2022-08-03 23:52;2022-09-07 21:28;Cliente;404911.98;;;;404911.98;404911.98;404911.98;404911.98;;Sim;Enterprise - Macfor Dealflow;Sim;Sim;Sim;Sim;Sim;404911.98;;;MART MINAS;Tecnologia da informação e serviços
9691251818;ZOOP;2022-08-03 14:24;;Negócio perdido;;;;;;;;;"Timing; Saiu da Empresa; Não é ICP; Financeiro";Sim;Enterprise - Macfor Dealflow;Sim;Sim;Nao;Nao;Nao;;;"Timing; Saiu da Empresa; Não é ICP; Financeiro";ZOOP;
9671392000;GRUPO MULTITÉCNICA;2022-08-01 22:26;;Negócio perdido;;;;;;;;;"Financeiro; Nós Declinamos";Sim;Enterprise - Macfor Dealflow;Sim;Sim;Nao;Nao;Nao;;;"Financeiro; Nós Declinamos";GRUPO MULTITÉCNICA;Produtos químicos
9556284505;ULTRAGAZ;2022-07-21 15:29;2022-10-07 14:44;Negócio perdido;;;;;;;;;Não é ICP;Sim;Enterprise - Macfor Dealflow;Sim;Sim;Nao;Nao;Nao;;;Não é ICP;ULTRAGAZ;Petróleo e energia
9554698256;GRUPO ONCOCLINICAS;2022-07-21 12:54;;Negócio perdido;;;;;;;;;"Timing; Maturação";Sim;Enterprise - Macfor Dealflow;Sim;Sim;Nao;Nao;Nao;;;"Timing; Maturação";GRUPO ONCOCLINICAS;Hospital e cuidados de saúde
9535985760;WAP;2022-07-19 17:08;;Negócio perdido;;;;;;;;;"Financeiro; Timing";Sim;Enterprise - Macfor Dealflow;Sim;Sim;Nao;Nao;Nao;;;"Financeiro; Timing";WAP;Bens de consumo
9533639733;MOURA DUBEUX;2022-07-19 11:37;;Negócio perdido;;;;;;;;;"Sumiu; Nós Declinamos";Sim;Enterprise - Macfor Dealflow;Sim;Sim;Nao;Nao;Nao;;;"Sumiu; Nós Declinamos";MOURA DUBEUX;Construção
9714001725;PRIME CURSOS;2022-07-15 11:49;2022-08-31 11:47;Negócio perdido;;;;;;;;;"Desinteresse/Declinou; Timing";Sim;Enterprise - Macfor Dealflow;Sim;Sim;Sim;Sim;Nao;;;"Desinteresse/Declinou; Timing";PRIME CURSOS;Software de computador
9492773640;PAMPLONA ALIMENTOS;2022-07-14 08:20;2022-10-19 18:30;Negócio perdido;622968.24;;;;622968.24;622968.24;0.0;0.0;Timing;Sim;Enterprise - Macfor Dealflow;Sim;Sim;Sim;Sim;Nao;622968.24;;Timing;PAMPLONA ALIMENTOS;Produção de alimentos
9458850179;RENAULT;2022-07-11 11:43;;Negócio perdido;;;;;;;;;"Saiu da Empresa; Sumiu";Sim;Enterprise - Macfor Dealflow;Sim;Sim;Sim;Nao;Nao;;;"Saiu da Empresa; Sumiu";RENAULT;Automotivo
9435779855;MALLORY ELETROPORTÁTEIS;2022-07-08 15:22;;Negócio perdido;;;;;;;;;Financeiro;Sim;Enterprise - Macfor Dealflow;Sim;Sim;Sim;Nao;Nao;;;Financeiro;MALLORY ELETROPORTÁTEIS;Eletrônicos de consumo
9434955293;EMBELLEZE;2022-07-07 12:09;2022-07-31 12:03;Negócio perdido;;;;;;;;;Nós Declinamos;Sim;Enterprise - Macfor Dealflow;Sim;Sim;Sim;Nao;Nao;;;Nós Declinamos;EMBELLEZE;Cosméticos
9403380807;BRB -;2022-07-05 16:11;;Negócio perdido;;;;;;;;;"Maturação; Timing; Desinteresse/Declinou";Sim;Enterprise - Macfor Dealflow;Sim;Sim;Sim;Nao;Nao;;;"Maturação; Timing; Desinteresse/Declinou";BRF -;
9342483878;ALPER SEGUROS;2022-06-29 10:46;;Negócio perdido;;;;;;;;;"Desinteresse/Declinou; Financeiro";Sim;Enterprise - Macfor Dealflow;Sim;Sim;Sim;Nao;Nao;;;"Desinteresse/Declinou; Financeiro";ALPER SEGUROS;Seguro
9335197262;MOSAIC BRASIL;2022-06-28 16:26;2022-08-10 13:41;Negócio perdido;;;;;;;;;"Fechou com Concorrente; Financeiro";Sim;Enterprise - Macfor Dealflow;Sim;Sim;Sim;Nao;Nao;;;"Fechou com Concorrente; Financeiro";MOSAIC BRASIL;Produtos químicos
9335038859;CENCOSUD;2022-06-28 16:26;;Negociação;950000.0;;;;950000.0;950000.0;665000.0;665000.0;;Sim;Enterprise - Macfor Dealflow;Sim;Sim;Sim;Sim;Nao;950000.0;;;CENCOSUD;
9321003094;JACTO;2022-06-27 15:25;;Negócio perdido;;;;;;;;;Maturação;Sim;Enterprise - Macfor Dealflow;Sim;Sim;Sim;Nao;Nao;;;Maturação;JACTO;Maquinário
9320851333;SONDA SUPERMERCADOS;2022-06-27 15:17;2022-08-10 13:43;Negócio perdido;;;;;;;;;"Sumiu; Não é ICP";Sim;Enterprise - Macfor Dealflow;Sim;Sim;Sim;Sim;Nao;;;"Sumiu; Não é ICP";MOTA SUPERMERCADOS;
9266863369;LEITE DE;2022-06-21 18:39;;Negócio perdido;;;;;;;;;"Desinteresse/Declinou; Sumiu";Sim;Enterprise - Macfor Dealflow;Sim;Sim;Sim;Nao;Nao;;;"Desinteresse/Declinou; Sumiu";LEITE DE;Saúde, bem-estar e fitness
9145229174;AYUMI SUPERMERCADOS;2022-06-09 18:22;2022-08-10 13:39;Negócio perdido;;;;;;;;;"Financeiro; Maturação";Sim;Enterprise - Macfor Dealflow;Sim;Sim;Nao;Nao;Nao;;;"Financeiro; Maturação";AYUMI SUPERMERCADOS;
9142920225;BOMBRIL;2022-06-09 12:32;;Negócio perdido;510000.0;;;;510000.0;510000.0;0.0;0.0;"Fechou com Concorrente; Financeiro";Sim;Enterprise - Macfor Dealflow;Sim;Sim;Sim;Sim;Nao;510000.0;;"Fechou com Concorrente; Financeiro";BOMBRIL;
9134056239;ENXUTO SUPERMERCADOS;2022-06-08 16:10;2022-08-09 16:18;Negócio perdido;;;;;;;;;Financeiro;Sim;Enterprise - Macfor Dealflow;Sim;Sim;Sim;Nao;Nao;;;Financeiro;ENXUTO SUPERMERCADOS;Varejo
9059767372;ZENATUR;2022-05-31 16:06;2022-08-10 13:41;Negócio perdido;;;;;;;;;Não é ICP;Sim;Enterprise - Macfor Dealflow;Sim;Sim;Sim;Nao;Nao;;;Não é ICP;ZENATUR;Logística e cadeia de suprimento
8947390720;CELEIRO SUPERMERCADOS;2022-05-18 15:02;2022-06-06 11:16;Negócio perdido;;;;;;;;;"Financeiro; Não é ICP; Nós Declinamos";Sim;Enterprise - Macfor Dealflow;Sim;Sim;Nao;Nao;Nao;;;"Financeiro; Não é ICP; Nós Declinamos";CORDEIRO SUPERMERCADOS;
8938556759;BARRY CALLEBAUT;2022-05-17 16:41;2022-05-31 16:41;Negócio perdido;;;;;;;;;Sumiu;Sim;Enterprise - Macfor Dealflow;Sim;Nao;Nao;Nao;Nao;;;Sumiu;BARRY CALLEBAUT;Produção de alimentos
8891831424;PRIMA FOODS;2022-05-12 12:46;2022-05-31 16:02;Negócio perdido;;;;;;;;;"Financeiro; Não é ICP";Sim;Enterprise - Macfor Dealflow;Sim;Sim;Nao;Nao;Nao;;;"Financeiro; Não é ICP";PRIMA FOODS;
8860080758;IQUEGAMI SUPERMERCADOS;2022-05-09 17:09;;Negócio perdido;;;;;;;;;"Financeiro; Não é ICP";Sim;Enterprise - Macfor Dealflow;Sim;Sim;Nao;Nao;Nao;;;"Financeiro; Não é ICP";IQUAGAMI SUPERMERCADOS;
9185739073;FARMADELIVERY II;2022-05-06 00:00;2022-11-11 11:34;Cliente;616536.0;;;;616536.0;616536.0;616536.0;616536.0;;Sim;Enterprise - Macfor Dealflow;Sim;Sim;Sim;Sim;Sim;616536.0;;;FARMADELIVERY;
8785636688;NK SEMENTES;2022-05-02 14:03;2023-02-09 10:04;Negócio perdido;720000.0;;;;720000.0;720000.0;0.0;0.0;Financeiro;Sim;Enterprise - Macfor Dealflow;Sim;Sim;Sim;Sim;Nao;720000.0;;Financeiro;NK SEMENTES;Agricultura
8784596653;VALMONT;2022-05-02 11:54;2022-05-17 16:42;Negócio perdido;;;;;;;;;"Timing; Nós Declinamos";Sim;Enterprise - Macfor Dealflow;Sim;Sim;Nao;Nao;Nao;;;"Timing; Nós Declinamos";VALMONT;Maquinário
8808339045;NIM GENETICS;2022-05-02 00:00;2022-07-04 19:01;Cliente;217872.0;;;;217872.0;217872.0;217872.0;217872.0;;Sim;Enterprise - Macfor Dealflow;Sim;Sim;Sim;Sim;Sim;217872.0;;;NIMGENETICS;Biotecnologia
8525141673;ROCHA;2022-04-05 15:00;2022-05-31 15:57;Negócio perdido;;;;;;;;;Não é ICP;Sim;Enterprise - Macfor Dealflow;Sim;Sim;Nao;Nao;Nao;;;Não é ICP;ROCA;Materiais de construção
8521807490;GRUPO REDEBRASIL;2022-04-05 11:03;2022-04-20 12:13;Negócio perdido;;;;;;;;;Maturação;Sim;Enterprise - Macfor Dealflow;Sim;Sim;Nao;Nao;Nao;;;Maturação;GRUPO REDEBRASIL;Serviços financeiros
8509054492;LEÃO ALIMENTOS;2022-04-04 12:30;;Negócio perdido;;;;;;;;;"Saiu da Empresa; Timing; Desinteresse/Declinou";Sim;Enterprise - Macfor Dealflow;Sim;Sim;Sim;Sim;Nao;;;"Saiu da Empresa; Timing; Desinteresse/Declinou";PLENA ALIMENTOS;Produção de alimentos
8444212021;UNIPAC;2022-04-01 17:47;2022-04-20 12:19;Negócio perdido;;;;;;;;;"Financeiro; Não é ICP";Sim;Enterprise - Macfor Dealflow;Sim;Sim;Nao;Nao;Nao;;;"Financeiro; Não é ICP";UNIPAR;Ensino superior
8437713017;EUCATUR;2022-04-01 15:20;2022-04-06 11:49;Negócio perdido;;;;;;;;;"Financeiro; Não é ICP";Sim;Enterprise - Macfor Dealflow;Sim;Sim;Nao;Nao;Nao;;;"Financeiro; Não é ICP";EUCATUR;Transporte/caminhões/ferrovias
8401843003;CASTRILLON AUTOPEÇAS;2022-03-30 08:12;2022-05-17 16:42;Negócio perdido;;;;;;;;;Não é ICP;Sim;Enterprise - Macfor Dealflow;Sim;Sim;Nao;Nao;Nao;;;Não é ICP;CASTRILLON AUTOPEÇAS;
8391202363;METALÚRGICA FEY;2022-03-29 16:42;2022-04-10 15:16;Negócio perdido;;;;;;;;;"Timing; Maturação";Sim;Enterprise - Macfor Dealflow;Sim;Sim;Nao;Nao;Nao;;;"Timing; Maturação";METALÚRGICA FEY;Engenharia mecânica ou industrial
8344505364;VETBR SAÚDE;2022-03-24 11:56;2022-04-20 12:13;Negócio perdido;;;;;;;;;"Nós Declinamos; Não é ICP";Sim;Enterprise - Macfor Dealflow;Sim;Sim;Nao;Nao;Nao;;;"Nós Declinamos; Não é ICP";VETBR SAÚDE;
8343752003;AD'ORO;2022-03-24 09:36;2022-05-31 15:59;Negócio perdido;;;;;;;;;"Fechou com Concorrente; Timing; Maturação";Sim;Enterprise - Macfor Dealflow;Sim;Sim;Nao;Nao;Nao;;;"Fechou com Concorrente; Timing; Maturação";AD'ORO;
8322344064;GRUPO SEMAR;2022-03-23 11:39;2022-08-09 16:18;Negócio perdido;;;;;;;;;"Sumiu; Desinteresse/Declinou";Sim;Enterprise - Macfor Dealflow;Sim;Sim;Sim;Nao;Nao;;;"Sumiu; Desinteresse/Declinou";GRUPOSEMAR;
8304208765;SAS PLATAFORMA;2022-03-21 16:49;;Negócio perdido;307308.0;;;;307308.0;307308.0;0.0;0.0;"Timing; Desinteresse/Declinou; Maturação";Sim;Enterprise - Macfor Dealflow;Sim;Sim;Sim;Sim;Nao;307308.0;;"Timing; Desinteresse/Declinou; Maturação";SAS PLATAFORMA;
8301515184;GRUPO PRINER;2022-03-21 12:03;2022-04-07 09:52;Negócio perdido;;;;;;;;;"Não é ICP; Nós Declinamos";Sim;Enterprise - Macfor Dealflow;Sim;Sim;Nao;Nao;Nao;;;"Não é ICP; Nós Declinamos";GRUPO PRINER;
8264520809;APSA;2022-03-18 17:35;2022-04-20 12:20;Negócio perdido;;;;;;;;;"Nós Declinamos; Não é ICP";Sim;Enterprise - Macfor Dealflow;Sim;Sim;Nao;Nao;Nao;;;"Nós Declinamos; Não é ICP";APSA;Imobiliária
8263921938;LUNELLI;2022-03-18 16:58;2022-07-14 11:37;Negócio perdido;;;;;;;;;"Timing; Sumiu";Sim;Enterprise - Macfor Dealflow;Sim;Nao;Nao;Nao;Nao;;;"Timing; Sumiu";LUNELLI;Vestuário e moda
8253354841;PRODAP;2022-03-17 17:22;2022-06-13 08:50;Negócio perdido;;;;;;;;;"Sumiu; Timing";Sim;Enterprise - Macfor Dealflow;Sim;Sim;Nao;Nao;Nao;;;"Sumiu; Timing";PRODAP;Bens de consumo
8239766660;SHOPPING RECIFE;2022-03-16 10:16;2022-04-20 12:14;Negócio perdido;;;;;;;;;"Maturação; Não é ICP; Timing";Sim;Enterprise - Macfor Dealflow;Sim;Sim;Nao;Nao;Nao;;;"Maturação; Não é ICP; Timing";SHOPPING RECIFE;Varejo
8235144739;PORTO ITAPOÁ;2022-03-15 22:01;2022-08-24 11:12;Proposta Enviada (SQL);445722.96;;;;445722.96;445722.96;222861.48;222861.48;;Sim;Enterprise - Macfor Dealflow;Sim;Sim;Sim;Sim;Nao;445722.96;;;PORTO ITAPOÁ;Transporte/caminhões/ferrovias
8242183344;ALTERDATA SOFTWARE;2022-03-15 16:39;2022-07-04 16:22;Negócio perdido;;;;;;;;;"Timing; Não é ICP";Sim;Enterprise - Macfor Dealflow;Sim;Sim;Sim;Sim;Nao;;;"Timing; Não é ICP";ALTERDATA SOFTWARE;Software de computador
8230722315;WIZ SOLUÇÕES;2022-03-15 11:50;2022-10-19 18:30;Negócio perdido;;;;;;;;;Saiu da Empresa;Sim;Enterprise - Macfor Dealflow;Sim;Sim;Sim;Sim;Nao;;;Saiu da Empresa;WISE SOLUÇÕES;
8230620996;VALE;2022-03-15 11:34;2022-04-20 12:17;Negócio perdido;;;;;;;;;Não é ICP;Sim;Enterprise - Macfor Dealflow;Sim;Sim;Nao;Nao;Nao;;;Não é ICP;VALEO;Automotivo
8218762164;MEDABIL;2022-03-14 11:21;2022-04-20 12:14;Negócio perdido;;;;;;;;;Não é ICP;Sim;Enterprise - Macfor Dealflow;Sim;Sim;Nao;Nao;Nao;;;Não é ICP;MEDABIL;Construção
8218716681;FREITAS VAREJO;2022-03-14 10:55;2022-05-09 17:32;Negócio perdido;;;;;;;;;"Timing; Maturação";Sim;Enterprise - Macfor Dealflow;Sim;Sim;Nao;Nao;Nao;;;"Timing; Maturação";FREITAS VAREJO;
8195134813;HOSPITAL ERNESTO;2022-03-11 09:59;2022-05-09 15:35;Negócio perdido;;;;;;;;;"Não é ICP; Nós Declinamos";Sim;Enterprise - Macfor Dealflow;Sim;Sim;Nao;Nao;Nao;;;"Não é ICP; Nós Declinamos";HOSPITAL ERNESTO;Hospital e cuidados de saúde
8188477081;7COMM;2022-03-10 17:34;2022-07-01 16:36;Negócio perdido;;;;;;;;;"Não é ICP; Sumiu";Sim;Enterprise - Macfor Dealflow;Sim;Sim;Sim;Nao;Nao;;;"Não é ICP; Sumiu";7COMM;Tecnologia da informação e serviços
8184437058;DAKI;2022-03-10 10:56;2022-04-20 12:18;Negócio perdido;;;;;;;;;Maturação;Sim;Enterprise - Macfor Dealflow;Sim;Sim;Nao;Nao;Nao;;;Maturação;DAKI;
8184436663;NBCUNIVERSAL;2022-03-10 10:54;2022-05-31 16:00;Negócio perdido;;;;;;;;;"Maturação; Timing";Sim;Enterprise - Macfor Dealflow;Sim;Sim;Nao;Nao;Nao;;;"Maturação; Timing";NBCUNIVERSAL;
8176898414;GRUPO OR;2022-03-09 13:43;2022-04-20 12:09;Negócio perdido;;;;;;;;;Nós Declinamos;Sim;Enterprise - Macfor Dealflow;Nao;Nao;Nao;Nao;Nao;;;Nós Declinamos;GRUPO GR;Segurança e investigações
8169055888;UNIDASUL;2022-03-08 18:23;2022-05-17 16:42;Negócio perdido;;;;;;;;;"Nós Declinamos; Financeiro";Sim;Enterprise - Macfor Dealflow;Sim;Sim;Nao;Nao;Nao;;;"Nós Declinamos; Financeiro";UNIDASUL;
8168954119;DEEZER;2022-03-08 17:08;2022-07-06 11:54;Cliente;636000.0;;;;636000.0;636000.0;636000.0;636000.0;;Sim;Enterprise - Macfor Dealflow;Sim;Sim;Sim;Sim;Sim;636000.0;;;DEEZER;Software de computador
8165996143;LIBERTY SEGUROS;2022-03-08 11:00;2022-05-04 14:18;Negócio perdido;;;;;;;;;Financeiro;Sim;Enterprise - Macfor Dealflow;Sim;Sim;Sim;Sim;Nao;;;Financeiro;LIBERTY SEGUROS;Seguro
8126020723;SCANSOURCE;2022-03-04 15:57;2022-05-17 16:42;Negócio perdido;;;;;;;;;"Não é ICP; Nós Declinamos; Financeiro";Sim;Enterprise - Macfor Dealflow;Sim;Sim;Nao;Nao;Nao;;;"Não é ICP; Nós Declinamos; Financeiro";SCANSOURCE;Hardware de computador
8105310560;LANGUIRU;2022-03-02 19:22;2022-04-07 10:07;Negócio perdido;;;;;;;;;"Não é ICP; Nós Declinamos";Sim;Enterprise - Macfor Dealflow;Sim;Sim;Nao;Nao;Nao;;;"Não é ICP; Nós Declinamos";LANGUIRU;
8102366235;LOPES CONSULTORIA;2022-03-02 13:30;2022-04-20 12:14;Negócio perdido;;;;;;;;;Não é ICP;Sim;Enterprise - Macfor Dealflow;Sim;Sim;Nao;Nao;Nao;;;Não é ICP;LOPES CONSULTORIA;Imobiliária
7992981272;REDE GRAAL;2022-02-22 13:09;2022-07-19 18:00;Negócio perdido;;;;;;;;;"Desinteresse/Declinou; Sumiu";Sim;Enterprise - Macfor Dealflow;Sim;Sim;Nao;Nao;Nao;;;"Desinteresse/Declinou; Sumiu";REDE GRAAL;Restaurantes
7992382761;DONIZETE DISTRIBUIDORA;2022-02-22 11:31;2022-04-28 14:26;Negócio perdido;;;;;;;;;"Não é ICP; Sumiu; Nós Declinamos";Sim;Enterprise - Macfor Dealflow;Sim;Sim;Nao;Nao;Nao;;;"Não é ICP; Sumiu; Nós Declinamos";DONIZETE DISTRIBUIDORA;Logística e cadeia de suprimento
7941424019;UNICAMPO;2022-02-18 10:23;2022-03-30 14:39;Proposta Enviada (SQL);269234.28;;;;269234.28;269234.28;134617.14;134617.14;;Sim;Enterprise - Macfor Dealflow;Sim;Sim;Sim;Sim;Nao;269234.28;;;UNICAMPO;Agricultura
7874288537;GRUPO BARCELOS;2022-02-10 11:19;2022-04-20 12:14;Negócio perdido;;;;;;;;;Não é ICP;Sim;Enterprise - Macfor Dealflow;Sim;Sim;Nao;Nao;Nao;;;Não é ICP;GRUPO BARCELOS;Serviços jurídicos
7857425845;CNH INDUSTRIAL;2022-02-08 17:26;2022-05-04 14:18;Negócio perdido;;;;;;;;;Saiu da Empresa;Sim;Enterprise - Macfor Dealflow;Sim;Sim;Nao;Nao;Nao;;;Saiu da Empresa;CNH INDUSTRIAL;
7846319660;CITROSUCO;2022-02-07 15:52;2022-07-14 12:07;Cliente;717721.2;;;;717721.2;717721.2;717721.2;717721.2;;Sim;Enterprise - Macfor Dealflow;Sim;Sim;Sim;Sim;Sim;717721.2;;;CITROSUCO;Produção de alimentos
7845344878;BUONNY;2022-02-07 13:51;2022-04-20 12:24;Negócio perdido;;;;;;;;;Não é ICP;Sim;Enterprise - Macfor Dealflow;Sim;Sim;Nao;Nao;Nao;;;Não é ICP;BUONNY;Segurança e investigações
7843495456;AB BRASIL;2022-02-07 12:02;2022-05-17 16:20;Negócio perdido;;;;;;;;;Desinteresse/Declinou;Sim;Enterprise - Macfor Dealflow;Sim;Sim;Sim;Nao;Nao;;;Desinteresse/Declinou;IRB BRASIL;Seguro
7797871203;KWS GROUP;2022-02-02 14:08;2022-08-10 13:40;Negócio perdido;;;;;;;;;"Timing; Desinteresse/Declinou; Maturação";Sim;Enterprise - Macfor Dealflow;Sim;Sim;Nao;Nao;Nao;;;"Timing; Desinteresse/Declinou; Maturação";KWS GROUP;Agricultura
7795634522;PIRELLI;2022-02-02 11:27;;Negócio perdido;;;;;;;;;"Maturação; Timing";Sim;Enterprise - Macfor Dealflow;Sim;Sim;Sim;Nao;Nao;;;"Maturação; Timing";PIRELLI;Automotivo
7789205783;ESPORTE CLUBE;2022-02-01 16:12;2022-03-03 10:43;Negócio perdido;;;;;;;;;Desinteresse/Declinou;Sim;Enterprise - Macfor Dealflow;Sim;Sim;Nao;Nao;Nao;;;Desinteresse/Declinou;ESPORTE CLUBE;Esportes
7751609754;IC TRANSPORTES;2022-01-28 11:26;2022-04-07 10:16;Negócio perdido;;;;;;;;;"Não é ICP; Timing; Nós Declinamos";Sim;Enterprise - Macfor Dealflow;Sim;Sim;Nao;Nao;Nao;;;"Não é ICP; Timing; Nós Declinamos";IC TRANSPORTES;
7656709761;BLU LOGISTICS;2022-01-21 14:15;2022-04-20 12:15;Negócio perdido;;;;;;;;;Não é ICP;Sim;Enterprise - Macfor Dealflow;Sim;Sim;Nao;Nao;Nao;;;Não é ICP;BLU LOGISTICS;
7464886900;BROTO;2022-01-10 13:27;2022-04-20 12:28;Negócio perdido;;;;;;;;;"Maturação; Timing";Sim;Enterprise - Macfor Dealflow;Sim;Sim;Sim;Nao;Nao;;;"Maturação; Timing";BROTO;
7315686716;BRADESCO SEGUROS;2021-12-22 10:05;2022-02-14 12:31;Negócio perdido;;;;;;;;;Sumiu;Sim;Enterprise - Macfor Dealflow;Sim;Nao;Nao;Nao;Nao;;;Sumiu;BRADESCO SEGUROS;Seguro
7274350383;SONDA;2021-12-17 11:33;2022-04-20 12:22;Negócio perdido;;;;;;;;;"Timing; Maturação";Sim;Enterprise - Macfor Dealflow;Sim;Sim;Nao;Nao;Nao;;;"Timing; Maturação";SONEDA;
7254907909;STOCCHE FORBES;2021-12-15 10:14;;Negócio perdido;;;;;;;;;Sumiu;Sim;Enterprise - Macfor Dealflow;Sim;Sim;Nao;Nao;Nao;;;Sumiu;STOCCHE FORBES;Serviços jurídicos
7234053502;SAPORE;2021-12-13 11:46;2022-04-20 12:16;Negócio perdido;;;;;;;;;"Desinteresse/Declinou; Saiu da Empresa";Sim;Enterprise - Macfor Dealflow;Sim;Sim;Nao;Nao;Nao;;;"Desinteresse/Declinou; Saiu da Empresa";SAPORE;Restaurantes
7204413836;BSI;2021-12-09 15:08;;Negócio perdido;;;;;;;;;Não é ICP;Sim;Enterprise - Macfor Dealflow;Sim;Sim;Nao;Nao;Nao;;;Não é ICP;BSI;Consultoria de gestão
7195219797;GOMES DA;2021-12-08 13:14;2022-05-31 15:57;Negócio perdido;;;;;;;;;"Sumiu; Maturação";Sim;Enterprise - Macfor Dealflow;Sim;Sim;Nao;Nao;Nao;;;"Sumiu; Maturação";GOMES DA;Alimentos e bebidas
7069468764;ARLA FOODS;2021-12-02 15:44;;Negócio perdido;;;;;;;;;Timing;Sim;Enterprise - Macfor Dealflow;Sim;Sim;Nao;Nao;Nao;;;Timing;DELA FOODS;
7058385200;NTT DATA;2021-12-01 17:51;2022-04-20 12:11;Negócio perdido;;;;;;;;;"Maturação; Timing";Sim;Enterprise - Macfor Dealflow;Sim;Sim;Sim;Nao;Nao;;;"Maturação; Timing";NTT DATA;Software de computador
7059246430;BANCO NEXT;2021-12-01 17:43;2021-12-31 17:43;Negócio perdido;808140.0;;;;808140.0;808140.0;0.0;0.0;"Timing; Desinteresse/Declinou";Sim;Enterprise - Macfor Dealflow;Nao;Nao;Nao;Nao;Nao;808140.0;;"Timing; Desinteresse/Declinou";BANCO NEON;Serviços financeiros
7044610073;COPA AIRLINES;2021-11-30 09:49;2022-04-20 12:10;Negócio perdido;;;;;;;;;"Maturação; Timing";Sim;Enterprise - Macfor Dealflow;Sim;Sim;Sim;Nao;Nao;;;"Maturação; Timing";COPA AIRLINES;Linhas aéreas/aviação
6992349113;WEG;2021-11-23 11:32;2022-07-01 16:37;Negócio perdido;;;;;;;;;Sumiu;Sim;Enterprise - Macfor Dealflow;Sim;Sim;Sim;Nao;Nao;;;Sumiu;WEG;Fabricação elétrica/eletrônica
6964380599;BOM JESUS;2021-11-19 19:22;2021-12-01 18:19;Negócio perdido;;;;;;;;;"Desinteresse/Declinou; Timing";Sim;Enterprise - Macfor Dealflow;Sim;Sim;Nao;Nao;Nao;;;"Desinteresse/Declinou; Timing";BOM JESUS;
6939016495;ORAL SIN;2021-11-16 17:20;2022-05-17 16:25;Negócio perdido;458150.16;;;;458150.16;458150.16;0.0;0.0;"Fechou com Concorrente; Financeiro";Sim;Enterprise - Macfor Dealflow;Sim;Sim;Sim;Sim;Nao;458150.16;;"Fechou com Concorrente; Financeiro";ORAL SIN;
6908332884;START QUÍMICA;2021-11-12 13:22;2022-04-20 12:16;Negócio perdido;;;;;;;;;"Não é ICP; Financeiro";Sim;Enterprise - Macfor Dealflow;Sim;Sim;Sim;Nao;Nao;;;"Não é ICP; Financeiro";START QUÍMICA;
6899678592;KERRY;2021-11-11 15:38;;Negócio perdido;;;;;;;;;Não é ICP;Sim;Enterprise - Macfor Dealflow;Sim;Sim;Nao;Nao;Nao;;;Não é ICP;KERRY;Produção de alimentos
6873735277;URGO MEDICAL;2021-11-08 19:14;;Negócio perdido;;;;;;;;;"Financeiro; Fechou com Concorrente";Sim;Enterprise - Macfor Dealflow;Sim;Sim;Sim;Sim;Nao;;;"Financeiro; Fechou com Concorrente";URGO MEDICAL;
6867874965;ROYAL DE;2021-11-08 09:47;2022-04-20 12:16;Negócio perdido;;;;;;;;;Maturação;Sim;Enterprise - Macfor Dealflow;Sim;Sim;Sim;Nao;Nao;;;Maturação;ROYAL DE;
6831367721;NUTANIX;2021-11-03 12:33;2021-12-01 18:19;Negócio perdido;;;;;;;;;"Não é ICP; Nós Declinamos";Sim;Enterprise - Macfor Dealflow;Sim;Sim;Nao;Nao;Nao;;;"Não é ICP; Nós Declinamos";NUTANIX;Software de computador
8002485392;SYNGENTA -;2021-11-03 11:48;2022-02-28 11:47;Cliente;2500000.0;;;;2500000.0;2500000.0;2500000.0;2500000.0;;Sim;Enterprise - Macfor Dealflow;Sim;Sim;Sim;Sim;Sim;2500000.0;;;SYNGENTA;
6763861259;DELTA SUCROENERGIA;2021-10-27 11:20;2021-11-12 11:43;Negócio perdido;;;;;;;;;Financeiro;Sim;Enterprise - Macfor Dealflow;Sim;Sim;Nao;Nao;Nao;;;Financeiro;DELTA SUCROENERGIA;
6694150260;AURORA ALIMENTOS;2021-10-19 13:08;2021-10-31 13:08;Negócio perdido;562721.4;;;;562721.4;562721.4;0.0;0.0;"Desinteresse/Declinou; Sumiu";Sim;Enterprise - Macfor Dealflow;Sim;Sim;Sim;Sim;Nao;562721.4;;"Desinteresse/Declinou; Sumiu";ADORAR ALIMENTOS;
6686799431;CONSÓRCIO EMBRACON;2021-10-18 19:36;2021-12-01 18:20;Negócio perdido;;;;;;;;;"Não é ICP; Timing; Saiu da Empresa";Sim;Enterprise - Macfor Dealflow;Sim;Sim;Nao;Nao;Nao;;;"Não é ICP; Timing; Saiu da Empresa";CONSÓRCIO EMBRACON;Serviços financeiros
6633359955;MYRA;2021-10-15 10:52;2022-04-20 12:08;Negócio perdido;179238.0;;;;179238.0;179238.0;0.0;0.0;Desinteresse/Declinou;Sim;Enterprise - Macfor Dealflow;Sim;Sim;Sim;Sim;Nao;179238.0;;Desinteresse/Declinou;MYRA;
6615095564;SOPRA;2021-10-13 19:52;2021-12-01 18:23;Negócio perdido;;;;;;;;;Saiu da Empresa;Sim;Enterprise - Macfor Dealflow;Sim;Sim;Nao;Nao;Nao;;;Saiu da Empresa;SOPRA;Software de computador
6560859939;MSA SAFETY;2021-10-08 10:46;;Negócio perdido;;;;;;;;;"Não é ICP; Sumiu";Sim;Enterprise - Macfor Dealflow;Sim;Sim;Nao;Nao;Nao;;;"Não é ICP; Sumiu";MSA SAFETY;Segurança pública
6346212167;CONTINENTAL;2021-10-01 11:11;2022-04-20 12:10;Negócio perdido;;;;;;;;;"Maturação; Timing";Sim;Enterprise - Macfor Dealflow;Sim;Sim;Sim;Nao;Nao;;;"Maturação; Timing";CONTINENTAL;Automotivo
6324349316;SAMARCO;2021-09-28 20:51;2021-12-01 18:18;Negócio perdido;;;;;;;;;Não é ICP;Sim;Enterprise - Macfor Dealflow;Sim;Sim;Nao;Nao;Nao;;;Não é ICP;SAMARCO;Mineração e metais
6316252465;BRADO;2021-09-27 22:07;2022-04-20 12:22;Negócio perdido;;;;;;;;;Não é ICP;Sim;Enterprise - Macfor Dealflow;Sim;Sim;Nao;Nao;Nao;;;Não é ICP;BRADO;
6312610066;MARCOPOLO;2021-09-27 14:59;2021-12-01 18:18;Negócio perdido;;;;;;;;;"Desinteresse/Declinou; Timing";Sim;Enterprise - Macfor Dealflow;Sim;Sim;Nao;Nao;Nao;;;"Desinteresse/Declinou; Timing";MARCOPOLO;
6293527454;KINGSPAN ISOESTE;2021-09-24 17:28;2021-12-01 18:20;Negócio perdido;;;;;;;;;Timing;Sim;Enterprise - Macfor Dealflow;Sim;Sim;Nao;Nao;Nao;;;Timing;KINGSPAN ISOESTE;
6291157893;VERZANI &;2021-09-24 11:36;2022-04-20 12:11;Negócio perdido;;;;;;;;;Maturação;Sim;Enterprise - Macfor Dealflow;Sim;Sim;Sim;Nao;Nao;;;Maturação;VERZANI &;Tecnologia da informação e serviços
6276415809;KEPLER WEBER;2021-09-22 15:37;2021-11-10 16:50;Negócio perdido;;;;;;;;;"Financeiro; Nós Declinamos";Sim;Enterprise - Macfor Dealflow;Sim;Sim;Nao;Nao;Nao;;;"Financeiro; Nós Declinamos";KEPLER WEBER;
6218954632;ENGINEERING BRASIL;2021-09-15 09:54;2021-09-30 16:34;Negócio perdido;;;;;;;;;"Não é ICP; Timing";Sim;Enterprise - Macfor Dealflow;Sim;Sim;Nao;Nao;Nao;;;"Não é ICP; Timing";ENGINEERING BRASIL;Software de computador
6212368466;MINI KALZONE;2021-09-14 14:15;2021-10-21 02:46;Negócio perdido;;;;;;;;;"Não é ICP; Financeiro";Sim;Enterprise - Macfor Dealflow;Sim;Sim;Nao;Nao;Nao;;;"Não é ICP; Financeiro";MINI KALZONE;Restaurantes
6180906591;JABIL;2021-09-10 12:03;;Negócio perdido;;;;;;;;;"Não é ICP; Financeiro";Sim;Enterprise - Macfor Dealflow;Sim;Sim;Nao;Nao;Nao;;;"Não é ICP; Financeiro";JABIL;Fabricação elétrica/eletrônica
6180188332;ENGIE;2021-09-10 10:23;2022-07-01 16:36;Negócio perdido;;;;;;;;;Sumiu;Sim;Enterprise - Macfor Dealflow;Sim;Sim;Nao;Nao;Nao;;;Sumiu;ENGIE;
6165872256;INVITAE;2021-09-08 14:57;2021-09-16 11:35;Negócio perdido;;;;;;;;;Timing;Sim;Enterprise - Macfor Dealflow;Sim;Sim;Nao;Nao;Nao;;;Timing;INVITAE;Biotecnologia
6127033456;DROGARAIA;2021-09-02 19:14;2022-04-20 12:11;Negócio perdido;;;;;;;;;Maturação;Sim;Enterprise - Macfor Dealflow;Sim;Sim;Sim;Nao;Nao;;;Maturação;DROGA RAIA;Alimentos e bebidas
6088006146;AIR LIQUIDE;2021-09-01 16:35;2021-12-01 18:22;Negócio perdido;;;;;;;;;"Não é ICP; Timing";Sim;Enterprise - Macfor Dealflow;Sim;Sim;Nao;Nao;Nao;;;"Não é ICP; Timing";AIR LIQUIDE;Produtos químicos
6087747672;MACHADO MEYER;2021-09-01 16:16;2022-04-20 12:10;Negócio perdido;;;;;;;;;"Não é ICP; Financeiro";Sim;Enterprise - Macfor Dealflow;Sim;Sim;Sim;Nao;Nao;;;"Não é ICP; Financeiro";MACHADO MEYER;Serviços jurídicos
6087887756;BAT;2021-09-01 16:13;2022-02-15 15:09;Negócio perdido;;;;;;;;;Timing;Sim;Enterprise - Macfor Dealflow;Sim;Sim;Sim;Nao;Nao;;;Timing;BAT;Tabaco
6084431894;SPAR BRASIL;2021-09-01 08:48;2021-12-01 18:18;Negócio perdido;;;;;;;;;Sumiu;Sim;Enterprise - Macfor Dealflow;Sim;Sim;Nao;Nao;Nao;;;Sumiu;SPC BRASIL;Serviços financeiros
6041976395;SINTER FUTURA;2021-08-26 19:42;2021-09-28 20:25;Negócio perdido;;;;;;;;;Sumiu;Sim;Enterprise - Macfor Dealflow;Sim;Nao;Nao;Nao;Nao;;;Sumiu;SINTER FUTURA;Cosméticos
6030678162;PETZ;2021-08-25 11:48;2021-12-01 18:21;Negócio perdido;;;;;;;;;Maturação;Sim;Enterprise - Macfor Dealflow;Sim;Sim;Nao;Nao;Nao;;;Maturação;PETZ;
5987555472;SUPERA;2021-08-19 11:53;2022-03-11 17:07;Negócio perdido;;;;;;;;;Sumiu;Sim;Enterprise - Macfor Dealflow;Sim;Sim;Nao;Nao;Nao;;;Sumiu;SUPERA;Farmacêutica
5938792470;AGROPALMA;2021-08-16 10:34;2021-12-01 18:23;Negócio perdido;;;;;;;;;"Timing; Maturação";Sim;Enterprise - Macfor Dealflow;Sim;Sim;Nao;Nao;Nao;;;"Timing; Maturação";AGROPALMA;Petróleo e energia
5902794385;APSEN FARMACÊUTICA;2021-08-10 22:03;2021-09-10 19:19;Cliente;15488.68;;;;15488.68;15488.68;15488.68;15488.68;;Sim;Enterprise - Macfor Dealflow;Sim;Sim;Sim;Sim;Sim;15488.68;;;APSEN FARMACÊUTICA;Farmacêutica
5898899895;JAMES DELIVERY;2021-08-10 11:19;2022-03-11 17:07;Negócio perdido;;;;;;;;;Não é ICP;Sim;Enterprise - Macfor Dealflow;Sim;Sim;Nao;Nao;Nao;;;Não é ICP;JAMES DELIVERY;Software de computador
5870630303;SIM REDE;2021-08-06 15:17;2021-09-27 14:35;Negócio perdido;;;;;;;;;Maturação;Sim;Enterprise - Macfor Dealflow;Sim;Sim;Nao;Nao;Nao;;;Maturação;SIM REDE;
5868404302;FRÍSIA;2021-08-06 10:58;2021-10-29 18:48;Negociação;127874.04;;;;127874.04;127874.04;89511.828;89511.828;Financeiro;Sim;Enterprise - Macfor Dealflow;Sim;Sim;Sim;Sim;Nao;127874.04;;Financeiro;FRÍSIA;
5838111343;NEOGRID;2021-08-03 10:01;2022-08-10 13:42;Negócio perdido;928021.56;;;;928021.56;928021.56;0.0;0.0;"Desinteresse/Declinou; Maturação; Timing";Sim;Enterprise - Macfor Dealflow;Sim;Sim;Sim;Sim;Nao;928021.56;;"Desinteresse/Declinou; Maturação; Timing";NEOGRID;Software de computador
5804109126;COLGATE-PALMOLIVE;2021-07-29 17:52;2022-10-26 16:17;Negócio perdido;;;;;;;;;Sumiu;Sim;Enterprise - Macfor Dealflow;Sim;Sim;Sim;Nao;Nao;;;Sumiu;COLGATE-PALMOLIVE;
5730054705;KEPLER WEBER;2021-07-20 19:09;2021-08-04 13:54;Negócio perdido;;;;;;;;;Timing;Sim;Enterprise - Macfor Dealflow;Sim;Nao;Nao;Nao;Nao;;;Timing;KEPLER WEBER;
5721626449;EUROCHEM -;2021-07-19 17:22;2022-03-11 17:00;Negócio perdido;317610.12;;;;317610.12;317610.12;0.0;0.0;Sumiu;Sim;Enterprise - Macfor Dealflow;Sim;Sim;Sim;Sim;Nao;317610.12;;Sumiu;EUROCHEM;
5692550038;INMETRICS;2021-07-15 14:11;2021-10-18 15:21;Cliente;144000.0;;;;144000.0;144000.0;144000.0;144000.0;;Sim;Enterprise - Macfor Dealflow;Sim;Sim;Sim;Sim;Sim;144000.0;;;INMETRICS;Software de computador
5691537816;MERCK;2021-07-15 10:53;2022-02-15 15:09;Negócio perdido;;;;;;;;;Sumiu;Sim;Enterprise - Macfor Dealflow;Sim;Sim;Sim;Nao;Nao;;;Sumiu;MERCK;Farmacêutica
5685480874;COFCO;2021-07-14 15:57;2021-09-30 09:10;Negócio perdido;;;;;;;;;"Desinteresse/Declinou; Não é ICP";Sim;Enterprise - Macfor Dealflow;Sim;Sim;Nao;Nao;Nao;;;"Desinteresse/Declinou; Não é ICP";COFCO;
5666050879;LA MODA;2021-07-12 10:22;2022-03-11 17:03;Negócio perdido;;;;;;;;;Saiu da Empresa;Sim;Enterprise - Macfor Dealflow;Sim;Sim;Sim;Nao;Nao;;;Saiu da Empresa;LA MODA;Vestuário e moda
5635001694;META;2021-07-07 19:41;2021-09-30 10:17;Negócio perdido;;;;;;;;;"Não é ICP; Timing; Financeiro";Sim;Enterprise - Macfor Dealflow;Sim;Sim;Nao;Nao;Nao;;;"Não é ICP; Timing; Financeiro";META;Tecnologia da informação e serviços
5623783283;ATVOS;2021-07-06 15:15;2021-10-21 02:47;Negócio perdido;;;;;;;;;"Não é ICP; Desinteresse/Declinou";Sim;Enterprise - Macfor Dealflow;Sim;Sim;Nao;Nao;Nao;;;"Não é ICP; Desinteresse/Declinou";ATOS;
5616532641;PIRACANJUBA;2021-07-05 15:44;2021-07-23 16:02;Negócio perdido;;;;;;;;;Timing;Sim;Enterprise - Macfor Dealflow;Sim;Sim;Nao;Nao;Nao;;;Timing;PIRACANJUBA;
5616367132;LUMEN TECHNOLOGIES;2021-07-05 14:46;;Negócio perdido;804696.8;;;;804696.8;804696.8;0.0;0.0;"Desinteresse/Declinou; Financeiro; Sumiu";Sim;Enterprise - Macfor Dealflow;Sim;Sim;Sim;Sim;Nao;804696.8;;"Desinteresse/Declinou; Financeiro; Sumiu";LUMEN TECHNOLOGIES;Tecnologia da informação e serviços
5613586184;MADESA MÓVEIS;2021-07-05 09:31;;Negócio perdido;282109.2;;;;282109.2;282109.2;0.0;0.0;"Sumiu; Saiu da Empresa";Sim;Enterprise - Macfor Dealflow;Sim;Nao;Nao;Nao;Nao;282109.2;;"Sumiu; Saiu da Empresa";MADESA MÓVEIS;
5565405728;ACQIO;2021-06-29 10:52;2021-10-21 02:47;Negócio perdido;;;;;;;;;Não é ICP;Sim;Enterprise - Macfor Dealflow;Sim;Sim;Nao;Nao;Nao;;;Não é ICP;ACQIO;
5557094673;DELIVERY CENTER;2021-06-28 11:12;2021-08-23 12:17;Negócio perdido;;;;;;;;;Desinteresse/Declinou;Sim;Enterprise - Macfor Dealflow;Sim;Sim;Sim;Sim;Nao;;;Desinteresse/Declinou;DELIVERY CENTER;
5536620117;EUROFARMA -;2021-06-25 14:07;2021-08-31 12:10;Negócio perdido;53796.6;;;;53796.6;53796.6;0.0;0.0;Fechou com Concorrente;Sim;Enterprise - Macfor Dealflow;Sim;Sim;Sim;Sim;Nao;53796.6;;Fechou com Concorrente;EUROFARMA;
5516116233;ADECOAGRO;2021-06-23 13:13;2021-07-02 14:17;Negócio perdido;;;;;;;;;Não é ICP;Sim;Enterprise - Macfor Dealflow;Sim;Sim;Nao;Nao;Nao;;;Não é ICP;ADECOAGRO;
5514116482;SEGUROS SURA;2021-06-23 10:13;2021-12-01 18:21;Negócio perdido;;;;;;;;;Maturação;Sim;Enterprise - Macfor Dealflow;Sim;Sim;Nao;Nao;Nao;;;Maturação;SEGUROS SURA;Seguro
5496370183;GUARIDA IMÓVEIS;2021-06-21 14:52;2021-09-30 10:10;Negócio perdido;;;;;;;;;"Não é ICP; Timing; Nós Declinamos";Sim;Enterprise - Macfor Dealflow;Sim;Sim;Nao;Nao;Nao;;;"Não é ICP; Timing; Nós Declinamos";GUARIDA IMÓVEIS;Imobiliária
5480327742;RANDON S.A.;2021-06-18 09:40;2021-12-01 18:23;Negócio perdido;;;;;;;;;Não é ICP;Sim;Enterprise - Macfor Dealflow;Sim;Sim;Nao;Nao;Nao;;;Não é ICP;RANDON S.A.;Automotivo
5470511669;LOJAS BERLANDA;2021-06-16 18:10;2021-10-21 02:47;Negócio perdido;;;;;;;;;"Não é ICP; Nós Declinamos";Sim;Enterprise - Macfor Dealflow;Sim;Sim;Nao;Nao;Nao;;;"Não é ICP; Nós Declinamos";LOJAS BERLANDA;Eletrônicos de consumo
5442109042;INGRAM MICRO;2021-06-11 18:05;2022-03-11 17:03;Negócio perdido;;;;;;;;;Sumiu;Sim;Enterprise - Macfor Dealflow;Sim;Sim;Sim;Nao;Nao;;;Sumiu;INGRAM MICRO;Tecnologia da informação e serviços
5440817686;JLL;2021-06-11 11:32;2021-09-30 10:00;Negócio perdido;;;;;;;;;"Nós Declinamos; Não é ICP";Sim;Enterprise - Macfor Dealflow;Sim;Sim;Nao;Nao;Nao;;;"Nós Declinamos; Não é ICP";JLL;Imobiliária
5417136532;NISSIN FOODS;2021-06-07 09:40;2021-08-09 11:37;Negócio perdido;128898.71;;;;128898.71;128898.71;0.0;0.0;Financeiro;Sim;Enterprise - Macfor Dealflow;Sim;Sim;Sim;Sim;Nao;128898.71;;Financeiro;NISSIN FOODS;Alimentos e bebidas
5382207351;UISA;2021-06-01 11:14;2021-06-08 11:51;Negócio perdido;;;;;;;;;Maturação;Sim;Enterprise - Macfor Dealflow;Sim;Sim;Nao;Nao;Nao;;;Maturação;UISA;
5381991819;OTTOBOCK;2021-06-01 10:43;2021-09-22 14:02;Negócio perdido;251055.6;;;;251055.6;251055.6;0.0;0.0;"Financeiro; Desinteresse/Declinou";Sim;Enterprise - Macfor Dealflow;Sim;Sim;Sim;Sim;Sim;251055.6;;"Financeiro; Desinteresse/Declinou";OTTOBOCK;Farmacêutica
5359330094;EUROFARMA -;2021-05-27 15:34;2022-03-11 17:03;Negócio perdido;296439.72;;;;296439.72;296439.72;0.0;0.0;Timing;Sim;Enterprise - Macfor Dealflow;Sim;Sim;Sim;Sim;Nao;296439.72;;Timing;EUROFARMA;
5358144081;ALTERDATA SOFTWARE;2021-05-27 11:40;2022-03-16 16:39;Negócio perdido;194676.0;;;;194676.0;194676.0;0.0;0.0;"Financeiro; Timing";Sim;Enterprise - Macfor Dealflow;Sim;Sim;Sim;Sim;Nao;194676.0;;"Financeiro; Timing";ALTERDATA SOFTWARE;Software de computador
5357537637;YARA BRASIL;2021-05-27 08:43;2021-06-01 17:26;Negócio perdido;;;;;;;;;Maturação;Sim;Enterprise - Macfor Dealflow;Sim;Sim;Nao;Nao;Nao;;;Maturação;YARABRASIL;Produtos químicos
5346694803;UNIVERSIDADE LA;2021-05-25 12:14;2022-02-15 15:09;Negócio perdido;;;;;;;;;Sumiu;Sim;Enterprise - Macfor Dealflow;Sim;Sim;Nao;Nao;Nao;;;Sumiu;UNIVERSIDADE DE;Ensino superior
5346264983;MRS LOGISTICA;2021-05-25 11:28;2022-03-11 17:02;Negócio perdido;238082.76;;;;238082.76;238082.76;0.0;0.0;Financeiro;Sim;Enterprise - Macfor Dealflow;Sim;Sim;Sim;Sim;Nao;238082.76;;Financeiro;MRS LOGÍSTICA;
5301798719;SHOULDER;2021-05-19 19:48;2021-12-01 18:21;Negócio perdido;;;;;;;;;Financeiro;Sim;Enterprise - Macfor Dealflow;Sim;Sim;Nao;Nao;Nao;;;Financeiro;SHOULDER;Varejo
5293157493;PANASONIC;2021-05-18 17:41;2022-02-15 15:08;Negócio perdido;1021110.12;;;;1021110.12;1021110.12;0.0;0.0;Sumiu;Sim;Enterprise - Macfor Dealflow;Sim;Sim;Sim;Sim;Nao;1021110.12;;Sumiu;PANASONIC;Fabricação elétrica/eletrônica
5253626756;LIBERTY SEGUROS;2021-05-13 10:46;2022-03-11 17:03;Negócio perdido;;;;;;;;;Maturação;Sim;Enterprise - Macfor Dealflow;Sim;Sim;Sim;Nao;Nao;;;Maturação;LIBERTY SEGUROS;Seguro
5239041433;SYNGENTA -;2021-05-12 11:02;2021-06-21 14:25;Cliente;187500.0;;;;187500.0;187500.0;187500.0;187500.0;;Sim;Enterprise - Macfor Dealflow;Sim;Sim;Sim;Sim;Sim;187500.0;;;SYNGENTA;
5220031161;LOJAS BENOIT;2021-05-10 09:17;2021-06-21 11:06;Negócio perdido;201000.0;;;;201000.0;201000.0;0.0;0.0;Maturação;Sim;Enterprise - Macfor Dealflow;Sim;Sim;Sim;Sim;Nao;201000.0;;Maturação;LOJAS BENOIT;
5192868276;CAT PESA;2021-05-06 16:22;2021-06-01 16:08;Negócio perdido;18404.4;;;;18404.4;18404.4;0.0;0.0;"Financeiro; Nós Declinamos";Sim;Enterprise - Macfor Dealflow;Sim;Sim;Sim;Sim;Nao;18404.4;;"Financeiro; Nós Declinamos";CAT PESA;Maquinário
5129855612;EUROFARMA -;2021-04-29 16:12;2021-06-18 11:17;Cliente;436085.8;;;;436085.8;436085.8;436085.8;436085.8;;Sim;Enterprise - Macfor Dealflow;Sim;Sim;Sim;Sim;Sim;436085.8;;;EUROFARMA;
5127424545;SYNGENTA -;2021-04-29 11:51;2022-02-14 15:14;Negócio perdido;3084000.0;;;;3084000.0;3084000.0;0.0;0.0;Desinteresse/Declinou;Sim;Enterprise - Macfor Dealflow;Sim;Sim;Sim;Sim;Nao;3084000.0;;Desinteresse/Declinou;SYNGENTA;
5110682725;ASSURANT;2021-04-27 11:30;2022-03-11 17:01;Negócio perdido;233431.8;;;;233431.8;233431.8;0.0;0.0;Financeiro;Sim;Enterprise - Macfor Dealflow;Sim;Sim;Sim;Sim;Nao;233431.8;;Financeiro;ASSURANT;Seguro
5104893010;SERVENG CIVILSAN;2021-04-26 16:52;2021-06-21 18:09;Negócio perdido;;;;;;;;;Sumiu;Sim;Enterprise - Macfor Dealflow;Sim;Nao;Nao;Nao;Nao;;;Sumiu;SERVENG CIVILSAN;Construção
5043158529;COCAMAR;2021-04-19 12:36;2021-07-27 12:40;Cliente;183483.72;;;;183483.72;183483.72;183483.72;183483.72;;Sim;Enterprise - Macfor Dealflow;Sim;Sim;Sim;Sim;Sim;183483.72;;;COCAMAR;Produção de alimentos
4985313037;SANTA HELENA;2021-04-12 14:41;2021-05-31 12:47;Negócio perdido;227936.16;;;;227936.16;227936.16;0.0;0.0;"Fechou com Concorrente; Financeiro";Sim;Enterprise - Macfor Dealflow;Sim;Sim;Sim;Sim;Nao;227936.16;;"Fechou com Concorrente; Financeiro";SANTA HELENA;Produção de alimentos
4960833048;DIGIO;2021-04-08 16:29;2021-06-25 14:46;Cliente;861128.21;;;;861128.21;861128.21;861128.21;861128.21;Desinteresse/Declinou;Sim;Enterprise - Macfor Dealflow;Nao;Nao;Nao;Nao;Nao;861128.21;;Desinteresse/Declinou;DIGIO;
4850918233;BANCO DAYCOVAL;2021-03-26 15:55;2021-07-15 10:50;Negócio perdido;;;;;;;;;Sumiu;Sim;Enterprise - Macfor Dealflow;Sim;Sim;Nao;Nao;Nao;;;Sumiu;BANCO DAYCOVAL;Bancário
4827350932;ELETROBRAS;2021-03-25 19:06;2021-03-29 15:09;Negócio perdido;;;;;;;;;Não é ICP;Sim;Enterprise - Macfor Dealflow;Sim;Sim;Nao;Nao;Nao;;;Não é ICP;PETROBRAS;Petróleo e energia
4790799739;CARTÃO DE;2021-03-23 15:58;2021-06-18 19:39;Negócio perdido;138925.43;;;;138925.43;138925.43;0.0;0.0;"Desinteresse/Declinou; Financeiro";Sim;Enterprise - Macfor Dealflow;Sim;Sim;Sim;Sim;Nao;138925.43;;"Desinteresse/Declinou; Financeiro";CARTÃO DE;
4791125254;MART MINAS;2021-03-23 14:55;2021-09-22 19:59;Cliente;793482.72;;;;793482.72;793482.72;793482.72;793482.72;;Sim;Enterprise - Macfor Dealflow;Sim;Sim;Sim;Sim;Sim;793482.72;;;MART MINAS;Tecnologia da informação e serviços
4712384671;AL5 BANK;2021-03-18 15:29;2021-08-23 14:47;Negócio perdido;;;;;;;;;Maturação;Sim;Enterprise - Macfor Dealflow;Sim;Sim;Sim;Nao;Nao;;;Maturação;AL5 BANK;Bancário
4668934210;EUROFARMA -;2021-03-15 17:45;2021-07-15 12:10;Negócio perdido;276000.0;;;;276000.0;276000.0;0.0;0.0;Nós Declinamos;Sim;Enterprise - Macfor Dealflow;Sim;Sim;Sim;Sim;Nao;276000.0;;Nós Declinamos;EUROFARMA;
4610928009;AMAGGI;2021-03-10 19:12;2022-02-15 15:08;Negócio perdido;384438.0;;;;384438.0;384438.0;0.0;0.0;Financeiro;Sim;Enterprise - Macfor Dealflow;Sim;Sim;Sim;Sim;Nao;384438.0;;Financeiro;AMAGGI;
4610570597;EUROFARMA -;2021-03-10 17:19;2021-04-08 14:52;Cliente;11000.0;;;;11000.0;11000.0;11000.0;11000.0;;Sim;Enterprise - Macfor Dealflow;Sim;Sim;Sim;Sim;Sim;11000.0;;;EUROFARMA;
4608132510;VIVARA;2021-03-10 09:34;2021-04-19 10:08;Negócio perdido;;;;;;;;;Saiu da Empresa;Sim;Enterprise - Macfor Dealflow;Sim;Sim;Nao;Nao;Nao;;;Saiu da Empresa;VIVARA;
4531467448;AMBEV;2021-03-05 19:52;2021-04-27 11:30;Negócio perdido;;;;;;;;;Sumiu;Sim;Enterprise - Macfor Dealflow;Sim;Nao;Nao;Nao;Nao;;;Sumiu;AMBEV;Alimentos e bebidas
4269224969;STOLLER -;2021-02-21 20:04;2021-05-07 09:26;Cliente;174000.0;;;;174000.0;174000.0;174000.0;174000.0;;Sim;Enterprise - Macfor Dealflow;Sim;Sim;Sim;Sim;Sim;174000.0;;;STOLLER DO;Agricultura
4120219333;BARRY CALLEBAUT;2021-02-09 11:52;2021-03-18 21:51;Negócio perdido;40139.28;;;;40139.28;40139.28;0.0;0.0;Financeiro;Sim;Enterprise - Macfor Dealflow;Sim;Sim;Sim;Sim;Nao;40139.28;;Financeiro;BARRY CALLEBAUT;Produção de alimentos
4070221690;SUPERCAMPO;2021-02-01 15:09;2022-03-11 16:59;Negócio perdido;361949.76;;;;361949.76;361949.76;0.0;0.0;Saiu da Empresa;Sim;Enterprise - Macfor Dealflow;Sim;Sim;Sim;Sim;Sim;361949.76;;Saiu da Empresa;SUPERCAMPO;
4014966192;EUROFARMA -;2021-01-19 22:56;2021-03-29 21:21;Cliente;7286.0;;;;7286.0;7286.0;7286.0;7286.0;;Sim;Enterprise - Macfor Dealflow;Sim;Sim;Sim;Sim;Sim;7286.0;;;EUROFARMA;
3453054574;INTERNATIONAL COMMITTEE;2020-11-20 14:31;2021-01-12 14:41;Negócio perdido;93070.04;;;;93070.04;93070.04;0.0;0.0;Fechou com Concorrente;Sim;Enterprise - Macfor Dealflow;Sim;Sim;Sim;Sim;Nao;93070.04;;Fechou com Concorrente;INTERNATIONAL COMMITTEE;Organização cívica e social
3362452546;FUNDAÇÃO ESTUDAR;2020-11-10 16:08;2021-01-12 14:33;Negócio perdido;189838.68;;;;189838.68;189838.68;0.0;0.0;Não era decisor;Sim;Enterprise - Macfor Dealflow;Sim;Sim;Sim;Sim;Sim;189838.68;;Não era decisor;FUNDAÇÃO ESTUDAR;Gestão de organizações sem fins lucrativos
3269625040;EUROFARMA -;2020-10-29 17:27;2021-02-01 12:27;Negócio perdido;60000.0;;;;60000.0;60000.0;0.0;0.0;Fechou com Concorrente;Sim;Enterprise - Macfor Dealflow;Sim;Sim;Sim;Sim;Nao;60000.0;;Fechou com Concorrente;EUROFARMA;
3142655559;EMBRAMACO -;2020-10-13 12:50;2021-02-25 12:40;Negócio perdido;192268.08;;;;192268.08;192268.08;0.0;0.0;Nós Declinamos;Sim;Enterprise - Macfor Dealflow;Sim;Sim;Sim;Sim;Nao;192268.08;;Nós Declinamos;EMBRAMACO;Materiais de construção
3086522280;EUROFARMA -;2020-10-08 14:56;2021-01-12 14:34;Negócio perdido;20964.0;;;;20964.0;20964.0;0.0;0.0;Não era decisor;Sim;Enterprise - Macfor Dealflow;Sim;Sim;Sim;Sim;Sim;20964.0;;Não era decisor;EUROFARMA;
2980707361;THYSSENKRUPP SPRINGS;2020-09-23 11:44;2020-09-25 18:10;Cliente;8459.15;;;;8459.15;8459.15;8459.15;8459.15;;Sim;Enterprise - Macfor Dealflow;Sim;Sim;Sim;Sim;Sim;8459.15;;;THYSSENKRUPP SPRINGS;Mineração e metais
2459718282;UNIVERSIDADE DE;2020-07-21 14:17;2022-09-21 17:53;Negócio perdido;993341.96;;;;993341.96;993341.96;0.0;0.0;"Desinteresse/Declinou; Sumiu";Sim;Enterprise - Macfor Dealflow;Nao;Nao;Nao;Nao;Nao;993341.96;;"Desinteresse/Declinou; Sumiu";UNIVERSIDADE DE;Ensino superior
14196370523;NEGÓCIO DENTSPLY;2023-07-17 15:22;;Agendamentos (MQL);;;;;;;;;;Sim;Enterprise - Macfor Dealflow;Sim;Nao;Nao;Nao;Nao;;;;;
14058826584;NEGÓCIO KÄRCHER;2023-07-11 10:36;;Agendamentos (MQL);;;;;;;;;;Sim;Enterprise - Macfor Dealflow;Sim;Nao;Nao;Nao;Nao;;;;;
14046310302;NEGÓCIO MRV&CO;2023-07-10 14:59;;Agendamentos Aceitos (SAL);;;;;;;;;;Sim;Enterprise - Macfor Dealflow;Sim;Sim;Nao;Nao;Nao;;;;;
14044264861;NEGÓCIO BOMBRIL;2023-07-10 11:28;2023-07-10 15:01;Negócio perdido;;;;;;;;;Timing;Sim;Enterprise - Macfor Dealflow;Sim;Nao;Nao;Nao;Nao;;;Timing;;
13971262043;DALBEN;2023-07-03 00:00;;Proposta Enviada (SQL);;;;;;;;;;Sim;Enterprise - Macfor Dealflow;Sim;Sim;Nao;Nao;Nao;;;;;
13834896405;CONDOR SUPER;2023-06-23 15:11;;Agendamentos Aceitos (SAL);;;;;;;;;;Sim;Enterprise - Macfor Dealflow;Sim;Sim;Nao;Nao;Nao;;;;;
13422604381;COOXUPÉ -;2023-05-23 09:14;;Agendamentos Aceitos (SAL);;;;;;;;;;Sim;Enterprise - Macfor Dealflow;Sim;Sim;Nao;Nao;Nao;;;;;
13128409450;BANCO CARREFOUR;2023-04-24 22:39;;Negócio perdido;;;;;;;;;"Nós Declinamos; Financeiro";Sim;Enterprise - Macfor Dealflow;Sim;Sim;Nao;Nao;Nao;;;"Nós Declinamos; Financeiro";;
12972876903;NEGÓCIO JACTO;2023-04-13 16:08;;Agendamentos (MQL);;;;;;;;;;Sim;Enterprise - Macfor Dealflow;Sim;Nao;Nao;Nao;Nao;;;;;
12972551455;NEGÓCIO GRUPO;2023-04-13 14:25;;Agendamentos (MQL);;;;;;;;;;Sim;Enterprise - Macfor Dealflow;Sim;Nao;Nao;Nao;Nao;;;;;
13265384065;IAS;2023-04-08 00:00;;Contrato Enviado;200000.0;;;;200000.0;200000.0;190000.0;190000.0;;Sim;Enterprise - Macfor Dealflow;Sim;Sim;Sim;Sim;Nao;200000.0;;;;
13514421933;CITROSUCO RENOVAÇÃO;2023-02-28 00:00;;Contrato Enviado;921850.0;;;;921850.0;921850.0;875757.5;875757.5;;Sim;Enterprise - Macfor Dealflow;Nao;Nao;Nao;Nao;Nao;921850.0;;;;
12330851164;NEGÓCIO ITX;2023-02-27 14:43;;Agendamentos (MQL);;;;;;;;;;Sim;Enterprise - Macfor Dealflow;Sim;Nao;Nao;Nao;Nao;;;;;
12086241635;NEGÓCIO VIBRA;2023-02-09 12:17;;Agendamentos (MQL);;;;;;;;;;Sim;Enterprise - Macfor Dealflow;Sim;Sim;Nao;Nao;Nao;;;;;
12053554105;NEGÓCIO AMAGGI;2023-02-07 16:22;;Agendamentos (MQL);;;;;;;;;;Sim;Enterprise - Macfor Dealflow;Sim;Nao;Nao;Nao;Nao;;;;;
12053254730;NEGÓCIO AMAGGI;2023-02-07 16:21;;Agendamentos (MQL);;;;;;;;;;Sim;Enterprise - Macfor Dealflow;Sim;Nao;Nao;Nao;Nao;;;;;
11995742584;NEGÓCIO JLL;2023-02-02 18:59;;Agendamentos (MQL);;;;;;;;;;Sim;Enterprise - Macfor Dealflow;Sim;Nao;Nao;Nao;Nao;;;;;
11995618419;NEGÓCIO RANDON;2023-02-02 18:51;;Agendamentos (MQL);;;;;;;;;;Sim;Enterprise - Macfor Dealflow;Sim;Nao;Nao;Nao;Nao;;;;;
11995548005;NEGÓCIO OTTOBOCK;2023-02-02 18:46;;Agendamentos (MQL);;;;;;;;;;Sim;Enterprise - Macfor Dealflow;Sim;Nao;Nao;Nao;Nao;;;;;
11961457848;IMPLY RENTAL;2023-02-01 09:02;2023-02-28 09:01;Negócio perdido;;;;;;;;;"Timing; Nós Declinamos";Sim;Enterprise - Macfor Dealflow;Sim;Sim;Sim;Sim;Nao;;;"Timing; Nós Declinamos";;
13515773783;MRS;2023-01-30 00:00;;Negociação;275000.0;;;;275000.0;275000.0;192500.0;192500.0;;Sim;Enterprise - Macfor Dealflow;Nao;Nao;Nao;Nao;Nao;275000.0;;;;
11765199794;BRF PET;2023-01-19 13:45;;Negócio perdido;;;;;;;;;"Timing; Maturação";Sim;Enterprise - Macfor Dealflow;Sim;Sim;Sim;Nao;Nao;;;"Timing; Maturação";;
12100865450;COCAMAR ECOMM;2023-01-08 00:00;2023-04-03 10:13;Cliente;236280.0;;;;236280.0;236280.0;236280.0;236280.0;;Sim;Enterprise - Macfor Dealflow;Sim;Sim;Sim;Sim;Sim;236280.0;;;;
11370793629;EUROCHEM (RETORNO);2022-12-15 15:45;2022-12-31 15:45;Agendamentos Aceitos (SAL);;;;;;;;;;Sim;Enterprise - Macfor Dealflow;Sim;Sim;Nao;Nao;Nao;;;;;
11222170137;POTTENCIAL SEGURADORA;2022-12-05 08:56;2022-12-31 08:56;Negócio perdido;;;;;;;;;"Timing; Nós Declinamos";Sim;Enterprise - Macfor Dealflow;Sim;Sim;Nao;Nao;Nao;;;"Timing; Nós Declinamos";;
10984262837;NEGÓCIO LORD;2022-11-17 15:09;;Agendamentos (MQL);;;;;;;;;;Sim;Enterprise - Macfor Dealflow;Sim;Nao;Nao;Nao;Nao;;;;;
10766607698;NEGÓCIO JUSSARA;2022-11-01 09:16;;Agendamentos (MQL);;;;;;;;;;Sim;Enterprise - Macfor Dealflow;Sim;Sim;Nao;Nao;Nao;;;;;
10615291916;NEGÓCIO KWS;2022-10-19 09:15;;Agendamentos (MQL);;;;;;;;;;Sim;Enterprise - Macfor Dealflow;Sim;Nao;Nao;Nao;Nao;;;;;
10554387775;LOJA COCAMAR;2022-10-13 15:27;;Diagnóstico;;;;;;;;;;Sim;Enterprise - Macfor Dealflow;Sim;Sim;Sim;Nao;Nao;;;;;
10423344008;EMS;2022-10-03 10:27;;Negócio perdido;;;;;;;;;"Saiu da Empresa; Desinteresse/Declinou";Sim;Enterprise - Macfor Dealflow;Sim;Sim;Sim;Nao;Nao;;;"Saiu da Empresa; Desinteresse/Declinou";;
10289777579;COCAMAR -;2022-09-23 18:05;2022-11-24 12:07;Cliente;361995.96;;;;361995.96;361995.96;361995.96;361995.96;;Sim;Enterprise - Macfor Dealflow;Sim;Sim;Sim;Sim;Sim;361995.96;;;;
10279522896;3M -;2022-09-22 17:07;2022-10-26 16:16;Negócio perdido;;;;;;;;;Maturação;Sim;Enterprise - Macfor Dealflow;Sim;Sim;Sim;Nao;Nao;;;Maturação;;
10277598247;NEGÓCIO ENEL;2022-09-22 15:04;;Agendamentos (MQL);;;;;;;;;;Sim;Enterprise - Macfor Dealflow;Sim;Sim;Nao;Nao;Nao;;;;;
10288664398;EVERA BY;2022-09-16 11:47;2022-11-11 11:34;Cliente;463387.59;;;;463387.59;463387.59;463387.59;463387.59;;Sim;Enterprise - Macfor Dealflow;Sim;Sim;Sim;Sim;Sim;463387.59;;;;
10194908756;CBC;2022-09-15 11:54;2023-01-20 16:27;Negócio perdido;;;;;;;;;Não é ICP;Sim;Enterprise - Macfor Dealflow;Sim;Sim;Nao;Nao;Nao;;;Não é ICP;;
10070324108;NEGÓCIO ELETROBRAS;2022-09-05 13:47;;Agendamentos (MQL);;;;;;;;;;Sim;Enterprise - Macfor Dealflow;Sim;Nao;Nao;Nao;Nao;;;;;
10070151285;REDE SIM;2022-09-05 13:45;;Negócio perdido;;;;;;;;;"Financeiro; Maturação";Sim;Enterprise - Macfor Dealflow;Sim;Sim;Nao;Nao;Nao;;;"Financeiro; Maturação";;
9943275788;ARLAN;2022-08-26 11:53;;Agendamentos (MQL);;;;;;;;;;Sim;Enterprise - Macfor Dealflow;Sim;Nao;Nao;Nao;Nao;;;;;
9850189662;LUPO;2022-08-17 15:15;;Negócio perdido;;;;;;;;;Maturação;Sim;Enterprise - Macfor Dealflow;Sim;Nao;Nao;Nao;Nao;;;Maturação;;
9767065765;DIGIO -;2022-08-09 09:24;2022-08-31 09:24;Negócio perdido;9142.1;;;;9142.1;9142.1;0.0;0.0;Desinteresse/Declinou;Sim;Enterprise - Macfor Dealflow;Sim;Sim;Sim;Sim;Nao;9142.1;;Desinteresse/Declinou;;
9534720436;CHOPP BRAHMA;2022-07-19 14:08;;Negócio perdido;;;;;;;;;"Maturação; Desinteresse/Declinou; Timing";Sim;Enterprise - Macfor Dealflow;Sim;Sim;Sim;Sim;Nao;;;"Maturação; Desinteresse/Declinou; Timing";;
9367902616;DIGIO UPSELL;2022-07-01 17:45;2022-07-01 17:48;Cliente;10145.28;;;;10145.28;10145.28;10145.28;10145.28;;Sim;Enterprise - Macfor Dealflow;Sim;Nao;Nao;Nao;Nao;10145.28;;;;
9152980401;ORACLE |;2022-06-10 10:06;;Negócio perdido;;;;;;;;;Não é ICP;Sim;Enterprise - Macfor Dealflow;Sim;Sim;Nao;Nao;Nao;;;Não é ICP;;
8988575343;GILLETTE VENUS;2022-05-23 16:10;;Negócio perdido;;;;;;;;;"Timing; Maturação";Sim;Enterprise - Macfor Dealflow;Sim;Sim;Nao;Nao;Nao;;;"Timing; Maturação";;
8725975888;TINTAS EUCATEX;2022-04-26 18:16;2022-05-10 16:55;Negócio perdido;;;;;;;;;Não é ICP;Sim;Enterprise - Macfor Dealflow;Sim;Sim;Sim;Nao;Nao;;;Não é ICP;;
8510171833;CALÇADOS BIBI;2022-04-04 13:44;2023-01-20 16:27;Negócio perdido;;;;;;;;;"Desinteresse/Declinou; Sumiu";Sim;Enterprise - Macfor Dealflow;Sim;Sim;Sim;Nao;Nao;;;"Desinteresse/Declinou; Sumiu";;
8176775086;DIGIO II;2022-03-09 13:43;2022-06-07 10:41;Cliente;30557.45;;;;30557.45;30557.45;30557.45;30557.45;;Sim;Enterprise - Macfor Dealflow;Nao;Nao;Nao;Nao;Nao;30557.45;;;;
8168985964;TILIBRA /;2022-03-08 18:13;2022-05-17 16:20;Negócio perdido;;;;;;;;;"Timing; Desinteresse/Declinou";Sim;Enterprise - Macfor Dealflow;Sim;Sim;Sim;Nao;Nao;;;"Timing; Desinteresse/Declinou";;
8025843616;MRS II;2022-02-25 16:16;2022-03-04 17:07;Negócio perdido;;;;;;;;;Financeiro;Sim;Enterprise - Macfor Dealflow;Sim;Sim;Sim;Sim;Nao;;;Financeiro;;
7922933409;JUSSARA;2022-02-16 09:49;2022-06-13 08:43;Negócio perdido;;;;;;;;;"Financeiro; Timing";Sim;Enterprise - Macfor Dealflow;Sim;Sim;Sim;Sim;Nao;;;"Financeiro; Timing";;
7807798195;OTIS ELEVADORES;2022-02-03 13:53;2022-04-20 12:17;Negócio perdido;;;;;;;;;Maturação;Sim;Enterprise - Macfor Dealflow;Sim;Sim;Nao;Nao;Nao;;;Maturação;;
7751338290;COMITÊ INTERNACIONAL;2022-01-28 10:32;2022-03-02 14:41;Negócio perdido;1013610.24;;;;1013610.24;1013610.24;0.0;0.0;Financeiro;Sim;Enterprise - Macfor Dealflow;Sim;Nao;Nao;Nao;Nao;1013610.24;;Financeiro;;
7276813832;BANCO SAFRA;2021-12-17 15:16;2022-04-20 12:15;Negócio perdido;;;;;;;;;"Maturação; Timing";Sim;Enterprise - Macfor Dealflow;Sim;Sim;Nao;Nao;Nao;;;"Maturação; Timing";;
6912322909;ASSAÍ;2021-11-12 20:22;2022-04-20 12:15;Negócio perdido;;;;;;;;;"Não é ICP; Nós Declinamos";Sim;Enterprise - Macfor Dealflow;Sim;Sim;Nao;Nao;Nao;;;"Não é ICP; Nós Declinamos";;
6686826805;KROTON;2021-10-18 20:14;2021-12-01 18:22;Negócio perdido;;;;;;;;;Timing;Sim;Enterprise - Macfor Dealflow;Sim;Sim;Nao;Nao;Nao;;;Timing;;
5691587426;NIDERA;2021-07-15 10:49;2022-02-15 15:10;Negócio perdido;;;;;;;;;Sumiu;Sim;Enterprise - Macfor Dealflow;Sim;Sim;Sim;Nao;Nao;;;Sumiu;;
5596910186;TRASMONTANO SAÚDE;2021-07-02 19:04;;Negócio perdido;;;;;;;;;Sumiu;Sim;Enterprise - Macfor Dealflow;Sim;Sim;Nao;Nao;Nao;;;Sumiu;;
5575860547;OMRON;2021-06-30 16:17;2021-09-15 10:04;Negócio perdido;98680.0;;;;98680.0;98680.0;0.0;0.0;"Sumiu; Timing; Desinteresse/Declinou";Sim;Enterprise - Macfor Dealflow;Sim;Sim;Sim;Sim;Nao;98680.0;;"Sumiu; Timing; Desinteresse/Declinou";;
5383807092;GRUPO NOTREDAME;2021-06-01 17:08;2021-09-28 21:28;Negócio perdido;;;;;;;;;Timing;Sim;Enterprise - Macfor Dealflow;Sim;Sim;Sim;Nao;Nao;;;Timing;;
5315347558;COTY PAIXÃO;2021-05-21 09:09;2022-02-14 15:14;Negócio perdido;120000.0;;;;120000.0;120000.0;0.0;0.0;Desinteresse/Declinou;Sim;Enterprise - Macfor Dealflow;Sim;Sim;Sim;Nao;Nao;120000.0;;Desinteresse/Declinou;;
4877547103;BRADESCO;2021-03-30 12:50;2021-04-12 18:39;Negócio perdido;;;;;;;;;Desinteresse/Declinou;Sim;Enterprise - Macfor Dealflow;Sim;Sim;Nao;Nao;Nao;;;Desinteresse/Declinou;;
4697563018;UOL ADS;2021-03-17 12:39;2021-08-23 14:50;Negócio perdido;67200.0;;;;67200.0;67200.0;0.0;0.0;Sumiu;Sim;Enterprise - Macfor Dealflow;Sim;Sim;Sim;Sim;Nao;67200.0;;Sumiu;;
4610927467;CATERPILLAR INC.;2021-03-10 19:00;2021-04-29 11:46;Negócio perdido;;;;;;;;;Não é ICP;Sim;Enterprise - Macfor Dealflow;Sim;Sim;Sim;Nao;Nao;;;Não é ICP;;
4577929902;EVONIK -;2021-03-08 15:38;2021-04-27 11:33;Negócio perdido;354988.44;;;;354988.44;354988.44;0.0;0.0;Financeiro;Sim;Enterprise - Macfor Dealflow;Sim;Sim;Sim;Sim;Nao;354988.44;;Financeiro;;
4435660878;GTFOODS;2021-03-01 19:25;2021-04-16 13:09;Negócio perdido;;;;;;;;;Sumiu;Sim;Enterprise - Macfor Dealflow;Sim;Sim;Sim;Nao;Nao;;;Sumiu;;
4181316962;DENSO -;2021-02-18 22:48;2021-05-12 17:10;Negócio perdido;166324.2;;;;166324.2;166324.2;0.0;0.0;Fechou com Concorrente;Sim;Enterprise - Macfor Dealflow;Sim;Sim;Sim;Sim;Nao;166324.2;;Fechou com Concorrente;;
4171694807;BISTEK;2021-02-17 16:51;2021-04-16 13:09;Negócio perdido;;;;;;;;;Desinteresse/Declinou;Sim;Enterprise - Macfor Dealflow;Sim;Sim;Nao;Nao;Nao;;;Desinteresse/Declinou;;
4169278268;DENSO -;2021-02-17 15:39;2021-03-29 17:22;Negócio perdido;12770.3;;;;12770.3;12770.3;0.0;0.0;Fechou com Concorrente;Sim;Enterprise - Macfor Dealflow;Sim;Sim;Sim;Sim;Nao;12770.3;;Fechou com Concorrente;;
4127018290;CARGILL -;2021-02-10 20:50;2021-03-18 21:53;Negócio perdido;85138.57;;;;85138.57;85138.57;0.0;0.0;Sumiu;Sim;Enterprise - Macfor Dealflow;Sim;Sim;Sim;Sim;Nao;85138.57;;Sumiu;;
4078663637;MYRALIS PHARMA;2021-02-03 08:44;2021-04-28 10:02;Negócio perdido;;;;;;;;;Desinteresse/Declinou;Sim;Enterprise - Macfor Dealflow;Sim;Sim;Nao;Nao;Nao;;;Desinteresse/Declinou;;
4076605269;APSEN -;2021-02-02 19:59;2021-05-27 17:08;Cliente;1704000.0;;;;1704000.0;1704000.0;1704000.0;1704000.0;;Sim;Enterprise - Macfor Dealflow;Sim;Sim;Sim;Sim;Sim;1704000.0;;;;
4059518702;ESMALTEC ELETRODOMÉSTICOS;2021-01-29 19:40;2021-06-09 22:01;Negócio perdido;101000.0;;;;101000.0;101000.0;0.0;0.0;Sumiu;Sim;Enterprise - Macfor Dealflow;Sim;Sim;Sim;Sim;Nao;101000.0;;Sumiu;;
4026644143;BUNGE PROFISSIONAL;2021-01-22 11:05;2021-05-06 15:45;Cliente;296715.06;;;;296715.06;296715.06;296715.06;296715.06;;Sim;Enterprise - Macfor Dealflow;Sim;Sim;Sim;Sim;Sim;296715.06;;;;
4011819536;VOLVO -;2021-01-19 12:58;2021-03-18 21:52;Negócio perdido;;;;;;;;;Maturação;Sim;Enterprise - Macfor Dealflow;Sim;Sim;Sim;Nao;Nao;;;Maturação;;
3565923730;RAÍZEN (SHELL;2020-12-04 19:18;2021-03-18 21:52;Negócio perdido;;;;;;;;;Maturação;Sim;Enterprise - Macfor Dealflow;Sim;Sim;Sim;Nao;Nao;;;Maturação;;
3530577142;TINTAS EUCATEX;2020-11-26 17:27;2021-04-23 12:44;Negócio perdido;240000.0;;;;240000.0;240000.0;0.0;0.0;Desinteresse/Declinou;Sim;Enterprise - Macfor Dealflow;Sim;Sim;Sim;Sim;Nao;240000.0;;Desinteresse/Declinou;;
3488625670;CARGILL FOOD;2020-11-23 21:30;2021-03-18 21:51;Negócio perdido;147831.87;;;;147831.87;147831.87;0.0;0.0;Desinteresse/Declinou;Sim;Enterprise - Macfor Dealflow;Sim;Sim;Sim;Sim;Nao;147831.87;;Desinteresse/Declinou;;
3084963555;CARGILL GENUINE;2020-10-08 13:42;2021-03-16 17:47;Negócio perdido;120000.0;;;;120000.0;120000.0;0.0;0.0;Sumiu;Sim;Enterprise - Macfor Dealflow;Sim;Sim;Sim;Sim;Nao;120000.0;;Sumiu;;
3037214969;ASSURANT BEMMAIS;2020-10-01 18:27;2021-02-03 18:02;Cliente;287280.0;;;;287280.0;287280.0;287280.0;287280.0;;Sim;Enterprise - Macfor Dealflow;Sim;Sim;Sim;Sim;Sim;287280.0;;;;
2967535660;CARGILL FOOD;2020-09-21 12:03;2020-12-08 09:56;Negócio perdido;171242.75;;;;171242.75;171242.75;0.0;0.0;Desinteresse/Declinou;Sim;Enterprise - Macfor Dealflow;Sim;Sim;Sim;Sim;Nao;171242.75;;Desinteresse/Declinou;;
