"Record ID","Nome do negócio","Data de criação","Data da última modificação","Data da última atividade","Data de fechamento","Etapa do negócio","Valor","Valor do contrato anual","Receita anual recorrente","Valor total do contrato","Valor previsto","Valor na moeda da empresa","Valor do negócio projetado na moeda local","Valor do negócio projetado","Motivo de fechamento perdido","Data da próxima atividade"
"14250438037","Coda Payments","2023-07-20 13:20","2023-07-20 13:33","2023-07-20 13:20","","Agendamentos (MQL)","","","","","","","","","",""
"14214450446","Sicredi","2023-07-18 15:17","2023-07-21 13:45","2023-07-19 11:44","","Agendamentos (MQL)","","","","","","","","","",""
"14213381032","Getnet ","2023-07-18 14:09","2023-07-24 10:11","2023-07-24 10:11","","Agendamentos (MQL)","","","","","","","","","","2023-07-27 11:00"
"14197387609","Calçados Aniger","2023-07-17 16:25","2023-07-17 16:30","2023-07-17 16:25","","Agendamentos (MQL)","","","","","","","","","","2023-07-24 16:00"
"14196370523","Negócio Dentsply Sirona - Paula","2023-07-17 15:22","2023-07-17 15:22","2023-07-17 15:22","","Agendamentos (MQL)","","","","","","","","","",""
"14192131993","Itaú","2023-07-17 08:22","2023-07-21 12:12","2023-07-21 11:00","","Agendamentos Aceitos (SAL)","","","","","","","","","",""
"14150808694","Americas Trading Group","2023-07-14 09:37","2023-07-14 09:38","","2023-07-31 09:37","Agendamentos Aceitos (SAL)","","","","","","","","","",""
"14109118720","Hudl","2023-07-13 11:46","2023-07-21 09:45","2023-07-19 16:35","","Agendamentos Aceitos (SAL)","","","","","","","","","",""
"14102501033","Schmersal","2023-07-13 09:29","2023-07-13 09:33","2023-07-13 09:29","","Agendamentos (MQL)","","","","","","","","","",""
"14058957576","Kärcher","2023-07-11 10:39","2023-07-21 09:47","2023-07-20 11:58","","Agendamentos Aceitos (SAL)","","","","","","","","","",""
"14058826584","Negócio Kärcher - Davi","2023-07-11 10:36","2023-07-11 10:38","2023-07-11 10:36","","Agendamentos (MQL)","","","","","","","","","",""
"14046310302","MRV&Co","2023-07-10 14:59","2023-07-19 14:56","2023-07-13 09:30","","Agendamentos Aceitos (SAL)","","","","","","","","","",""
"14044264861","Negócio Bombril - Gustavo","2023-07-10 11:28","2023-07-10 15:01","2023-07-10 11:28","2023-07-10 15:01","Negócio perdido","","","","","","","","","Timing",""
"14012014890","Coopermota","2023-07-07 16:56","2023-07-14 11:10","2023-07-13 14:21","","Agendamentos Aceitos (SAL)","","","","","","","","","",""
"13998165266","Saint-Gobain","2023-07-06 16:34","2023-07-21 11:03","2023-07-18 11:13","","Proposta Enviada (SQL)","28000.0","","","","28000.0","28000.0","14000.0","14000.0","",""
"13998110809","Millium","2023-07-06 16:03","2023-07-07 09:46","2023-07-06 16:19","","Agendamentos Aceitos (SAL)","","","","","","","","","",""
"13995430544","Cacau Show","2023-07-06 13:46","2023-07-14 09:29","2023-07-12 16:34","","Agendamentos Aceitos (SAL)","","","","","","","","","",""
"13980635406","Grupo GPS ","2023-07-05 13:47","2023-07-24 10:36","2023-07-24 10:36","","Agendamentos Aceitos (SAL)","","","","","","","","","",""
"13978614688","Bombril","2023-07-05 09:27","2023-07-07 16:58","2023-07-07 14:00","2023-07-07 16:58","Negócio perdido","","","","","","","","","Timing",""
"13978649373","Paschoalotto","2023-07-05 09:20","2023-07-20 11:24","2023-07-06 14:27","","Agendamentos Aceitos (SAL)","","","","","","","","","",""
"13977428114","Piccadilly","2023-07-05 07:47","2023-07-17 09:03","2023-07-07 09:04","","Agendamentos Aceitos (SAL)","","","","","","","","","",""
"13977081120","Fitesa","2023-07-05 06:50","2023-07-17 09:03","2023-07-07 10:30","","Agendamentos Aceitos (SAL)","","","","","","","","","",""
"13967169613","Solinftec","2023-07-04 09:50","2023-07-11 10:40","2023-07-05 10:48","","Agendamentos Aceitos (SAL)","","","","","","","","","",""
"13971262043","Dalben","2023-07-03 00:00","2023-07-21 09:50","2023-07-20 18:59","","Proposta Enviada (SQL)","300000.0","","","","300000.0","300000.0","150000.0","150000.0","",""
"13969229060","Seres Motors","2023-07-03 00:00","2023-07-04 13:49","2023-07-04 13:46","","Agendamentos Aceitos (SAL)","","","","","","","","","",""
"13912182170","Dentsply Sirona","2023-06-29 14:54","2023-07-19 15:18","2023-07-06 17:48","","Negócio perdido","","","","","","","","","Financeiro; Timing; Não é ICP",""
"13911695518","Bernhoeft","2023-06-29 13:01","2023-07-20 11:36","2023-07-06 08:39","","Agendamentos Aceitos (SAL)","","","","","","","","","",""
"13898389069","Vittia","2023-06-28 09:40","2023-07-19 14:59","2023-07-07 11:32","","Proposta Enviada (SQL)","186000.0","","","","186000.0","186000.0","93000.0","93000.0","",""
"13888615997","Artecola Química","2023-06-27 17:54","2023-07-04 16:53","2023-06-29 15:45","","Negócio perdido","","","","","","","","","Timing; Maturação",""
"13868666770","Hospital Moinhos de Vento","2023-06-26 15:03","2023-07-19 15:25","2023-06-29 13:29","","Agendamentos Aceitos (SAL)","","","","","","","","","",""
"13834896405","Condor Super Center","2023-06-23 15:11","2023-06-30 10:06","2023-06-27 11:23","","Agendamentos Aceitos (SAL)","","","","","","","","","",""
"13804730662","Palladium Hotel","2023-06-21 10:37","2023-07-19 15:17","2023-06-21 10:58","","Agendamentos Aceitos (SAL)","","","","","","","","","",""
"13716191897","Unimed","2023-06-14 22:57","2023-07-20 11:39","2023-06-22 16:00","","Negócio perdido","","","","","","","","","Não é ICP; Nós Declinamos",""
"13691308357","Meliá Hotels","2023-06-13 14:16","2023-07-12 08:28","2023-07-10 15:24","","Agendamentos Aceitos (SAL)","","","","","","","","","",""
"13691851841","Ecogen Brasil","2023-06-13 12:26","2023-07-07 09:45","2023-07-04 16:44","","Negócio perdido","","","","","","","","","Maturação; Timing","2023-12-15 10:00"
"13690301517","Palladium Hotel","2023-06-13 10:58","2023-06-21 12:13","2023-06-21 10:35","","Agendamentos Aceitos (SAL)","","","","","","","","","",""
"13489361412","Hydac","2023-05-29 12:49","2023-06-29 08:20","2023-06-29 08:20","","Agendamentos (MQL)","","","","","","","","","",""
"13422604381","Cooxupé - Ecommerce","2023-05-23 09:14","2023-07-19 10:21","2023-06-14 14:58","","Agendamentos Aceitos (SAL)","","","","","","","","","",""
"13411720787","VAGAS.com","2023-05-22 09:34","2023-06-19 17:00","2023-06-05 19:27","","Negócio perdido","","","","","","","","","Maturação; Fechou com Concorrente",""
"13389429885","Heineken","2023-05-19 13:51","2023-06-16 12:17","2023-06-14 10:03","","Agendamentos Aceitos (SAL)","","","","","","","","","",""
"13357688177","Cooxupé","2023-05-16 16:10","2023-06-28 14:29","2023-05-17 15:23","","Agendamentos Aceitos (SAL)","","","","","","","","","",""
"13356360793","Vence Tudo","2023-05-16 15:17","2023-05-16 15:23","2023-05-16 15:17","","Agendamentos (MQL)","","","","","","","","","",""
"13316079946","Super Prix","2023-05-12 15:06","2023-07-19 15:43","2023-05-30 15:49","","Negócio perdido","","","","","","","","","Financeiro; Sumiu",""
"13315910518","Grupo Curimbaba","2023-05-12 14:24","2023-05-17 14:10","2023-05-17 14:10","","Agendamentos (MQL)","","","","","","","","","",""
"13279967134","Brasil Atacadista","2023-05-09 14:47","2023-07-19 15:13","2023-05-11 17:28","","Negócio perdido","","","","","","","","","Financeiro; Nós Declinamos",""
"13205725995","Saúde Petrobrás","2023-05-02 11:32","2023-07-19 15:36","2023-05-19 15:03","","Negócio perdido","","","","","","","","","Sumiu; Nós Declinamos; Não é ICP",""
"13159599031","Eurobike","2023-04-27 12:10","2023-05-12 10:55","2023-05-09 10:53","","Agendamentos Aceitos (SAL)","","","","","","","","","",""
"13128409450","Banco Carrefour","2023-04-24 22:39","2023-07-19 11:11","2023-04-28 08:01","","Negócio perdido","","","","","","","","","Nós Declinamos; Financeiro",""
"13057235528","Cocal","2023-04-19 10:03","2023-07-19 15:08","2023-05-31 10:30","","Negócio perdido","","","","","","","","","Timing; Nós Declinamos; Maturação",""
"12993392541","Positivo","2023-04-14 18:11","2023-07-16 23:57","2023-05-30 14:00","","Proposta Enviada (SQL)","400000.0","","","","400000.0","400000.0","200000.0","200000.0","",""
"12972876903","Negócio Jacto - Arêta","2023-04-13 16:08","2023-07-17 22:58","2023-05-29 09:24","","Agendamentos (MQL)","","","","","","","","","",""
"12972551455","Negócio Grupo Bertolini - Diego","2023-04-13 14:25","2023-05-30 17:58","2023-04-13 14:25","","Agendamentos (MQL)","","","","","","","","","",""
"13265384065","IAS","2023-04-08 00:00","2023-05-30 23:37","2023-05-29 13:30","","Contrato Enviado","200000.0","","","","200000.0","200000.0","190000.0","190000.0","",""
"12856570938","Itaú","2023-04-05 17:08","2023-06-28 14:35","2023-04-14 12:07","","Agendamentos Aceitos (SAL)","","","","","","","","","",""
"12826723072","Agrogalaxy","2023-04-03 16:53","2023-07-19 14:53","2023-04-10 15:36","","Negócio perdido","","","","","","","","","Nós Declinamos; Financeiro; Timing",""
"12776263680","Eurochem","2023-03-29 10:26","2023-07-19 15:11","2023-03-28 14:30","2023-03-31 10:26","Negócio perdido","720000.0","","","","720000.0","720000.0","0.0","0.0","Financeiro; Fechou com Concorrente; Desinteresse/Declinou",""
"12754190484","Isla Sementes","2023-03-28 18:00","2023-07-04 16:54","2023-04-04 15:52","","Negócio perdido","","","","","","","","","Financeiro",""
"12753468273","Sport Club Internacional","2023-03-28 16:05","2023-06-01 16:53","2023-04-25 12:04","","Negócio perdido","","","","","","","","","Financeiro",""
"12688511828","Verde AgriTech","2023-03-23 12:58","2023-07-04 16:52","2023-03-27 15:27","","Negócio perdido","","","","","","","","","Maturação; Timing",""
"12627287415","GDM Seeds","2023-03-20 14:41","2023-06-01 16:54","2023-05-03 09:10","2023-03-31 14:40","Negócio perdido","","","","","","","","","Fechou com Concorrente; Financeiro",""
"14266787179","Santander - Novo Negócio","2023-03-16 12:33","2023-07-24 09:40","2023-07-24 09:40","2023-07-31 12:32","Diagnóstico","147563.17","","","","147563.17","147563.17","59025.268000000004","59025.268000000004","",""
"12431223324","John Deere","2023-03-07 10:01","2023-06-15 13:29","2023-03-15 10:22","","Agendamentos Aceitos (SAL)","","","","","","","","","",""
"13514421933","Citrosuco Renovação ","2023-02-28 00:00","2023-07-16 23:55","2023-05-29 16:30","","Contrato Enviado","921850.0","","","","921850.0","921850.0","875757.5","875757.5","",""
"12334431491","Reservas Votorantim","2023-02-27 18:59","2023-07-19 14:44","2023-03-09 16:36","","Negócio perdido","","","","","","","","","Não é ICP; Maturação",""
"12330851164","Negócio ITX Gamer - Ana Lu","2023-02-27 14:43","2023-03-09 14:36","2023-03-06 10:30","","Agendamentos (MQL)","","","","","","","","","",""
"12268878875","Vitta Residencial","2023-02-22 12:30","2023-07-04 16:51","2023-03-01 11:34","","Negócio perdido","","","","","","","","","Financeiro",""
"12135020909","Grupo Salta Educação","2023-02-13 08:59","2023-07-19 15:24","2023-03-18 10:02","","Negócio perdido","","","","","","","","","Fechou com Concorrente; Maturação; Financeiro",""
"12087770387","Grupo Bertolini ","2023-02-09 12:44","2023-05-02 03:00","2023-02-09 15:46","","Negócio perdido","","","","","","","","","Timing; Maturação",""
"12086241635","Negócio Vibra - Sergio","2023-02-09 12:17","2023-05-30 17:58","2023-04-13 14:28","","Agendamentos (MQL)","","","","","","","","","",""
"12070187587","Lojas Benoit","2023-02-08 14:33","2023-07-19 15:38","2023-05-15 11:52","","Negócio perdido","","","","","","","","","Maturação; Timing; Desinteresse/Declinou",""
"12053554105","Negócio Amaggi - Renê","2023-02-07 16:22","2023-05-30 17:58","2023-02-13 09:31","","Agendamentos (MQL)","","","","","","","","","",""
"12053254730","Negócio Amaggi - Erika","2023-02-07 16:21","2023-05-30 17:58","2023-02-07 16:21","","Agendamentos (MQL)","","","","","","","","","",""
"11995742584","Negócio JLL - Helder","2023-02-02 18:59","2023-05-30 17:58","2023-02-02 18:59","","Agendamentos (MQL)","","","","","","","","","",""
"11995618419","Negócio RANDON S.A. - Sheila","2023-02-02 18:51","2023-05-30 17:58","2023-02-02 18:51","","Agendamentos (MQL)","","","","","","","","","",""
"11995548005","Negócio Ottobock - Rebeca","2023-02-02 18:46","2023-05-30 17:58","2023-02-02 18:46","","Agendamentos (MQL)","","","","","","","","","",""
"11961457848","Imply Rental","2023-02-01 09:02","2023-06-01 16:54","2023-05-09 10:17","2023-02-28 09:01","Negócio perdido","","","","","","","","","Timing; Nós Declinamos",""
"13515773783","MRS","2023-01-30 00:00","2023-07-16 23:56","2023-05-30 23:43","","Negociação","275000.0","","","","275000.0","275000.0","192500.0","192500.0","",""
"11765199794","BRF Pet","2023-01-19 13:45","2023-07-19 14:45","2023-03-02 11:36","","Negócio perdido","","","","","","","","","Timing; Maturação",""
"12536215896","Dom Atacadista","2023-01-14 00:00","2023-07-04 16:55","2023-03-08 14:30","","Negócio perdido","324000.0","","","","324000.0","324000.0","0.0","0.0","Maturação; Financeiro; Timing",""
"11646251827","DVA","2023-01-10 09:48","2023-07-20 11:43","2023-02-16 15:30","","Negócio perdido","","","","","","","","","Sumiu; Financeiro",""
"12100866664","Tembici","2023-01-08 00:00","2023-03-09 14:36","2023-02-03 16:00","","Agendamentos Aceitos (SAL)","","","","","","","","","",""
"12100865450","Cocamar Ecomm","2023-01-08 00:00","2023-05-17 16:00","2023-02-03 10:00","2023-04-03 10:13","Cliente","236280.0","","","","236280.0","236280.0","236280.0","236280.0","",""
"11557498281","Converse","2023-01-02 18:08","2023-04-03 09:34","2023-01-13 10:00","","Negócio perdido","","","","","","","","","Nós Declinamos",""
"11369948255","LOTS Group","2022-12-16 13:57","2023-04-03 09:39","2023-02-03 19:17","2022-12-31 13:57","Negócio perdido","","","","","","","","","Financeiro; Desinteresse/Declinou",""
"11370793629","Eurochem (Retorno)","2022-12-15 15:45","2023-03-29 18:44","2023-03-29 18:44","2022-12-31 15:45","Agendamentos Aceitos (SAL)","","","","","","","","","",""
"11266793340","SuperPrix","2022-12-08 08:55","2023-05-30 15:49","2023-05-30 15:49","2022-12-31 08:54","Negócio perdido","","","","","","","","","Sumiu",""
"11234907490","Fintechmagalu","2022-12-06 10:03","2023-03-09 14:37","2022-12-06 10:28","2022-12-31 10:02","Negócio perdido","","","","","","","","","Não é ICP",""
"11222170137","Pottencial Seguradora","2022-12-05 08:56","2023-07-13 19:39","2022-12-05 09:43","2022-12-31 08:56","Negócio perdido","","","","","","","","","Timing; Nós Declinamos",""
"11156847374","BRF","2022-11-30 08:56","2023-04-12 09:52","2022-11-30 09:23","2022-11-30 08:55","Negócio perdido","","","","","","","","","Timing; Desinteresse/Declinou",""
"11146533800","Banco next","2022-11-29 17:14","2023-06-21 19:48","2022-12-13 09:37","","Negócio perdido","","","","","","","","","Saiu da Empresa",""
"11074697233","Carrefour","2022-11-24 11:14","2023-07-20 11:09","2023-01-10 10:00","","Negócio perdido","","","","","","","","","Timing; Maturação",""
"11070312612","Grupo ATTO","2022-11-23 21:27","2023-04-03 09:40","2022-12-01 09:04","","Negócio perdido","","","","","","","","","Nós Declinamos",""
"11067648141","Agua de cheiro","2022-11-23 18:01","2023-05-30 17:58","2022-12-02 11:25","2022-11-30 18:00","Negócio perdido","","","","","","","","","Financeiro",""
"11027456697","Rennova","2022-11-21 10:27","2023-07-19 15:02","2022-11-25 10:10","","Agendamentos (MQL)","","","","","","","","","",""
"10994423655","Stara","2022-11-18 09:54","2023-07-19 15:28","2022-11-22 10:13","","Negócio perdido","","","","","","","","","Maturação; Timing",""
"10984262837","Negócio Lord Brasil - Maria","2022-11-17 15:09","2023-05-30 17:58","2023-04-20 09:41","","Agendamentos (MQL)","","","","","","","","","",""
"10995330926","Agrotoken","2022-11-17 11:54","2023-03-09 14:36","2023-01-11 11:00","2022-11-30 11:53","Negócio perdido","","","","","","","","","Fechou com Concorrente; Financeiro",""
"10980854596","Bebidas Poty","2022-11-17 10:46","2023-07-20 11:14","2022-11-24 10:54","","Negócio perdido","","","","","","","","","Timing; Financeiro",""
"10969649465","Rumo","2022-11-16 16:38","2023-03-09 14:36","2022-11-29 15:28","2022-11-23 11:30","Negócio perdido","","","","","","","","","Não é ICP; Financeiro",""
"10886978836","Evino","2022-11-10 16:39","2023-03-09 14:36","2022-11-22 12:47","2023-01-20 16:32","Negócio perdido","","","","","","","","","Maturação",""
"10859783191","Hospital Alemão Oswaldo Cruz","2022-11-08 16:46","2023-07-20 11:21","2022-11-09 19:33","","Negócio perdido","","","","","","","","","Saiu da Empresa",""
"10844814487","AD'ORO","2022-11-07 15:23","2023-05-30 17:58","2022-11-21 14:57","","Agendamentos (MQL)","","","","","","","","","",""
"10766607698","Jussara Laticineos - Retomada","2022-11-01 09:16","2023-07-19 14:59","2023-03-24 10:16","","Agendamentos (MQL)","","","","","","","","","",""
"10677021007","Accor","2022-10-24 16:35","2023-04-03 09:34","2022-11-10 14:18","","Negócio perdido","","","","","","","","","Desinteresse/Declinou; Financeiro",""
"10630221896","Wiley","2022-10-20 09:43","2023-04-03 09:41","2022-10-20 10:19","2022-10-31 09:41","Negócio perdido","","","","","","","","","Financeiro; Não é ICP",""
"10619139943","Nestlé","2022-10-19 16:16","2023-06-26 10:51","2022-10-26 15:00","","Negócio perdido","","","","","","","","","Maturação; Nós Declinamos",""
"10615291916","Negócio KWS Group - Bianca","2022-10-19 09:15","2023-05-30 17:58","2022-10-19 09:15","","Agendamentos (MQL)","","","","","","","","","",""
"10615749476","SPRAYTEC","2022-10-18 10:43","2023-04-03 09:41","2022-11-22 14:00","2022-10-31 10:42","Negócio perdido","","","","","","","","","Não é ICP",""
"10590690171","Zensa","2022-10-17 09:55","2023-07-20 11:28","2022-11-08 11:30","","Negócio perdido","","","","","","","","","Não é ICP",""
"10554387775","Loja Cocamar","2022-10-13 15:27","2023-03-21 10:04","2023-03-21 10:00","","Diagnóstico","","","","","","","","","",""
"10423344008","EMS","2022-10-03 10:27","2023-06-06 13:13","2022-11-21 14:09","","Negócio perdido","","","","","","","","","Saiu da Empresa; Desinteresse/Declinou",""
"10358562966","New Holland - Construction","2022-09-29 15:53","2023-07-04 16:55","2023-03-16 09:34","","Negócio perdido","","","","","","","","","Timing; Maturação",""
"10289777579","Cocamar - Retomada","2022-09-23 18:05","2023-03-13 15:03","2023-02-28 12:00","2022-11-24 12:07","Cliente","361995.96","","","","361995.96","361995.96","361995.96","361995.96","",""
"10282208687","Kuaishou","2022-09-22 21:56","2023-04-03 09:33","2022-10-11 10:47","","Negócio perdido","","","","","","","","","Timing; Desinteresse/Declinou",""
"10279522896","3M ","2022-09-22 17:07","2023-07-19 15:25","2023-02-13 08:00","2022-10-26 16:16","Negócio perdido","","","","","","","","","Maturação",""
"10277598247","Enel X ","2022-09-22 15:04","2023-07-20 11:48","2023-05-10 15:28","","Agendamentos (MQL)","","","","","","","","","",""
"10268226307","CNN Brasil","2022-09-21 17:25","2023-07-19 15:26","2022-09-23 11:31","","Negócio perdido","","","","","","","","","Sumiu; Timing",""
"10239355748","Nissan","2022-09-19 15:09","2023-04-03 09:33","2022-10-13 17:24","","Negócio perdido","","","","","","","","","Maturação; Saiu da Empresa",""
"10288664398","Evera by Citrosuco","2022-09-16 11:47","2023-03-13 15:12","2022-10-31 12:16","2022-11-11 11:34","Cliente","463387.59","","","","463387.59","463387.59","463387.59","463387.59","",""
"10194908756","CBC","2022-09-15 11:54","2023-07-19 15:28","2022-09-29 20:33","2023-01-20 16:27","Negócio perdido","","","","","","","","","Não é ICP",""
"10161938786","HONDA","2022-09-12 16:40","2023-07-04 16:56","2022-09-20 15:30","","Negócio perdido","","","","","","","","","Maturação; Desinteresse/Declinou; Timing",""
"10161251850","Gazin","2022-09-12 16:06","2023-07-20 11:11","2022-10-25 15:49","2023-01-20 16:27","Negócio perdido","","","","","","","","","Sumiu; Desinteresse/Declinou",""
"10160287395","Dpaschoal","2022-09-12 12:24","2023-07-20 11:24","2022-09-19 11:43","","Negócio perdido","","","","","","","","","Financeiro",""
"10117266732","Teuto","2022-09-08 15:00","2023-07-20 11:10","2022-09-29 19:37","2023-01-20 16:27","Negócio perdido","","","","","","","","","Financeiro",""
"10070324108","Negócio Eletrobras - Renata","2022-09-05 13:47","2023-05-30 17:58","2022-09-13 15:24","","Agendamentos (MQL)","","","","","","","","","",""
"10070151285","Rede Sim de Postos","2022-09-05 13:45","2023-07-19 14:59","2022-10-07 09:00","","Negócio perdido","","","","","","","","","Financeiro; Maturação",""
"10067849484","Portobello - Pointer","2022-09-05 11:44","2023-07-20 11:59","2022-09-20 09:36","2022-10-03 11:38","Negócio perdido","","","","","","","","","Financeiro; Não é ICP",""
"9943275788","Arlan","2022-08-26 11:53","2023-05-30 17:58","2022-09-27 16:00","","Agendamentos (MQL)","","","","","","","","","",""
"9942666548","PepsiCo","2022-08-26 09:52","2023-05-25 22:36","2022-10-10 11:36","","Agendamentos (MQL)","","","","","","","","","",""
"9922745002","Foco Aluguel de Carro","2022-08-24 16:55","2023-07-19 14:58","2022-10-03 17:41","","Negócio perdido","","","","","","","","","Financeiro; Timing",""
"9910334978","Grupo Líder","2022-08-23 15:08","2023-07-19 15:07","2022-10-26 15:30","","Negócio perdido","","","","","","","","","Não é ICP",""
"9907461386","We Pink","2022-08-23 11:32","2023-03-30 17:08","2022-08-23 14:47","","Negócio perdido","","","","","","","","","Não é ICP",""
"9892494180","JBS","2022-08-22 08:28","2023-06-26 10:51","2023-04-12 15:00","","Proposta Enviada (SQL)","","","","","","","","","",""
"9892391035","Bayer Pharmaceuticals","2022-08-22 08:28","2023-04-03 09:31","2022-08-23 14:30","","Negócio perdido","","","","","","","","","Não é ICP",""
"9872374867"," Petz - Retomada","2022-08-19 17:03","2023-07-19 15:20","2023-03-20 09:30","","Negócio perdido","","","","","","","","","Desinteresse/Declinou; Timing",""
"9850189662","Lupo","2022-08-17 15:15","2023-07-17 23:00","2023-05-04 14:01","","Negócio perdido","","","","","","","","","Maturação",""
"9849094535","Natura&CO","2022-08-17 14:05","2023-04-03 09:40","2022-10-11 09:40","","Negócio perdido","","","","","","","","","Maturação; Timing",""
"9781871227","Hospital Sírio-Libanês","2022-08-10 15:12","2023-06-28 14:35","2022-10-06 14:41","2023-03-21 11:54","Cliente","390961.92","","","","390961.92","390961.92","390961.92","390961.92","",""
"9767065765","Digio - Upsell III","2022-08-09 09:24","2023-03-13 15:18","2022-09-13 09:29","2022-08-31 09:24","Negócio perdido","9142.1","","","","9142.1","9142.1","0.0","0.0","Desinteresse/Declinou",""
"9694270742","Mart Minas - Renovação 50%","2022-08-03 23:52","2023-03-09 14:36","2022-10-04 15:03","2022-09-07 21:28","Cliente","404911.98","","","","404911.98","404911.98","404911.98","404911.98","",""
"9691251818","Zoop","2022-08-03 14:24","2023-07-19 14:47","2022-08-11 14:31","","Negócio perdido","","","","","","","","","Timing; Saiu da Empresa; Não é ICP; Financeiro",""
"9671392000","Grupo Multitécnica","2022-08-01 22:26","2023-04-03 09:32","2022-09-16 11:29","","Negócio perdido","","","","","","","","","Financeiro; Nós Declinamos",""
"9556284505","Ultragaz","2022-07-21 15:29","2023-03-09 14:36","2022-08-02 16:28","2022-10-07 14:44","Negócio perdido","","","","","","","","","Não é ICP",""
"9554698256","Grupo Oncoclinicas","2022-07-21 12:54","2023-03-09 14:36","2022-08-11 15:33","","Negócio perdido","","","","","","","","","Timing; Maturação",""
"9535985760","WAP","2022-07-19 17:08","2023-07-20 11:12","2022-07-22 14:27","","Negócio perdido","","","","","","","","","Financeiro; Timing",""
"9534720436","Chopp Brahma Express","2022-07-19 14:08","2023-07-20 11:33","2023-05-10 17:21","","Negócio perdido","","","","","","","","","Maturação; Desinteresse/Declinou; Timing",""
"9533639733","Moura Dubeux","2022-07-19 11:37","2023-04-03 09:30","2022-07-26 09:00","","Negócio perdido","","","","","","","","","Sumiu; Nós Declinamos",""
"9714001725","Prime Cursos II  Upsell","2022-07-15 11:49","2023-03-09 14:36","2022-08-12 09:00","2022-08-31 11:47","Negócio perdido","","","","","","","","","Desinteresse/Declinou; Timing",""
"9492773640","Pamplona Alimentos","2022-07-14 08:20","2023-03-09 14:36","2022-09-23 12:38","2022-10-19 18:30","Negócio perdido","622968.24","","","","622968.24","622968.24","0.0","0.0","Timing",""
"9458850179","Renault","2022-07-11 11:43","2023-03-13 15:18","2022-08-11 09:00","","Negócio perdido","","","","","","","","","Saiu da Empresa; Sumiu",""
"9435779855","Mallory Eletroportáteis ","2022-07-08 15:22","2023-06-01 10:16","2022-08-30 15:10","","Negócio perdido","","","","","","","","","Financeiro",""
"9434955293","Embelleze","2022-07-07 12:09","2023-07-13 09:41","2022-08-12 10:36","2022-07-31 12:03","Negócio perdido","","","","","","","","","Nós Declinamos",""
"9403380807","BRB - Banco de Brasília","2022-07-05 16:11","2023-07-20 11:54","2023-05-15 10:42","","Negócio perdido","","","","","","","","","Maturação; Timing; Desinteresse/Declinou",""
"9367902616","Digio Upsell III","2022-07-01 17:45","2023-03-13 15:17","2022-09-13 09:29","2022-07-01 17:48","Cliente","10145.28","","","","10145.28","10145.28","10145.28","10145.28","",""
"9342483878","Alper Seguros","2022-06-29 10:46","2023-03-13 15:16","2022-09-15 11:28","","Negócio perdido","","","","","","","","","Desinteresse/Declinou; Financeiro",""
"9335197262","Mosaic Brasil","2022-06-28 16:26","2023-03-09 14:36","2022-07-18 15:00","2022-08-10 13:41","Negócio perdido","","","","","","","","","Fechou com Concorrente; Financeiro",""
"9335038859","Cencosud","2022-06-28 16:26","2023-03-09 14:36","2022-07-21 15:15","","Negociação","950000.0","","","","950000.0","950000.0","665000.0","665000.0","",""
"9321003094"," Jacto","2022-06-27 15:25","2023-07-17 22:58","2022-10-03 17:40","","Negócio perdido","","","","","","","","","Maturação",""
"9320851333","Sonda Supermercados","2022-06-27 15:17","2023-07-19 15:26","2023-05-02 10:23","2022-08-10 13:43","Negócio perdido","","","","","","","","","Sumiu; Não é ICP",""
"9266863369","Leite de Rosas","2022-06-21 18:39","2023-03-09 14:36","2022-07-15 16:00","","Negócio perdido","","","","","","","","","Desinteresse/Declinou; Sumiu",""
"9152980401","Oracle | GA4","2022-06-10 10:06","2023-04-03 09:31","2022-08-09 16:15","","Negócio perdido","","","","","","","","","Não é ICP",""
"9145229174","Ayumi Supermercados","2022-06-09 18:22","2023-03-09 14:36","2022-06-22 10:46","2022-08-10 13:39","Negócio perdido","","","","","","","","","Financeiro; Maturação",""
"9142920225","Bombril ","2022-06-09 12:32","2023-07-19 15:09","2022-07-04 19:14","","Negócio perdido","510000.0","","","","510000.0","510000.0","0.0","0.0","Fechou com Concorrente; Financeiro",""
"9134056239"," Enxuto Supermercados ","2022-06-08 16:10","2023-06-22 11:12","2022-07-07 18:27","2022-08-09 16:18","Negócio perdido","","","","","","","","","Financeiro",""
"9059767372","Zenatur","2022-05-31 16:06","2023-03-09 14:36","2022-06-24 11:09","2022-08-10 13:41","Negócio perdido","","","","","","","","","Não é ICP",""
"8988575343","Gillette Venus","2022-05-23 16:10","2023-05-30 17:58","2022-06-01 17:07","","Negócio perdido","","","","","","","","","Timing; Maturação",""
"8947390720","Celeiro Supermercados","2022-05-18 15:02","2023-07-19 14:43","2022-06-03 11:00","2022-06-06 11:16","Negócio perdido","","","","","","","","","Financeiro; Não é ICP; Nós Declinamos",""
"8938556759","Barry Callebaut","2022-05-17 16:41","2023-04-03 09:42","2022-06-01 11:00","2022-05-31 16:41","Negócio perdido","","","","","","","","","Sumiu",""
"8891831424","Prima Foods ","2022-05-12 12:46","2023-07-19 15:09","2022-05-19 16:13","2022-05-31 16:02","Negócio perdido","","","","","","","","","Financeiro; Não é ICP",""
"8860080758","Iquegami Supermercados","2022-05-09 17:09","2023-03-09 14:37","2022-06-10 10:00","","Negócio perdido","","","","","","","","","Financeiro; Não é ICP",""
"9185739073","Farmadelivery II ","2022-05-06 00:00","2023-05-12 10:13","2022-07-11 17:00","2022-11-11 11:34","Cliente","616536.0","","","","616536.0","616536.0","616536.0","616536.0","",""
"8785636688","NK Sementes (Syngenta) - Portal","2022-05-02 14:03","2023-03-09 14:37","2022-05-30 19:37","2023-02-09 10:04","Negócio perdido","720000.0","","","","720000.0","720000.0","0.0","0.0","Financeiro",""
"8784596653","Valmont","2022-05-02 11:54","2023-04-03 09:29","2022-06-30 08:57","2022-05-17 16:42","Negócio perdido","","","","","","","","","Timing; Nós Declinamos",""
"8808339045","Nim Genetics","2022-05-02 00:00","2023-03-09 14:36","2022-06-30 17:51","2022-07-04 19:01","Cliente","217872.0","","","","217872.0","217872.0","217872.0","217872.0","",""
"8725975888","Tintas Eucatex II","2022-04-26 18:16","2023-03-09 14:36","2022-05-11 08:28","2022-05-10 16:55","Negócio perdido","","","","","","","","","Não é ICP",""
"8525141673","Rocha Terminais Portuários e Logística","2022-04-05 15:00","2023-07-19 15:21","2022-05-24 15:25","2022-05-31 15:57","Negócio perdido","","","","","","","","","Não é ICP",""
"8521807490","Grupo Redebrasil","2022-04-05 11:03","2023-03-09 14:36","2022-04-07 15:25","2022-04-20 12:13","Negócio perdido","","","","","","","","","Maturação",""
"8510171833","Calçados Bibi","2022-04-04 13:44","2023-06-21 13:27","2022-07-07 11:53","2023-01-20 16:27","Negócio perdido","","","","","","","","","Desinteresse/Declinou; Sumiu",""
"8509054492","Leão ","2022-04-04 12:30","2023-07-19 15:40","2023-04-19 08:27","","Negócio perdido","","","","","","","","","Saiu da Empresa; Timing; Desinteresse/Declinou",""
"8444212021","Unipac","2022-04-01 17:47","2023-03-09 14:36","2022-04-08 10:45","2022-04-20 12:19","Negócio perdido","","","","","","","","","Financeiro; Não é ICP",""
"8437713017","EUCATUR","2022-04-01 15:20","2023-03-09 14:36","2022-04-06 11:49","2022-04-06 11:49","Negócio perdido","","","","","","","","","Financeiro; Não é ICP",""
"8401843003"," Castrillon Autopeças","2022-03-30 08:12","2023-07-19 14:47","2022-04-20 17:28","2022-05-17 16:42","Negócio perdido","","","","","","","","","Não é ICP",""
"8391202363","Metalúrgica Fey ","2022-03-29 16:42","2023-03-09 14:36","2022-04-10 15:35","2022-04-10 15:16","Negócio perdido","","","","","","","","","Timing; Maturação",""
"8344505364"," VetBR Saúde Animal ","2022-03-24 11:56","2023-07-20 11:25","2022-04-01 16:00","2022-04-20 12:13","Negócio perdido","","","","","","","","","Nós Declinamos; Não é ICP",""
"8343752003","AD'ORO","2022-03-24 09:36","2023-07-19 15:38","2022-11-21 14:57","2022-05-31 15:59","Negócio perdido","","","","","","","","","Fechou com Concorrente; Timing; Maturação",""
"8322344064","Grupo Semar Supermercados","2022-03-23 11:39","2023-07-19 15:20","2022-07-08 18:02","2022-08-09 16:18","Negócio perdido","","","","","","","","","Sumiu; Desinteresse/Declinou",""
"8304208765","SAS Plataforma de Educação","2022-03-21 16:49","2023-07-19 14:50","2023-05-10 15:21","","Negócio perdido","307308.0","","","","307308.0","307308.0","0.0","0.0","Timing; Desinteresse/Declinou; Maturação",""
"8301515184","Grupo Priner","2022-03-21 12:03","2023-07-19 15:27","2022-03-28 14:05","2022-04-07 09:52","Negócio perdido","","","","","","","","","Não é ICP; Nós Declinamos",""
"8264520809","APSA","2022-03-18 17:35","2023-07-20 11:13","2022-04-04 16:00","2022-04-20 12:20","Negócio perdido","","","","","","","","","Nós Declinamos; Não é ICP",""
"8263921938","Lunelli","2022-03-18 16:58","2023-06-19 08:18","2022-07-14 11:38","2022-07-14 11:37","Negócio perdido","","","","","","","","","Timing; Sumiu",""
"8253354841","Prodap","2022-03-17 17:22","2023-03-09 14:37","2022-04-13 10:16","2022-06-13 08:50","Negócio perdido","","","","","","","","","Sumiu; Timing",""
"8239766660","Shopping Recife","2022-03-16 10:16","2023-03-09 14:36","2022-03-23 14:43","2022-04-20 12:14","Negócio perdido","","","","","","","","","Maturação; Não é ICP; Timing",""
"8235144739"," Porto Itapoá","2022-03-15 22:01","2023-07-20 11:23","2022-08-10 08:00","2022-08-24 11:12","Proposta Enviada (SQL)","445722.96","","","","445722.96","445722.96","222861.48","222861.48","",""
"8242183344","Alterdata Software II","2022-03-15 16:39","2023-03-09 14:36","2022-04-28 14:50","2022-07-04 16:22","Negócio perdido","","","","","","","","","Timing; Não é ICP",""
"8230722315","Wiz Soluções","2022-03-15 11:50","2023-07-19 15:12","2022-09-06 12:25","2022-10-19 18:30","Negócio perdido","","","","","","","","","Saiu da Empresa",""
"8230620996"," Vale","2022-03-15 11:34","2023-06-26 10:50","2022-03-18 17:30","2022-04-20 12:17","Negócio perdido","","","","","","","","","Não é ICP",""
"8218762164","Medabil","2022-03-14 11:21","2023-03-09 14:36","2022-03-21 11:00","2022-04-20 12:14","Negócio perdido","","","","","","","","","Não é ICP",""
"8218716681","Freitas Varejo","2022-03-14 10:55","2023-07-19 15:45","2022-05-09 17:30","2022-05-09 17:32","Negócio perdido","","","","","","","","","Timing; Maturação",""
"8195134813","Hospital Ernesto Dornelles","2022-03-11 09:59","2023-03-09 14:36","2022-04-08 10:00","2022-05-09 15:35","Negócio perdido","","","","","","","","","Não é ICP; Nós Declinamos",""
"8188477081","7COMm","2022-03-10 17:34","2023-03-09 14:36","2022-04-05 18:53","2022-07-01 16:36","Negócio perdido","","","","","","","","","Não é ICP; Sumiu",""
"8184437058","Daki ","2022-03-10 10:56","2023-07-19 15:31","2022-03-15 16:42","2022-04-20 12:18","Negócio perdido","","","","","","","","","Maturação",""
"8184436663","NBCUniversal","2022-03-10 10:54","2023-07-19 15:33","2022-03-16 16:33","2022-05-31 16:00","Negócio perdido","","","","","","","","","Maturação; Timing",""
"8176898414","Grupo OR II - Upsell","2022-03-09 13:43","2023-03-09 14:36","2022-02-09 15:00","2022-04-20 12:09","Negócio perdido","","","","","","","","","Nós Declinamos",""
"8176775086","Digio II - Upsell (GA + LP + GD)","2022-03-09 13:43","2023-03-13 15:17","2022-09-13 09:29","2022-06-07 10:41","Cliente","30557.45","","","","30557.45","30557.45","30557.45","30557.45","",""
"8169055888","UnidaSul","2022-03-08 18:23","2023-07-19 14:42","2022-03-18 16:07","2022-05-17 16:42","Negócio perdido","","","","","","","","","Nós Declinamos; Financeiro",""
"8168985964","Tilibra / ACCO Brands ","2022-03-08 18:13","2023-03-09 14:37","2022-04-13 14:33","2022-05-17 16:20","Negócio perdido","","","","","","","","","Timing; Desinteresse/Declinou",""
"8168954119","Deezer","2022-03-08 17:08","2023-07-20 11:32","2023-04-15 12:29","2022-07-06 11:54","Cliente","636000.0","","","","636000.0","636000.0","636000.0","636000.0","",""
"8165996143","Liberty Seguros - Affinity","2022-03-08 11:00","2023-07-20 11:14","2022-04-04 13:45","2022-05-04 14:18","Negócio perdido","","","","","","","","","Financeiro",""
"8126020723","ScanSource","2022-03-04 15:57","2023-07-20 11:53","2022-03-07 17:02","2022-05-17 16:42","Negócio perdido","","","","","","","","","Não é ICP; Nós Declinamos; Financeiro",""
"8105310560","Languiru","2022-03-02 19:22","2023-07-19 15:00","2022-03-07 16:30","2022-04-07 10:07","Negócio perdido","","","","","","","","","Não é ICP; Nós Declinamos",""
"8102366235","Lopes Consultoria de Imóveis ","2022-03-02 13:30","2023-03-09 14:36","2022-03-03 17:00","2022-04-20 12:14","Negócio perdido","","","","","","","","","Não é ICP",""
"8025843616","MRS II","2022-02-25 16:16","2023-05-03 22:26","2022-03-04 19:29","2022-03-04 17:07","Negócio perdido","","","","","","","","","Financeiro",""
"7992981272","Rede Graal","2022-02-22 13:09","2023-03-09 14:36","2022-05-17 17:31","2022-07-19 18:00","Negócio perdido","","","","","","","","","Desinteresse/Declinou; Sumiu",""
"7992382761","Donizete Distribuidora","2022-02-22 11:31","2023-07-20 11:13","2022-04-12 10:08","2022-04-28 14:26","Negócio perdido","","","","","","","","","Não é ICP; Sumiu; Nós Declinamos",""
"7941424019","Unicampo","2022-02-18 10:23","2023-03-09 14:37","2022-04-05 19:03","2022-03-30 14:39","Proposta Enviada (SQL)","269234.28","","","","269234.28","269234.28","134617.14","134617.14","",""
"7922933409","Jussara","2022-02-16 09:49","2023-07-19 14:54","2022-05-17 10:06","2022-06-13 08:43","Negócio perdido","","","","","","","","","Financeiro; Timing",""
"7874288537","Grupo Barcelos","2022-02-10 11:19","2023-07-20 11:53","2022-02-17 15:31","2022-04-20 12:14","Negócio perdido","","","","","","","","","Não é ICP",""
"7857425845","CNH Industrial - New Holland","2022-02-08 17:26","2023-07-19 15:05","2022-03-08 15:00","2022-05-04 14:18","Negócio perdido","","","","","","","","","Saiu da Empresa",""
"7846319660","Citrosuco","2022-02-07 15:52","2023-05-11 11:24","2023-05-11 11:24","2022-07-14 12:07","Cliente","717721.2","","","","717721.2","717721.2","717721.2","717721.2","",""
"7845344878","Buonny","2022-02-07 13:51","2023-03-09 14:36","2022-02-10 14:49","2022-04-20 12:24","Negócio perdido","","","","","","","","","Não é ICP",""
"7843495456","AB Brasil","2022-02-07 12:02","2023-07-19 15:01","2022-04-11 16:43","2022-05-17 16:20","Negócio perdido","","","","","","","","","Desinteresse/Declinou",""
"7807798195","Otis Elevadores","2022-02-03 13:53","2023-07-19 15:23","2022-02-11 15:00","2022-04-20 12:17","Negócio perdido","","","","","","","","","Maturação",""
"7797871203","KWS Group","2022-02-02 14:08","2023-07-20 11:42","2022-04-13 11:43","2022-08-10 13:40","Negócio perdido","","","","","","","","","Timing; Desinteresse/Declinou; Maturação",""
"7795634522","Pirelli","2022-02-02 11:27","2023-06-27 11:48","2023-01-19 11:23","","Negócio perdido","","","","","","","","","Maturação; Timing",""
"7789205783"," Esporte Clube Pinheiros","2022-02-01 16:12","2023-03-09 14:36","2022-03-03 10:44","2022-03-03 10:43","Negócio perdido","","","","","","","","","Desinteresse/Declinou",""
"7751609754","IC Transportes","2022-01-28 11:26","2023-07-20 11:30","2022-03-07 08:51","2022-04-07 10:16","Negócio perdido","","","","","","","","","Não é ICP; Timing; Nós Declinamos",""
"7751338290","Comitê Internacional da Cruz Vermelha","2022-01-28 10:32","2023-03-09 14:36","2022-03-21 12:07","2022-03-02 14:41","Negócio perdido","1013610.24","","","","1013610.24","1013610.24","0.0","0.0","Financeiro",""
"7656709761","Blu Logistics Brasil","2022-01-21 14:15","2023-07-19 15:22","2022-02-26 14:00","2022-04-20 12:15","Negócio perdido","","","","","","","","","Não é ICP",""
"7464886900","Broto","2022-01-10 13:27","2023-07-19 15:30","2022-01-14 14:00","2022-04-20 12:28","Negócio perdido","","","","","","","","","Maturação; Timing",""
"7315686716","Bradesco Seguros","2021-12-22 10:05","2023-05-30 17:58","2022-05-31 10:55","2022-02-14 12:31","Negócio perdido","","","","","","","","","Sumiu",""
"7276813832","Banco Safra","2021-12-17 15:16","2023-04-27 19:11","2021-12-17 15:16","2022-04-20 12:15","Negócio perdido","","","","","","","","","Maturação; Timing",""
"7274350383","Sonda","2021-12-17 11:33","2023-04-18 17:48","2022-01-12 15:49","2022-04-20 12:22","Negócio perdido","","","","","","","","","Timing; Maturação",""
"7254907909","Stocche Forbes Advogados","2021-12-15 10:14","2023-03-09 14:36","2021-12-22 11:12","","Negócio perdido","","","","","","","","","Sumiu",""
"7234053502","Sapore","2021-12-13 11:46","2023-03-09 14:37","2022-01-07 16:48","2022-04-20 12:16","Negócio perdido","","","","","","","","","Desinteresse/Declinou; Saiu da Empresa",""
"7204413836","BSI","2021-12-09 15:08","2023-07-20 11:38","2021-12-16 13:32","","Negócio perdido","","","","","","","","","Não é ICP",""
"7195219797","Gomes da Costa (Grupo Calvo)","2021-12-08 13:14","2023-07-20 11:55","2022-04-12 16:06","2022-05-31 15:57","Negócio perdido","","","","","","","","","Sumiu; Maturação",""
"7069468764","Arla Foods Ingredients","2021-12-02 15:44","2023-03-09 14:36","2021-12-06 12:00","","Negócio perdido","","","","","","","","","Timing",""
"7058385200","NTT DATA Corporation","2021-12-01 17:51","2023-03-09 14:36","2021-12-09 10:40","2022-04-20 12:11","Negócio perdido","","","","","","","","","Maturação; Timing",""
"7059246430","Banco Next","2021-12-01 17:43","2023-06-21 19:48","2021-11-26 18:00","2021-12-31 17:43","Negócio perdido","808140.0","","","","808140.0","808140.0","0.0","0.0","Timing; Desinteresse/Declinou",""
"7044610073","Copa Airlines","2021-11-30 09:49","2023-07-20 11:29","2022-02-16 15:00","2022-04-20 12:10","Negócio perdido","","","","","","","","","Maturação; Timing",""
"6992349113","WEG","2021-11-23 11:32","2023-03-09 14:36","2022-03-10 18:02","2022-07-01 16:37","Negócio perdido","","","","","","","","","Sumiu",""
"6964380599","Bom Jesus","2021-11-19 19:22","2023-07-19 14:58","2021-11-19 19:24","2021-12-01 18:19","Negócio perdido","","","","","","","","","Desinteresse/Declinou; Timing",""
"6939016495","Oral Sin","2021-11-16 17:20","2023-07-19 15:27","2022-05-13 09:24","2022-05-17 16:25","Negócio perdido","458150.16","","","","458150.16","458150.16","0.0","0.0","Fechou com Concorrente; Financeiro",""
"6912322909","Assaí ","2021-11-12 20:22","2023-03-30 18:47","2022-01-13 12:16","2022-04-20 12:15","Negócio perdido","","","","","","","","","Não é ICP; Nós Declinamos",""
"6908332884","Start Química","2021-11-12 13:22","2023-07-19 14:57","2021-11-17 18:56","2022-04-20 12:16","Negócio perdido","","","","","","","","","Não é ICP; Financeiro",""
"6899678592","Kerry","2021-11-11 15:38","2023-04-13 17:10","2021-12-10 15:09","","Negócio perdido","","","","","","","","","Não é ICP",""
"6873735277","Urgo Medical","2021-11-08 19:14","2023-07-19 15:37","2022-11-01 15:26","","Negócio perdido","","","","","","","","","Financeiro; Fechou com Concorrente",""
"6867874965","Royal De Heus","2021-11-08 09:47","2023-07-19 14:45","2021-11-18 14:20","2022-04-20 12:16","Negócio perdido","","","","","","","","","Maturação",""
"6831367721","Nutanix","2021-11-03 12:33","2023-05-02 10:36","2023-04-26 09:43","2021-12-01 18:19","Negócio perdido","","","","","","","","","Não é ICP; Nós Declinamos",""
"8002485392","Syngenta - Renovação 50%","2021-11-03 11:48","2023-06-23 18:08","2023-06-23 18:08","2022-02-28 11:47","Cliente","2500000.0","","","","2500000.0","2500000.0","2500000.0","2500000.0","",""
"6763861259","Delta Sucroenergia","2021-10-27 11:20","2023-07-19 15:29","2021-11-12 11:43","2021-11-12 11:43","Negócio perdido","","","","","","","","","Financeiro",""
"6694150260","Aurora Alimentos","2021-10-19 13:08","2023-03-09 14:37","2021-10-01 16:27","2021-10-31 13:08","Negócio perdido","562721.4","","","","562721.4","562721.4","0.0","0.0","Desinteresse/Declinou; Sumiu",""
"6686826805","Kroton","2021-10-18 20:14","2023-07-20 11:38","2021-11-29 19:27","2021-12-01 18:22","Negócio perdido","","","","","","","","","Timing",""
"6686799431","Consórcio Embracon","2021-10-18 19:36","2023-03-09 14:37","2021-10-27 19:23","2021-12-01 18:20","Negócio perdido","","","","","","","","","Não é ICP; Timing; Saiu da Empresa",""
"6633359955","Myra","2021-10-15 10:52","2023-03-09 14:36","2021-12-21 09:46","2022-04-20 12:08","Negócio perdido","179238.0","","","","179238.0","179238.0","0.0","0.0","Desinteresse/Declinou",""
"6615095564","Sopra","2021-10-13 19:52","2023-07-20 11:12","2021-10-18 15:00","2021-12-01 18:23","Negócio perdido","","","","","","","","","Saiu da Empresa",""
"6560859939","MSA Safety","2021-10-08 10:46","2023-05-30 17:58","2021-10-21 15:29","","Negócio perdido","","","","","","","","","Não é ICP; Sumiu",""
"6346212167","Continental","2021-10-01 11:11","2023-07-20 11:52","2022-02-07 15:00","2022-04-20 12:10","Negócio perdido","","","","","","","","","Maturação; Timing",""
"6324349316","Samarco","2021-09-28 20:51","2023-07-20 11:35","2021-12-01 16:00","2021-12-01 18:18","Negócio perdido","","","","","","","","","Não é ICP",""
"6316252465","Brado","2021-09-27 22:07","2023-07-20 10:28","2021-10-07 18:00","2022-04-20 12:22","Negócio perdido","","","","","","","","","Não é ICP",""
"6312610066","Marcopolo","2021-09-27 14:59","2023-07-19 15:42","2021-11-04 14:00","2021-12-01 18:18","Negócio perdido","","","","","","","","","Desinteresse/Declinou; Timing",""
"6293527454","Kingspan Isoeste ","2021-09-24 17:28","2023-07-19 15:19","2021-09-27 10:00","2021-12-01 18:20","Negócio perdido","","","","","","","","","Timing",""
"6291157893","Verzani & Sandrini","2021-09-24 11:36","2023-07-20 11:37","2021-11-16 14:00","2022-04-20 12:11","Negócio perdido","","","","","","","","","Maturação",""
"6276415809","Kepler Weber","2021-09-22 15:37","2023-07-19 14:55","2021-11-03 18:07","2021-11-10 16:50","Negócio perdido","","","","","","","","","Financeiro; Nós Declinamos",""
"6218954632","Engineering Brasil","2021-09-15 09:54","2023-07-20 11:24","2021-09-22 15:30","2021-09-30 16:34","Negócio perdido","","","","","","","","","Não é ICP; Timing",""
"6212368466","Mini Kalzone ","2021-09-14 14:15","2023-07-20 11:41","2021-09-16 14:00","2021-10-21 02:46","Negócio perdido","","","","","","","","","Não é ICP; Financeiro",""
"6180906591","Jabil","2021-09-10 12:03","2023-05-30 17:58","2021-09-28 15:58","","Negócio perdido","","","","","","","","","Não é ICP; Financeiro",""
"6180188332","ENGIE","2021-09-10 10:23","2023-07-19 15:23","2022-03-10 17:53","2022-07-01 16:36","Negócio perdido","","","","","","","","","Sumiu",""
"6165872256","Invitae","2021-09-08 14:57","2023-07-20 11:41","2021-09-16 11:33","2021-09-16 11:35","Negócio perdido","","","","","","","","","Timing",""
"6127033456","Drogaraia","2021-09-02 19:14","2023-06-30 08:44","2021-10-26 15:23","2022-04-20 12:11","Negócio perdido","","","","","","","","","Maturação",""
"6088006146","Air Liquide Brasil","2021-09-01 16:35","2023-03-09 14:36","2021-12-30 08:00","2021-12-01 18:22","Negócio perdido","","","","","","","","","Não é ICP; Timing",""
"6087747672","Machado Meyer","2021-09-01 16:16","2023-07-04 16:51","2023-03-09 10:30","2022-04-20 12:10","Negócio perdido","","","","","","","","","Não é ICP; Financeiro",""
"6087887756","BAT","2021-09-01 16:13","2023-07-20 11:32","2021-09-30 17:25","2022-02-15 15:09","Negócio perdido","","","","","","","","","Timing",""
"6084431894","SPAR Brasil","2021-09-01 08:48","2023-03-09 14:36","2021-09-16 17:06","2021-12-01 18:18","Negócio perdido","","","","","","","","","Sumiu",""
"6041976395","Sinter Futura","2021-08-26 19:42","2023-03-09 14:36","2021-09-28 20:25","2021-09-28 20:25","Negócio perdido","","","","","","","","","Sumiu",""
"6030678162","Petz ","2021-08-25 11:48","2023-07-19 15:11","2021-10-05 08:00","2021-12-01 18:21","Negócio perdido","","","","","","","","","Maturação",""
"5987555472","SUPERA ","2021-08-19 11:53","2023-07-20 11:46","2022-03-10 18:53","2022-03-11 17:07","Negócio perdido","","","","","","","","","Sumiu",""
"5938792470"," Agropalma","2021-08-16 10:34","2023-07-20 11:59","2021-10-01 08:00","2021-12-01 18:23","Negócio perdido","","","","","","","","","Timing; Maturação",""
"5902794385","Apsen Farmacêutica - Quintal Dev 30%","2021-08-10 22:03","2023-06-14 15:49","2021-08-10 16:15","2021-09-10 19:19","Cliente","15488.68","","","","15488.68","15488.68","15488.68","15488.68","",""
"5898899895","James Delivery","2021-08-10 11:19","2023-03-09 14:36","2021-11-11 17:47","2022-03-11 17:07","Negócio perdido","","","","","","","","","Não é ICP",""
"5870630303","SIM Rede de Postos","2021-08-06 15:17","2023-07-19 14:57","2022-10-06 09:05","2021-09-27 14:35","Negócio perdido","","","","","","","","","Maturação",""
"5868404302","Frísia","2021-08-06 10:58","2023-07-19 15:10","2023-05-30 15:54","2021-10-29 18:48","Negociação","127874.04","","","","127874.04","127874.04","89511.828","89511.828","Financeiro",""
"5838111343","Neogrid","2021-08-03 10:01","2023-07-20 11:29","2022-04-12 16:40","2022-08-10 13:42","Negócio perdido","928021.56","","","","928021.56","928021.56","0.0","0.0","Desinteresse/Declinou; Maturação; Timing",""
"5804109126","Colgate-Palmolive","2021-07-29 17:52","2023-03-09 14:36","2022-04-18 19:37","2022-10-26 16:17","Negócio perdido","","","","","","","","","Sumiu",""
"5730054705","Kepler Weber","2021-07-20 19:09","2023-03-09 14:37","2021-11-03 18:07","2021-08-04 13:54","Negócio perdido","","","","","","","","","Timing",""
"5721626449","Eurochem - Fertilizantes Tocantins","2021-07-19 17:22","2023-07-19 15:42","2022-03-10 17:45","2022-03-11 17:00","Negócio perdido","317610.12","","","","317610.12","317610.12","0.0","0.0","Sumiu",""
"5692550038","Inmetrics","2021-07-15 14:11","2023-07-20 11:47","2021-10-15 14:07","2021-10-18 15:21","Cliente","144000.0","","","","144000.0","144000.0","144000.0","144000.0","",""
"5691537816","Merck","2021-07-15 10:53","2023-03-09 14:36","2022-03-16 14:46","2022-02-15 15:09","Negócio perdido","","","","","","","","","Sumiu",""
"5691587426","Nidera","2021-07-15 10:49","2023-03-09 14:36","2021-09-28 21:25","2022-02-15 15:10","Negócio perdido","","","","","","","","","Sumiu",""
"5685480874","COFCO","2021-07-14 15:57","2023-07-19 15:41","2021-08-23 10:19","2021-09-30 09:10","Negócio perdido","","","","","","","","","Desinteresse/Declinou; Não é ICP",""
"5666050879","La Moda","2021-07-12 10:22","2023-03-09 14:36","2021-10-29 18:53","2022-03-11 17:03","Negócio perdido","","","","","","","","","Saiu da Empresa",""
"5635001694","Meta","2021-07-07 19:41","2023-03-09 14:36","2021-08-13 08:00","2021-09-30 10:17","Negócio perdido","","","","","","","","","Não é ICP; Timing; Financeiro",""
"5623783283","Atvos","2021-07-06 15:15","2023-07-19 15:44","2021-10-01 08:00","2021-10-21 02:47","Negócio perdido","","","","","","","","","Não é ICP; Desinteresse/Declinou",""
"5616532641","Piracanjuba ","2021-07-05 15:44","2023-07-19 15:09","2022-03-10 18:53","2021-07-23 16:02","Negócio perdido","","","","","","","","","Timing",""
"5616367132","Lumen Technologies","2021-07-05 14:46","2023-07-20 11:44","2022-05-24 16:34","","Negócio perdido","804696.8","","","","804696.8","804696.8","0.0","0.0","Desinteresse/Declinou; Financeiro; Sumiu",""
"5613586184","Madesa Móveis","2021-07-05 09:31","2023-05-10 15:23","2023-05-10 15:22","","Negócio perdido","282109.2","","","","282109.2","282109.2","0.0","0.0","Sumiu; Saiu da Empresa",""
"5596910186","Trasmontano Saúde","2021-07-02 19:04","2023-05-30 16:22","2021-10-05 08:00","","Negócio perdido","","","","","","","","","Sumiu",""
"5575860547","Omron","2021-06-30 16:17","2023-03-13 15:12","2022-12-06 19:33","2021-09-15 10:04","Negócio perdido","98680.0","","","","98680.0","98680.0","0.0","0.0","Sumiu; Timing; Desinteresse/Declinou",""
"5565405728","Acqio","2021-06-29 10:52","2023-07-19 14:57","2021-10-05 08:00","2021-10-21 02:47","Negócio perdido","","","","","","","","","Não é ICP",""
"5557094673","Delivery Center","2021-06-28 11:12","2023-07-19 14:46","2021-08-11 12:28","2021-08-23 12:17","Negócio perdido","","","","","","","","","Desinteresse/Declinou",""
"5536620117","Eurofarma - Genéricos","2021-06-25 14:07","2023-05-10 16:59","2021-08-31 15:45","2021-08-31 12:10","Negócio perdido","53796.6","","","","53796.6","53796.6","0.0","0.0","Fechou com Concorrente",""
"5516116233","Adecoagro","2021-06-23 13:13","2023-07-19 15:03","2021-07-02 14:30","2021-07-02 14:17","Negócio perdido","","","","","","","","","Não é ICP",""
"5514116482","Seguros SURA ","2021-06-23 10:13","2023-07-20 11:34","2021-08-13 08:00","2021-12-01 18:21","Negócio perdido","","","","","","","","","Maturação",""
"5496370183","Guarida Imóveis","2021-06-21 14:52","2023-07-20 11:10","2021-07-01 10:00","2021-09-30 10:10","Negócio perdido","","","","","","","","","Não é ICP; Timing; Nós Declinamos",""
"5480327742","RANDON S.A.","2021-06-18 09:40","2023-03-09 14:36","2021-10-05 08:00","2021-12-01 18:23","Negócio perdido","","","","","","","","","Não é ICP",""
"5470511669","Grupo Berlanda","2021-06-16 18:10","2023-07-19 15:36","2021-10-05 09:45","2021-10-21 02:47","Negócio perdido","","","","","","","","","Não é ICP; Nós Declinamos",""
"5442109042","Ingram Micro","2021-06-11 18:05","2023-07-20 11:42","2023-02-06 11:37","2022-03-11 17:03","Negócio perdido","","","","","","","","","Sumiu",""
"5440817686","JLL","2021-06-11 11:32","2023-03-09 14:36","2021-06-24 08:18","2021-09-30 10:00","Negócio perdido","","","","","","","","","Nós Declinamos; Não é ICP",""
"5417136532","Nissin Foods","2021-06-07 09:40","2023-07-20 11:36","2021-07-13 13:46","2021-08-09 11:37","Negócio perdido","128898.71","","","","128898.71","128898.71","0.0","0.0","Financeiro",""
"5383807092","Grupo NotreDame Intermédica","2021-06-01 17:08","2023-04-27 19:12","2021-09-28 21:27","2021-09-28 21:28","Negócio perdido","","","","","","","","","Timing",""
"5382207351","Uisa","2021-06-01 11:14","2023-03-09 14:36","2023-03-07 15:11","2021-06-08 11:51","Negócio perdido","","","","","","","","","Maturação",""
"5381991819","Ottobock","2021-06-01 10:43","2023-07-20 11:06","2021-08-24 14:34","2021-09-22 14:02","Negócio perdido","251055.6","","","","251055.6","251055.6","0.0","0.0","Financeiro; Desinteresse/Declinou",""
"5359330094","Eurofarma - MAQ","2021-05-27 15:34","2023-05-10 16:59","2021-10-05 15:47","2022-03-11 17:03","Negócio perdido","296439.72","","","","296439.72","296439.72","0.0","0.0","Timing",""
"5358144081","Alterdata Software","2021-05-27 11:40","2023-07-20 11:25","2022-04-28 14:50","2022-03-16 16:39","Negócio perdido","194676.0","","","","194676.0","194676.0","0.0","0.0","Financeiro; Timing",""
"5357537637","Yara Brasil","2021-05-27 08:43","2023-07-20 11:22","2022-01-17 11:57","2021-06-01 17:26","Negócio perdido","","","","","","","","","Maturação",""
"5346694803","Universidade la salle","2021-05-25 12:14","2023-03-09 14:36","2022-04-11 14:48","2022-02-15 15:09","Negócio perdido","","","","","","","","","Sumiu",""
"5346264983","MRS Logistica","2021-05-25 11:28","2023-07-19 15:03","2022-03-04 19:29","2022-03-11 17:02","Negócio perdido","238082.76","","","","238082.76","238082.76","0.0","0.0","Financeiro",""
"5315347558","Coty ","2021-05-21 09:09","2023-07-20 11:35","2021-12-14 10:00","2022-02-14 15:14","Negócio perdido","120000.0","","","","120000.0","120000.0","0.0","0.0","Desinteresse/Declinou",""
"5301798719","Shoulder","2021-05-19 19:48","2023-06-07 10:04","2021-10-05 08:00","2021-12-01 18:21","Negócio perdido","","","","","","","","","Financeiro",""
"5293157493","Panasonic","2021-05-18 17:41","2023-07-20 11:37","2021-08-24 09:49","2022-02-15 15:08","Negócio perdido","1021110.12","","","","1021110.12","1021110.12","0.0","0.0","Sumiu",""
"5253626756","Liberty Seguros","2021-05-13 10:46","2023-07-20 11:23","2021-09-21 08:00","2022-03-11 17:03","Negócio perdido","","","","","","","","","Maturação",""
"5239041433","Syngenta - Plano Culturas","2021-05-12 11:02","2023-06-23 18:08","2023-06-23 18:08","2021-06-21 14:25","Cliente","187500.0","","","","187500.0","187500.0","187500.0","187500.0","",""
"5220031161","Lojas Benoit","2021-05-10 09:17","2023-07-19 14:55","2023-05-15 11:52","2021-06-21 11:06","Negócio perdido","201000.0","","","","201000.0","201000.0","0.0","0.0","Maturação",""
"5192868276","CAT PESA","2021-05-06 16:22","2023-03-09 14:36","2021-05-25 16:00","2021-06-01 16:08","Negócio perdido","18404.4","","","","18404.4","18404.4","0.0","0.0","Financeiro; Nós Declinamos",""
"5129855612","Eurofarma - Moviment C","2021-04-29 16:12","2023-05-10 16:59","2021-07-01 19:19","2021-06-18 11:17","Cliente","436085.8","","","","436085.8","436085.8","436085.8","436085.8","",""
"5127424545","Syngenta - Portal Unbranded","2021-04-29 11:51","2023-06-23 18:08","2023-06-23 18:08","2022-02-14 15:14","Negócio perdido","3084000.0","","","","3084000.0","3084000.0","0.0","0.0","Desinteresse/Declinou",""
"5110682725","Assurant","2021-04-27 11:30","2023-03-16 12:06","2023-03-16 12:06","2022-03-11 17:01","Negócio perdido","233431.8","","","","233431.8","233431.8","0.0","0.0","Financeiro",""
"5104893010","Serveng Civilsan","2021-04-26 16:52","2023-03-09 14:36","2021-05-25 18:50","2021-06-21 18:09","Negócio perdido","","","","","","","","","Sumiu",""
"5043158529","Cocamar","2021-04-19 12:36","2023-03-13 15:04","2023-02-28 12:00","2021-07-27 12:40","Cliente","183483.72","","","","183483.72","183483.72","183483.72","183483.72","",""
"4985313037","Santa Helena Indústria de Alimentos S/A","2021-04-12 14:41","2023-06-01 23:01","2023-02-07 10:20","2021-05-31 12:47","Negócio perdido","227936.16","","","","227936.16","227936.16","0.0","0.0","Fechou com Concorrente; Financeiro",""
"4960833048","Digio","2021-04-08 16:29","2023-03-13 15:17","2022-08-17 16:41","2021-06-25 14:46","Cliente","861128.21","","","","861128.21","861128.21","861128.21","861128.21","Desinteresse/Declinou",""
"4877547103","Bradesco","2021-03-30 12:50","2023-04-06 17:52","2021-04-12 18:38","2021-04-12 18:39","Negócio perdido","","","","","","","","","Desinteresse/Declinou",""
"4850918233","Banco Daycoval","2021-03-26 15:55","2023-07-20 11:38","2021-06-03 12:31","2021-07-15 10:50","Negócio perdido","","","","","","","","","Sumiu",""
"4827350932","Eletrobras","2021-03-25 19:06","2023-04-06 17:52","2021-04-09 15:38","2021-03-29 15:09","Negócio perdido","","","","","","","","","Não é ICP",""
"4790799739","Cartão de Todos","2021-03-23 15:58","2023-03-09 14:36","2021-03-23 11:00","2021-06-18 19:39","Negócio perdido","138925.43","","","","138925.43","138925.43","0.0","0.0","Desinteresse/Declinou; Financeiro",""
"4791125254","Mart Minas","2021-03-23 14:55","2023-03-09 14:36","2022-10-04 15:03","2021-09-22 19:59","Cliente","793482.72","","","","793482.72","793482.72","793482.72","793482.72","",""
"4712384671","AL5 Bank","2021-03-18 15:29","2023-07-20 11:26","2023-02-14 14:46","2021-08-23 14:47","Negócio perdido","","","","","","","","","Maturação",""
"4697563018","UOL Ads (40% Inside Sales)","2021-03-17 12:39","2023-03-09 14:36","2021-03-17 14:09","2021-08-23 14:50","Negócio perdido","67200.0","","","","67200.0","67200.0","0.0","0.0","Sumiu",""
"4668934210","Eurofarma - Perlatte","2021-03-15 17:45","2023-05-10 16:59","2021-04-05 11:01","2021-07-15 12:10","Negócio perdido","276000.0","","","","276000.0","276000.0","0.0","0.0","Nós Declinamos",""
"4610928009","Amaggi ","2021-03-10 19:12","2023-07-19 15:01","2023-02-14 14:46","2022-02-15 15:08","Negócio perdido","384438.0","","","","384438.0","384438.0","0.0","0.0","Financeiro",""
"4610927467","Caterpillar Inc.","2021-03-10 19:00","2023-07-20 11:48","2021-05-12 17:11","2021-04-29 11:46","Negócio perdido","","","","","","","","","Não é ICP",""
"4610570597","Eurofarma - Fortice","2021-03-10 17:19","2023-05-10 16:59","2021-06-28 10:02","2021-04-08 14:52","Cliente","11000.0","","","","11000.0","11000.0","11000.0","11000.0","",""
"4608132510","Vivara","2021-03-10 09:34","2023-07-19 15:23","2021-03-24 10:01","2021-04-19 10:08","Negócio perdido","","","","","","","","","Saiu da Empresa",""
"4577929902","Evonik - Novo negócio","2021-03-08 15:38","2023-04-06 17:52","2022-03-11 16:57","2021-04-27 11:33","Negócio perdido","354988.44","","","","354988.44","354988.44","0.0","0.0","Financeiro",""
"4531467448","Ambev","2021-03-05 19:52","2023-04-06 17:52","2021-03-19 16:00","2021-04-27 11:30","Negócio perdido","","","","","","","","","Sumiu",""
"4435660878","GTFoods","2021-03-01 19:25","2023-07-20 11:44","2021-04-15 16:44","2021-04-16 13:09","Negócio perdido","","","","","","","","","Sumiu",""
"4269224969","Stoller - Renovação","2021-02-21 20:04","2023-04-06 17:52","2022-11-10 13:27","2021-05-07 09:26","Cliente","174000.0","","","","174000.0","174000.0","174000.0","174000.0","",""
"4181316962","DENSO - Concorrência","2021-02-18 22:48","2023-04-06 17:52","2021-05-12 17:09","2021-05-12 17:10","Negócio perdido","166324.2","","","","166324.2","166324.2","0.0","0.0","Fechou com Concorrente",""
"4171694807","Bistek","2021-02-17 16:51","2023-04-06 17:52","2021-04-16 13:20","2021-04-16 13:09","Negócio perdido","","","","","","","","","Desinteresse/Declinou",""
"4169278268","Denso - Criação KV","2021-02-17 15:39","2023-04-06 17:52","2021-05-12 17:09","2021-03-29 17:22","Negócio perdido","12770.3","","","","12770.3","12770.3","0.0","0.0","Fechou com Concorrente",""
"4127018290","Cargill - Vídeos LatAm","2021-02-10 20:50","2023-04-06 17:52","2021-05-11 11:37","2021-03-18 21:53","Negócio perdido","85138.57","","","","85138.57","85138.57","0.0","0.0","Sumiu",""
"4120219333","Barry Callebaut - Dashboards","2021-02-09 11:52","2023-04-06 17:52","2022-05-16 20:31","2021-03-18 21:51","Negócio perdido","40139.28","","","","40139.28","40139.28","0.0","0.0","Financeiro",""
"4078663637","Myralis Pharma","2021-02-03 08:44","2023-06-14 15:50","2021-04-27 19:10","2021-04-28 10:02","Negócio perdido","","","","","","","","","Desinteresse/Declinou",""
"4076605269","Apsen - Concorrência Digital","2021-02-02 19:59","2023-06-14 15:49","2021-07-23 12:42","2021-05-27 17:08","Cliente","1704000.0","","","","1704000.0","1704000.0","1704000.0","1704000.0","",""
"4070221690","Supercampo","2021-02-01 15:09","2023-03-09 14:36","2021-11-10 16:52","2022-03-11 16:59","Negócio perdido","361949.76","","","","361949.76","361949.76","0.0","0.0","Saiu da Empresa",""
"4059518702","Esmaltec Eletrodomésticos","2021-01-29 19:40","2023-07-19 15:43","2021-10-29 19:12","2021-06-09 22:01","Negócio perdido","101000.0","","","","101000.0","101000.0","0.0","0.0","Sumiu",""
"4026644143","Bunge Profissional - Bid (75% FM)","2021-01-22 11:05","2023-06-29 12:40","2023-06-29 12:39","2021-05-06 15:45","Cliente","296715.06","","","","296715.06","296715.06","296715.06","296715.06","",""
"4014966192","Eurofarma - AltaD","2021-01-19 22:56","2023-05-10 16:59","2021-03-22 21:48","2021-03-29 21:21","Cliente","7286.0","","","","7286.0","7286.0","7286.0","7286.0","",""
"4011819536","Volvo - E-commerce","2021-01-19 12:58","2023-07-20 11:51","2021-06-07 14:10","2021-03-18 21:52","Negócio perdido","","","","","","","","","Maturação",""
"3565923730","Raízen (Shell Box)","2020-12-04 19:18","2023-04-06 17:52","2021-02-10 22:49","2021-03-18 21:52","Negócio perdido","","","","","","","","","Maturação",""
"3530577142","Tintas Eucatex","2020-11-26 17:27","2023-04-06 17:52","2022-04-26 15:09","2021-04-23 12:44","Negócio perdido","240000.0","","","","240000.0","240000.0","0.0","0.0","Desinteresse/Declinou",""
"3488625670","Cargill Food Service - Site Desenvolvimento","2020-11-23 21:30","2023-04-06 17:52","2021-05-11 11:37","2021-03-18 21:51","Negócio perdido","147831.87","","","","147831.87","147831.87","0.0","0.0","Desinteresse/Declinou",""
"3453054574","International Committee of the Red Cross - Novo negócio","2020-11-20 14:31","2023-04-06 17:52","2022-02-23 16:37","2021-01-12 14:41","Negócio perdido","93070.04","","","","93070.04","93070.04","0.0","0.0","Fechou com Concorrente",""
"3362452546","Fundação Estudar - Novo negócio","2020-11-10 16:08","2023-04-06 17:52","2022-07-27 11:10","2021-01-12 14:33","Negócio perdido","189838.68","","","","189838.68","189838.68","0.0","0.0","Não era decisor",""
"3269625040","Eurofarma - Cogmax","2020-10-29 17:27","2023-05-10 16:59","2021-06-28 10:02","2021-02-01 12:27","Negócio perdido","60000.0","","","","60000.0","60000.0","0.0","0.0","Fechou com Concorrente",""
"3142655559","Embramaco - Consulting","2020-10-13 12:50","2023-04-06 17:52","2021-02-25 12:54","2021-02-25 12:40","Negócio perdido","192268.08","","","","192268.08","192268.08","0.0","0.0","Nós Declinamos",""
"3086522280","Eurofarma - Programática","2020-10-08 14:56","2023-05-10 17:00","2020-10-08 15:26","2021-01-12 14:34","Negócio perdido","20964.0","","","","20964.0","20964.0","0.0","0.0","Não era decisor",""
"3084963555","Cargill Genuine - Full Service","2020-10-08 13:42","2023-04-06 17:52","2022-01-10 11:36","2021-03-16 17:47","Negócio perdido","120000.0","","","","120000.0","120000.0","0.0","0.0","Sumiu",""
"3037214969","Assurant BemMais Seguro - Full Service","2020-10-01 18:27","2023-04-06 17:52","2021-07-07 09:49","2021-02-03 18:02","Cliente","287280.0","","","","287280.0","287280.0","287280.0","287280.0","",""
"2980707361","thyssenkrupp Springs & Stabilizers","2020-09-23 11:44","2023-04-06 17:52","2020-09-28 14:09","2020-09-25 18:10","Cliente","8459.15","","","","8459.15","8459.15","8459.15","8459.15","",""
"2967535660","Cargill Food Service - Mídias Sociais e Site","2020-09-21 12:03","2023-04-06 17:52","2021-05-11 11:37","2020-12-08 09:56","Negócio perdido","171242.75","","","","171242.75","171242.75","0.0","0.0","Desinteresse/Declinou",""
"2459718282","Universidade de São Paulo - Novo negócio","2020-07-21 14:17","2023-03-09 14:37","2021-01-28 17:00","2022-09-21 17:53","Negócio perdido","993341.96","","","","993341.96","993341.96","0.0","0.0","Desinteresse/Declinou; Sumiu",""
