Record ID;Data de criação;Data da última modificação;Data da última atividade;Data de fechamento;Etapa do negócio;Valor;Valor do contrato anual;Receita anual recorrente;Valor total do contrato;Valor previsto;Valor na moeda da empresa;Valor do negócio projetado na moeda local;Valor do negócio projetado;Motivo de fechamento perdido;Data da próxima atividade;Nome da empresa;Nome do negócio completo;Setor;ultima_etapa;Nome do negócio;Cliente;agendamento;diag;proposta;contrato;cliente
14250438037;2023-07-20T13:20:00Z;2023-07-20T13:33:00Z;2023-07-20T13:20:00Z;NA;Agendamentos (MQL);NA;NA;NA;NA;NA;NA;NA;NA;NA;NA;CODA PAYMENTS;Coda Payments;Software de computador;Contato;Coda Payments;Nao;NA;NA;NA;NA;NA
14214450446;2023-07-18T15:17:00Z;2023-07-21T13:45:00Z;2023-07-19T11:44:00Z;NA;Agendamentos (MQL);NA;NA;NA;NA;NA;NA;NA;NA;NA;NA;SICREDI;Sicredi;Serviços financeiros;Contato;Sicredi;Nao;NA;NA;NA;NA;NA
14213381032;2023-07-18T14:09:00Z;2023-07-24T10:11:00Z;2023-07-24T10:11:00Z;NA;Agendamentos (MQL);NA;NA;NA;NA;NA;NA;NA;NA;NA;2023-07-27T11:00:00Z;GETNET;Getnet ;Serviços financeiros;Contato;Getnet ;Nao;NA;NA;NA;NA;NA
14197387609;2023-07-17T16:25:00Z;2023-07-17T16:30:00Z;2023-07-17T16:25:00Z;NA;Agendamentos (MQL);NA;NA;NA;NA;NA;NA;NA;NA;NA;2023-07-24T16:00:00Z;CALÇADOS ANIGER;Calçados Aniger;Vestuário e moda;Agendamentos;Calçados Aniger;Nao;NA;NA;NA;NA;NA
14192131993;2023-07-17T08:22:00Z;2023-07-21T12:12:00Z;2023-07-21T11:00:00Z;NA;Agendamentos Aceitos (SAL);NA;NA;NA;NA;NA;NA;NA;NA;NA;NA;ITAÚ;Itaú;Bancário;Agendamentos;Itaú;Nao;NA;NA;NA;NA;NA
14150808694;2023-07-14T09:37:00Z;2023-07-14T09:38:00Z;NA;2023-07-31T09:37:00Z;Agendamentos Aceitos (SAL);NA;NA;NA;NA;NA;NA;NA;NA;NA;NA;AMERICAS TRADING;Americas Trading Group;NA;Agendamento_Aceito;Americas Trading Group;Nao;NA;NA;NA;NA;NA
14109118720;2023-07-13T11:46:00Z;2023-07-21T09:45:00Z;2023-07-19T16:35:00Z;NA;Agendamentos Aceitos (SAL);NA;NA;NA;NA;NA;NA;NA;NA;NA;NA;HUDL;Hudl;Software de computador;Agendamentos;Hudl;Nao;NA;NA;NA;NA;NA
14102501033;2023-07-13T09:29:00Z;2023-07-13T09:33:00Z;2023-07-13T09:29:00Z;NA;Agendamentos (MQL);NA;NA;NA;NA;NA;NA;NA;NA;NA;NA;SCHMERSAL;Schmersal;Fabricação elétrica/eletrônica;Agendamentos;Schmersal;Nao;NA;NA;NA;NA;NA
14058957576;2023-07-11T10:39:00Z;2023-07-21T09:47:00Z;2023-07-20T11:58:00Z;NA;Agendamentos Aceitos (SAL);NA;NA;NA;NA;NA;NA;NA;NA;NA;NA;KÄRCHER;Kärcher;Maquinário;Agendamentos;Kärcher;Nao;NA;NA;NA;NA;NA
14012014890;2023-07-07T16:56:00Z;2023-07-14T11:10:00Z;2023-07-13T14:21:00Z;NA;Agendamentos Aceitos (SAL);NA;NA;NA;NA;NA;NA;NA;NA;NA;NA;COOPERMOTA;Coopermota;Agricultura;Agendamento_Aceito;Coopermota;Nao;NA;NA;NA;NA;NA
13998165266;2023-07-06T16:34:00Z;2023-07-21T11:03:00Z;2023-07-18T11:13:00Z;NA;Proposta Enviada (SQL);28000,00;NA;NA;NA;28000,00;28000,00;14000,00;14000,00;NA;NA;SAINT-GOBAIN;Saint-Gobain;Materiais de construção;Negocios_Criados;Saint-Gobain;Nao;NA;NA;NA;NA;NA
13998110809;2023-07-06T16:03:00Z;2023-07-07T09:46:00Z;2023-07-06T16:19:00Z;NA;Agendamentos Aceitos (SAL);NA;NA;NA;NA;NA;NA;NA;NA;NA;NA;MILIUM;Millium;Varejo;Agendamento_Aceito;Millium;Nao;NA;NA;NA;NA;NA
13995430544;2023-07-06T13:46:00Z;2023-07-14T09:29:00Z;2023-07-12T16:34:00Z;NA;Agendamentos Aceitos (SAL);NA;NA;NA;NA;NA;NA;NA;NA;NA;NA;CACAU SHOW;Cacau Show;Alimentos e bebidas;Agendamento_Aceito;Cacau Show;Nao;NA;NA;NA;NA;NA
13980635406;2023-07-05T13:47:00Z;2023-07-24T10:36:00Z;2023-07-24T10:36:00Z;NA;Agendamentos Aceitos (SAL);NA;NA;NA;NA;NA;NA;NA;NA;NA;NA;GRUPO GPS;Grupo GPS ;Serviços de instalações;Agendamento_Aceito;Grupo GPS ;Nao;NA;NA;NA;NA;NA
13978614688;2023-07-05T09:27:00Z;2023-07-07T16:58:00Z;2023-07-07T14:00:00Z;2023-07-07T16:58:00Z;Negócio perdido;NA;NA;NA;NA;NA;NA;NA;NA;Timing;NA;BOMBRIL;Bombril;Produtos químicos;Agendamentos;Bombril;Nao;NA;NA;NA;NA;NA
13978649373;2023-07-05T09:20:00Z;2023-07-20T11:24:00Z;2023-07-06T14:27:00Z;NA;Agendamentos Aceitos (SAL);NA;NA;NA;NA;NA;NA;NA;NA;NA;NA;PASCHOALOTTO;Paschoalotto;Telecomunicações;Agendamento_Aceito;Paschoalotto;Nao;NA;NA;NA;NA;NA
13977428114;2023-07-05T07:47:00Z;2023-07-17T09:03:00Z;2023-07-07T09:04:00Z;NA;Agendamentos Aceitos (SAL);NA;NA;NA;NA;NA;NA;NA;NA;NA;NA;PICCADILLY;Piccadilly;Bens de consumo;Agendamento_Aceito;Piccadilly;Nao;NA;NA;NA;NA;NA
13977081120;2023-07-05T06:50:00Z;2023-07-17T09:03:00Z;2023-07-07T10:30:00Z;NA;Agendamentos Aceitos (SAL);NA;NA;NA;NA;NA;NA;NA;NA;NA;NA;FITESA;Fitesa;NA;Agendamento_Aceito;Fitesa;Nao;NA;NA;NA;NA;NA
13967169613;2023-07-04T09:50:00Z;2023-07-11T10:40:00Z;2023-07-05T10:48:00Z;NA;Agendamentos Aceitos (SAL);NA;NA;NA;NA;NA;NA;NA;NA;NA;NA;SOLINFTEC;Solinftec;Agricultura;Agendamento_Aceito;Solinftec;Nao;NA;NA;NA;NA;NA
13969229060;2023-07-03T00:00:00Z;2023-07-04T13:49:00Z;2023-07-04T13:46:00Z;NA;Agendamentos Aceitos (SAL);NA;NA;NA;NA;NA;NA;NA;NA;NA;NA;SERES MOTORS;Seres Motors;Automotivo;Agendamento_Aceito;Seres Motors;Nao;NA;NA;NA;NA;NA
13912182170;2023-06-29T14:54:00Z;2023-07-19T15:18:00Z;2023-07-06T17:48:00Z;NA;Negócio perdido;NA;NA;NA;NA;NA;NA;NA;NA;"Financeiro; Timing; Não é ICP";NA;DENTSPLY SIRONA;Dentsply Sirona;Saúde, bem-estar e fitness;Agendamento_Aceito;Dentsply Sirona;Nao;NA;NA;NA;NA;NA
13911695518;2023-06-29T13:01:00Z;2023-07-20T11:36:00Z;2023-07-06T08:39:00Z;NA;Agendamentos Aceitos (SAL);NA;NA;NA;NA;NA;NA;NA;NA;NA;NA;BERNHOEFT;Bernhoeft;Contabilidade;Agendamento_Aceito;Bernhoeft;Nao;NA;NA;NA;NA;NA
13898389069;2023-06-28T09:40:00Z;2023-07-19T14:59:00Z;2023-07-07T11:32:00Z;NA;Proposta Enviada (SQL);186000,00;NA;NA;NA;186000,00;186000,00;93000,00;93000,00;NA;NA;VITTIA;Vittia;NA;Proposta;Vittia;Nao;NA;NA;NA;NA;NA
13888615997;2023-06-27T17:54:00Z;2023-07-04T16:53:00Z;2023-06-29T15:45:00Z;NA;Negócio perdido;NA;NA;NA;NA;NA;NA;NA;NA;"Timing; Maturação";NA;ARTECOLA QUÍMICA;Artecola Química;NA;Agendamento_Aceito;Artecola Química;Nao;NA;NA;NA;NA;NA
13868666770;2023-06-26T15:03:00Z;2023-07-19T15:25:00Z;2023-06-29T13:29:00Z;NA;Agendamentos Aceitos (SAL);NA;NA;NA;NA;NA;NA;NA;NA;NA;NA;HOSPITAL MOINHOS;Hospital Moinhos de Vento;Hospital e cuidados de saúde;Agendamento_Aceito;Hospital Moinhos de Vento;Nao;NA;NA;NA;NA;NA
13804730662;2023-06-21T10:37:00Z;2023-07-19T15:17:00Z;2023-06-21T10:58:00Z;NA;Agendamentos Aceitos (SAL);NA;NA;NA;NA;NA;NA;NA;NA;NA;NA;PALLADIUM HOTEL;Palladium Hotel;NA;Agendamento_Aceito;Palladium Hotel;Nao;NA;NA;NA;NA;NA
13716191897;2023-06-14T22:57:00Z;2023-07-20T11:39:00Z;2023-06-22T16:00:00Z;NA;Negócio perdido;NA;NA;NA;NA;NA;NA;NA;NA;"Não é ICP; Nós Declinamos";NA;UNIMED;Unimed;Saúde, bem-estar e fitness;Agendamento_Aceito;Unimed;Nao;NA;NA;NA;NA;NA
13691308357;2023-06-13T14:16:00Z;2023-07-12T08:28:00Z;2023-07-10T15:24:00Z;NA;Agendamentos Aceitos (SAL);NA;NA;NA;NA;NA;NA;NA;NA;NA;NA;MELIÃ HOTELS;Meliá Hotels;Software de computador;Agendamento_Aceito;Meliá Hotels;Nao;NA;NA;NA;NA;NA
13691851841;2023-06-13T12:26:00Z;2023-07-07T09:45:00Z;2023-07-04T16:44:00Z;NA;Negócio perdido;NA;NA;NA;NA;NA;NA;NA;NA;"Maturação; Timing";2023-12-15T10:00:00Z;ECOGEN BRASIL;Ecogen Brasil;Petróleo e energia;Diagnostico;Ecogen Brasil;Nao;NA;NA;NA;NA;NA
13690301517;2023-06-13T10:58:00Z;2023-06-21T12:13:00Z;2023-06-21T10:35:00Z;NA;Agendamentos Aceitos (SAL);NA;NA;NA;NA;NA;NA;NA;NA;NA;NA;PALLADIUM HOTEL;Palladium Hotel;Hotelaria;Agendamento_Aceito;Palladium Hotel;Nao;NA;NA;NA;NA;NA
13489361412;2023-05-29T12:49:00Z;2023-06-29T08:20:00Z;2023-06-29T08:20:00Z;NA;Agendamentos (MQL);NA;NA;NA;NA;NA;NA;NA;NA;NA;NA;HYDAC;Hydac;Maquinário;Agendamentos;Hydac;Nao;NA;NA;NA;NA;NA
13422604381;2023-05-23T09:14:00Z;2023-07-19T10:21:00Z;2023-06-14T14:58:00Z;NA;Agendamentos Aceitos (SAL);NA;NA;NA;NA;NA;NA;NA;NA;NA;NA;COOXUPÉ;Cooxupé;Armazenamento;Agendamento_Aceito;Cooxupé - Ecommerce;Nao;NA;NA;NA;NA;NA
13411720787;2023-05-22T09:34:00Z;2023-06-19T17:00:00Z;2023-06-05T19:27:00Z;NA;Negócio perdido;NA;NA;NA;NA;NA;NA;NA;NA;"Maturação; Fechou com Concorrente";NA;VAGAS.COM;VAGAS.com;Software de computador;Negocios_Criados;VAGAS.com;Nao;NA;NA;NA;NA;NA
13389429885;2023-05-19T13:51:00Z;2023-06-16T12:17:00Z;2023-06-14T10:03:00Z;NA;Agendamentos Aceitos (SAL);NA;NA;NA;NA;NA;NA;NA;NA;NA;NA;HEINEKEN;Heineken;Alimentos e bebidas;Agendamento_Aceito;Heineken;Nao;NA;NA;NA;NA;NA
13357688177;2023-05-16T16:10:00Z;2023-06-28T14:29:00Z;2023-05-17T15:23:00Z;NA;Agendamentos Aceitos (SAL);NA;NA;NA;NA;NA;NA;NA;NA;NA;NA;COOXUPÉ;Cooxupé;Armazenamento;Agendamento_Aceito;Cooxupé;Nao;NA;NA;NA;NA;NA
13356360793;2023-05-16T15:17:00Z;2023-05-16T15:23:00Z;2023-05-16T15:17:00Z;NA;Agendamentos (MQL);NA;NA;NA;NA;NA;NA;NA;NA;NA;NA;VENCE TUDO;Vence Tudo;Agricultura;Agendamentos;Vence Tudo;Nao;NA;NA;NA;NA;NA
13316079946;2023-05-12T15:06:00Z;2023-07-19T15:43:00Z;2023-05-30T15:49:00Z;NA;Negócio perdido;NA;NA;NA;NA;NA;NA;NA;NA;"Financeiro; Sumiu";NA;SUPER MIX;Super Prix;NA;Agendamento_Aceito;Super Prix;Nao;NA;NA;NA;NA;NA
13315910518;2023-05-12T14:24:00Z;2023-05-17T14:10:00Z;2023-05-17T14:10:00Z;NA;Agendamentos (MQL);NA;NA;NA;NA;NA;NA;NA;NA;NA;NA;GRUPO CURIMBABA;Grupo Curimbaba;NA;Agendamentos;Grupo Curimbaba;Nao;NA;NA;NA;NA;NA
13279967134;2023-05-09T14:47:00Z;2023-07-19T15:13:00Z;2023-05-11T17:28:00Z;NA;Negócio perdido;NA;NA;NA;NA;NA;NA;NA;NA;"Financeiro; Nós Declinamos";NA;BRASIL ATACADISTA;Brasil Atacadista;Atacado;Agendamento_Aceito;Brasil Atacadista;Nao;NA;NA;NA;NA;NA
13205725995;2023-05-02T11:32:00Z;2023-07-19T15:36:00Z;2023-05-19T15:03:00Z;NA;Negócio perdido;NA;NA;NA;NA;NA;NA;NA;NA;"Sumiu; Nós Declinamos; Não é ICP";NA;SAÚDE PETROBRÁS;Saúde Petrobrás;Petróleo e energia;Agendamento_Aceito;Saúde Petrobrás;Nao;NA;NA;NA;NA;NA
13159599031;2023-04-27T12:10:00Z;2023-05-12T10:55:00Z;2023-05-09T10:53:00Z;NA;Agendamentos Aceitos (SAL);NA;NA;NA;NA;NA;NA;NA;NA;NA;NA;EUROBIKE;Eurobike;Automotivo;Agendamento_Aceito;Eurobike;Nao;NA;NA;NA;NA;NA
13057235528;2023-04-19T10:03:00Z;2023-07-19T15:08:00Z;2023-05-31T10:30:00Z;NA;Negócio perdido;NA;NA;NA;NA;NA;NA;NA;NA;"Timing; Nós Declinamos; Maturação";NA;COCAL;Cocal;Agricultura;Agendamento_Aceito;Cocal;Nao;NA;NA;NA;NA;NA
12993392541;2023-04-14T18:11:00Z;2023-07-16T23:57:00Z;2023-05-30T14:00:00Z;NA;Proposta Enviada (SQL);400000,00;NA;NA;NA;400000,00;400000,00;200000,00;200000,00;NA;NA;POSITIVO;Positivo;Serviços de instalações;Proposta;Positivo;Nao;NA;NA;NA;NA;NA
12856570938;2023-04-05T17:08:00Z;2023-06-28T14:35:00Z;2023-04-14T12:07:00Z;NA;Agendamentos Aceitos (SAL);NA;NA;NA;NA;NA;NA;NA;NA;NA;NA;ITAÚ;Itaú;Bancário;Agendamento_Aceito;Itaú;Nao;NA;NA;NA;NA;NA
12826723072;2023-04-03T16:53:00Z;2023-07-19T14:53:00Z;2023-04-10T15:36:00Z;NA;Negócio perdido;NA;NA;NA;NA;NA;NA;NA;NA;"Nós Declinamos; Financeiro; Timing";NA;AGROGALAXY;Agrogalaxy;NA;Agendamento_Aceito;Agrogalaxy;Nao;NA;NA;NA;NA;NA
12776263680;2023-03-29T10:26:00Z;2023-07-19T15:11:00Z;2023-03-28T14:30:00Z;2023-03-31T10:26:00Z;Negócio perdido;720000,00;NA;NA;NA;720000,00;720000,00;0,00;0,00;"Financeiro; Fechou com Concorrente; Desinteresse/Declinou";NA;EUROCHEM;Eurochem;Produtos químicos;Proposta;Eurochem;Nao;NA;NA;NA;NA;NA
12754190484;2023-03-28T18:00:00Z;2023-07-04T16:54:00Z;2023-04-04T15:52:00Z;NA;Negócio perdido;NA;NA;NA;NA;NA;NA;NA;NA;Financeiro;NA;ISLA SEMENTES;Isla Sementes;Serviços financeiros;Agendamento_Aceito;Isla Sementes;Nao;NA;NA;NA;NA;NA
12753468273;2023-03-28T16:05:00Z;2023-06-01T16:53:00Z;2023-04-25T12:04:00Z;NA;Negócio perdido;NA;NA;NA;NA;NA;NA;NA;NA;Financeiro;NA;SPORT CLUB;Sport Club Internacional;Esportes;Diagnostico;Sport Club Internacional;Nao;NA;NA;NA;NA;NA
12688511828;2023-03-23T12:58:00Z;2023-07-04T16:52:00Z;2023-03-27T15:27:00Z;NA;Negócio perdido;NA;NA;NA;NA;NA;NA;NA;NA;"Maturação; Timing";NA;VERDE AGRITECH;Verde AgriTech;Agricultura;Agendamento_Aceito;Verde AgriTech;Nao;NA;NA;NA;NA;NA
12627287415;2023-03-20T14:41:00Z;2023-06-01T16:54:00Z;2023-05-03T09:10:00Z;2023-03-31T14:40:00Z;Negócio perdido;NA;NA;NA;NA;NA;NA;NA;NA;"Fechou com Concorrente; Financeiro";NA;GDM SEEDS;GDM Seeds;NA;Proposta;GDM Seeds;Nao;NA;NA;NA;NA;NA
14266787179;2023-03-16T12:33:00Z;2023-07-24T09:40:00Z;2023-07-24T09:40:00Z;2023-07-31T12:32:00Z;Diagnóstico;147563,17;NA;NA;NA;147563,17;147563,17;59025268,00;59025268,00;NA;NA;SANTANDER;Santander - Novo Negócio;Bancário;Contato;Santander - Novo Negócio;Nao;NA;NA;NA;NA;NA
12431223324;2023-03-07T10:01:00Z;2023-06-15T13:29:00Z;2023-03-15T10:22:00Z;NA;Agendamentos Aceitos (SAL);NA;NA;NA;NA;NA;NA;NA;NA;NA;NA;JOHN DEERE;John Deere;Maquinário;Agendamento_Aceito;John Deere;Nao;NA;NA;NA;NA;NA
12334431491;2023-02-27T18:59:00Z;2023-07-19T14:44:00Z;2023-03-09T16:36:00Z;NA;Negócio perdido;NA;NA;NA;NA;NA;NA;NA;NA;"Não é ICP; Maturação";NA;RESERVASVOTORANTIM;Reservas Votorantim;Atacado;Agendamento_Aceito;Reservas Votorantim;Nao;NA;NA;NA;NA;NA
12268878875;2023-02-22T12:30:00Z;2023-07-04T16:51:00Z;2023-03-01T11:34:00Z;NA;Negócio perdido;NA;NA;NA;NA;NA;NA;NA;NA;Financeiro;NA;VIBRA RESIDENCIAL;Vitta Residencial;NA;Agendamento_Aceito;Vitta Residencial;Nao;NA;NA;NA;NA;NA
12135020909;2023-02-13T08:59:00Z;2023-07-19T15:24:00Z;2023-03-18T10:02:00Z;NA;Negócio perdido;NA;NA;NA;NA;NA;NA;NA;NA;"Fechou com Concorrente; Maturação; Financeiro";NA;GRUPO SALTA;Grupo Salta Educação;NA;Diagnostico;Grupo Salta Educação;Nao;NA;NA;NA;NA;NA
12087770387;2023-02-09T12:44:00Z;2023-05-02T03:00:00Z;2023-02-09T15:46:00Z;NA;Negócio perdido;NA;NA;NA;NA;NA;NA;NA;NA;"Timing; Maturação";NA;GRUPO BERTOLINI;Grupo Bertolini ;Mobília;Agendamento_Aceito;Grupo Bertolini ;Nao;NA;NA;NA;NA;NA
12070187587;2023-02-08T14:33:00Z;2023-07-19T15:38:00Z;2023-05-15T11:52:00Z;NA;Negócio perdido;NA;NA;NA;NA;NA;NA;NA;NA;"Maturação; Timing; Desinteresse/Declinou";NA;LOJAS BENOIT;Lojas Benoit;Varejo;Agendamento_Aceito;Lojas Benoit;Nao;NA;NA;NA;NA;NA
12536215896;2023-01-14T00:00:00Z;2023-07-04T16:55:00Z;2023-03-08T14:30:00Z;NA;Negócio perdido;324000,00;NA;NA;NA;324000,00;324000,00;0,00;0,00;"Maturação; Financeiro; Timing";NA;FORT ATACADISTA;Dom Atacadista;NA;Proposta;Dom Atacadista;Nao;NA;NA;NA;NA;NA
11646251827;2023-01-10T09:48:00Z;2023-07-20T11:43:00Z;2023-02-16T15:30:00Z;NA;Negócio perdido;NA;NA;NA;NA;NA;NA;NA;NA;"Sumiu; Financeiro";NA;DVA;DVA;Atacado;Diagnostico;DVA;Nao;NA;NA;NA;NA;NA
12100866664;2023-01-08T00:00:00Z;2023-03-09T14:36:00Z;2023-02-03T16:00:00Z;NA;Agendamentos Aceitos (SAL);NA;NA;NA;NA;NA;NA;NA;NA;NA;NA;TEMBICI;Tembici;Esportes;Agendamento_Aceito;Tembici;Nao;NA;NA;NA;NA;NA
11557498281;2023-01-02T18:08:00Z;2023-04-03T09:34:00Z;2023-01-13T10:00:00Z;NA;Negócio perdido;NA;NA;NA;NA;NA;NA;NA;NA;Nós Declinamos;NA;CONVERSE;Converse;Vestuário e moda;Agendamento_Aceito;Converse;Nao;NA;NA;NA;NA;NA
11369948255;2022-12-16T13:57:00Z;2023-04-03T09:39:00Z;2023-02-03T19:17:00Z;2022-12-31T13:57:00Z;Negócio perdido;NA;NA;NA;NA;NA;NA;NA;NA;"Financeiro; Desinteresse/Declinou";NA;LOTS GROUP;LOTS Group;Transporte/caminhões/ferrovias;Proposta;LOTS Group;Nao;NA;NA;NA;NA;NA
11266793340;2022-12-08T08:55:00Z;2023-05-30T15:49:00Z;2023-05-30T15:49:00Z;2022-12-31T08:54:00Z;Negócio perdido;NA;NA;NA;NA;NA;NA;NA;NA;Sumiu;NA;SUPER PRIX;SuperPrix;Varejo;Agendamentos;SuperPrix;Nao;NA;NA;NA;NA;NA
11234907490;2022-12-06T10:03:00Z;2023-03-09T14:37:00Z;2022-12-06T10:28:00Z;2022-12-31T10:02:00Z;Negócio perdido;NA;NA;NA;NA;NA;NA;NA;NA;Não é ICP;NA;FINTECHMAGALU;Fintechmagalu;NA;Negocios_Criados;Fintechmagalu;Nao;NA;NA;NA;NA;NA
11156847374;2022-11-30T08:56:00Z;2023-04-12T09:52:00Z;2022-11-30T09:23:00Z;2022-11-30T08:55:00Z;Negócio perdido;NA;NA;NA;NA;NA;NA;NA;NA;"Timing; Desinteresse/Declinou";NA;BRF;BRF;Produção de alimentos;Agendamento_Aceito;BRF;Nao;NA;NA;NA;NA;NA
11146533800;2022-11-29T17:14:00Z;2023-06-21T19:48:00Z;2022-12-13T09:37:00Z;NA;Negócio perdido;NA;NA;NA;NA;NA;NA;NA;NA;Saiu da Empresa;NA;BANCO NEON;Banco next;Serviços financeiros;Agendamentos;Banco next;Nao;NA;NA;NA;NA;NA
11074697233;2022-11-24T11:14:00Z;2023-07-20T11:09:00Z;2023-01-10T10:00:00Z;NA;Negócio perdido;NA;NA;NA;NA;NA;NA;NA;NA;"Timing; Maturação";NA;CARREFOUR;Carrefour;Varejo;Diagnostico;Carrefour;Nao;NA;NA;NA;NA;NA
11070312612;2022-11-23T21:27:00Z;2023-04-03T09:40:00Z;2022-12-01T09:04:00Z;NA;Negócio perdido;NA;NA;NA;NA;NA;NA;NA;NA;Nós Declinamos;NA;GRUPO AGRO;Grupo ATTO;Agricultura;Agendamentos;Grupo ATTO;Nao;NA;NA;NA;NA;NA
11067648141;2022-11-23T18:01:00Z;2023-05-30T17:58:00Z;2022-12-02T11:25:00Z;2022-11-30T18:00:00Z;Negócio perdido;NA;NA;NA;NA;NA;NA;NA;NA;Financeiro;NA;ÁGUA DE;Agua de cheiro;NA;Negocios_Criados;Agua de cheiro;Nao;NA;NA;NA;NA;NA
11027456697;2022-11-21T10:27:00Z;2023-07-19T15:02:00Z;2022-11-25T10:10:00Z;NA;Agendamentos (MQL);NA;NA;NA;NA;NA;NA;NA;NA;NA;NA;RENNOVA;Rennova;Biotecnologia;Agendamento_Aceito;Rennova;Nao;NA;NA;NA;NA;NA
10994423655;2022-11-18T09:54:00Z;2023-07-19T15:28:00Z;2022-11-22T10:13:00Z;NA;Negócio perdido;NA;NA;NA;NA;NA;NA;NA;NA;"Maturação; Timing";NA;SARA;Stara;Agricultura;Agendamento_Aceito;Stara;Nao;NA;NA;NA;NA;NA
10995330926;2022-11-17T11:54:00Z;2023-03-09T14:36:00Z;2023-01-11T11:00:00Z;2022-11-30T11:53:00Z;Negócio perdido;NA;NA;NA;NA;NA;NA;NA;NA;"Fechou com Concorrente; Financeiro";NA;AGROTOKEN;Agrotoken;NA;Proposta;Agrotoken;Nao;NA;NA;NA;NA;NA
10980854596;2022-11-17T10:46:00Z;2023-07-20T11:14:00Z;2022-11-24T10:54:00Z;NA;Negócio perdido;NA;NA;NA;NA;NA;NA;NA;NA;"Timing; Financeiro";NA;BEBIDAS POTY;Bebidas Poty;Alimentos e bebidas;Agendamento_Aceito;Bebidas Poty;Nao;NA;NA;NA;NA;NA
10969649465;2022-11-16T16:38:00Z;2023-03-09T14:36:00Z;2022-11-29T15:28:00Z;2022-11-23T11:30:00Z;Negócio perdido;NA;NA;NA;NA;NA;NA;NA;NA;"Não é ICP; Financeiro";NA;RUMO;Rumo;Transporte/caminhões/ferrovias;Agendamentos;Rumo;Nao;NA;NA;NA;NA;NA
10886978836;2022-11-10T16:39:00Z;2023-03-09T14:36:00Z;2022-11-22T12:47:00Z;2023-01-20T16:32:00Z;Negócio perdido;NA;NA;NA;NA;NA;NA;NA;NA;Maturação;NA;EVINO;Evino;NA;Agendamento_Aceito;Evino;Nao;NA;NA;NA;NA;NA
10859783191;2022-11-08T16:46:00Z;2023-07-20T11:21:00Z;2022-11-09T19:33:00Z;NA;Negócio perdido;NA;NA;NA;NA;NA;NA;NA;NA;Saiu da Empresa;NA;HOSPITAL ALEMÃO;Hospital Alemão Oswaldo Cruz;Hospital e cuidados de saúde;Agendamento_Aceito;Hospital Alemão Oswaldo Cruz;Nao;NA;NA;NA;NA;NA
10844814487;2022-11-07T15:23:00Z;2023-05-30T17:58:00Z;2022-11-21T14:57:00Z;NA;Agendamentos (MQL);NA;NA;NA;NA;NA;NA;NA;NA;NA;NA;AD'ORO;AD'ORO;NA;Agendamentos;AD'ORO;Nao;NA;NA;NA;NA;NA
10766607698;2022-11-01T09:16:00Z;2023-07-19T14:59:00Z;2023-03-24T10:16:00Z;NA;Agendamentos (MQL);NA;NA;NA;NA;NA;NA;NA;NA;NA;NA;JUSSARA LATICINEOS; Jussara Laticineos;Alimentos e bebidas;Agendamento_Aceito;Jussara Laticineos - Retomada;Nao;NA;NA;NA;NA;NA
10677021007;2022-10-24T16:35:00Z;2023-04-03T09:34:00Z;2022-11-10T14:18:00Z;NA;Negócio perdido;NA;NA;NA;NA;NA;NA;NA;NA;"Desinteresse/Declinou; Financeiro";NA;ACCOR;Accor;Hotelaria;Agendamento_Aceito;Accor;Nao;NA;NA;NA;NA;NA
10630221896;2022-10-20T09:43:00Z;2023-04-03T09:41:00Z;2022-10-20T10:19:00Z;2022-10-31T09:41:00Z;Negócio perdido;NA;NA;NA;NA;NA;NA;NA;NA;"Financeiro; Não é ICP";NA;WILEY;Wiley;Publicação;Agendamentos;Wiley;Nao;NA;NA;NA;NA;NA
10619139943;2022-10-19T16:16:00Z;2023-06-26T10:51:00Z;2022-10-26T15:00:00Z;NA;Negócio perdido;NA;NA;NA;NA;NA;NA;NA;NA;"Maturação; Nós Declinamos";NA;NESTLE;Nestlé;Alimentos e bebidas;Agendamento_Aceito;Nestlé;Nao;NA;NA;NA;NA;NA
10615749476;2022-10-18T10:43:00Z;2023-04-03T09:41:00Z;2022-11-22T14:00:00Z;2022-10-31T10:42:00Z;Negócio perdido;NA;NA;NA;NA;NA;NA;NA;NA;Não é ICP;NA;SPRAY-TEC;SPRAYTEC;NA;Agendamentos;SPRAYTEC;Nao;NA;NA;NA;NA;NA
10590690171;2022-10-17T09:55:00Z;2023-07-20T11:28:00Z;2022-11-08T11:30:00Z;NA;Negócio perdido;NA;NA;NA;NA;NA;NA;NA;NA;Não é ICP;NA;ZEN SA;Zensa;Automotivo;Agendamento_Aceito;Zensa;Nao;NA;NA;NA;NA;NA
10358562966;2022-09-29T15:53:00Z;2023-07-04T16:55:00Z;2023-03-16T09:34:00Z;NA;Negócio perdido;NA;NA;NA;NA;NA;NA;NA;NA;"Timing; Maturação";NA;NEW HOLLAND;New Holland - Construction;Maquinário;Diagnostico;New Holland - Construction;Nao;NA;NA;NA;NA;NA
10289777579;2022-09-23T18:05:00Z;2023-03-13T15:03:00Z;2023-02-28T12:00:00Z;2022-11-24T12:07:00Z;Cliente;361995,96;NA;NA;NA;361995,96;361995,96;361995,96;361995,96;NA;NA;COCAMAR;Cocamar - Retomada;Produção de alimentos;Cliente;Cocamar - Retomada;Sim;23/09/22;04/10/22;07/10/22;23/11/22;24/11/22
10282208687;2022-09-22T21:56:00Z;2023-04-03T09:33:00Z;2022-10-11T10:47:00Z;NA;Negócio perdido;NA;NA;NA;NA;NA;NA;NA;NA;"Timing; Desinteresse/Declinou";NA;KUAISHOU;Kuaishou;Software de computador;Agendamento_Aceito;Kuaishou;Nao;NA;NA;NA;NA;NA
10277598247;2022-09-22T15:04:00Z;2023-07-20T11:48:00Z;2023-05-10T15:28:00Z;NA;Agendamentos (MQL);NA;NA;NA;NA;NA;NA;NA;NA;NA;NA;ENEL X; Enel X;Serviços de utilidade pública;Agendamento_Aceito;Enel X ;Nao;NA;NA;NA;NA;NA
10268226307;2022-09-21T17:25:00Z;2023-07-19T15:26:00Z;2022-09-23T11:31:00Z;NA;Negócio perdido;NA;NA;NA;NA;NA;NA;NA;NA;"Sumiu; Timing";NA;CNPBRASIL;CNN Brasil;NA;Agendamento_Aceito;CNN Brasil;Nao;NA;NA;NA;NA;NA
10239355748;2022-09-19T15:09:00Z;2023-04-03T09:33:00Z;2022-10-13T17:24:00Z;NA;Negócio perdido;NA;NA;NA;NA;NA;NA;NA;NA;"Maturação; Saiu da Empresa";NA;NISSAN;Nissan;Automotivo;Agendamento_Aceito;Nissan;Nao;NA;NA;NA;NA;NA
10161938786;2022-09-12T16:40:00Z;2023-07-04T16:56:00Z;2022-09-20T15:30:00Z;NA;Negócio perdido;NA;NA;NA;NA;NA;NA;NA;NA;"Maturação; Desinteresse/Declinou; Timing";NA;SONDA;HONDA;Software de computador;Agendamento_Aceito;HONDA;Nao;NA;NA;NA;NA;NA
10161251850;2022-09-12T16:06:00Z;2023-07-20T11:11:00Z;2022-10-25T15:49:00Z;2023-01-20T16:27:00Z;Negócio perdido;NA;NA;NA;NA;NA;NA;NA;NA;"Sumiu; Desinteresse/Declinou";NA;GAZIT;Gazin;NA;Proposta;Gazin;Nao;NA;NA;NA;NA;NA
10160287395;2022-09-12T12:24:00Z;2023-07-20T11:24:00Z;2022-09-19T11:43:00Z;NA;Negócio perdido;NA;NA;NA;NA;NA;NA;NA;NA;Financeiro;NA;DPASCHOAL;Dpaschoal;Automotivo;Agendamento_Aceito;Dpaschoal;Nao;NA;NA;NA;NA;NA
10117266732;2022-09-08T15:00:00Z;2023-07-20T11:10:00Z;2022-09-29T19:37:00Z;2023-01-20T16:27:00Z;Negócio perdido;NA;NA;NA;NA;NA;NA;NA;NA;Financeiro;NA;TEUTO;Teuto;Farmacêutica;Diagnostico;Teuto;Nao;NA;NA;NA;NA;NA
10067849484;2022-09-05T11:44:00Z;2023-07-20T11:59:00Z;2022-09-20T09:36:00Z;2022-10-03T11:38:00Z;Negócio perdido;NA;NA;NA;NA;NA;NA;NA;NA;"Financeiro; Não é ICP";NA;PORTOBELLO;Portobello;Materiais de construção;Agendamento_Aceito;Portobello - Pointer;Nao;NA;NA;NA;NA;NA
9942666548;2022-08-26T09:52:00Z;2023-05-25T22:36:00Z;2022-10-10T11:36:00Z;NA;Agendamentos (MQL);NA;NA;NA;NA;NA;NA;NA;NA;NA;NA;PEPSICO;PepsiCo;Alimentos e bebidas;Agendamentos;PepsiCo;Nao;NA;NA;NA;NA;NA
9922745002;2022-08-24T16:55:00Z;2023-07-19T14:58:00Z;2022-10-03T17:41:00Z;NA;Negócio perdido;NA;NA;NA;NA;NA;NA;NA;NA;"Financeiro; Timing";NA;FOCO ALUGUEL;Foco Aluguel de Carro;NA;Agendamento_Aceito;Foco Aluguel de Carro;Nao;NA;NA;NA;NA;NA
9910334978;2022-08-23T15:08:00Z;2023-07-19T15:07:00Z;2022-10-26T15:30:00Z;NA;Negócio perdido;NA;NA;NA;NA;NA;NA;NA;NA;Não é ICP;NA;GRUPO LÍDER;Grupo Líder;NA;Proposta;Grupo Líder;Nao;NA;NA;NA;NA;NA
9907461386;2022-08-23T11:32:00Z;2023-03-30T17:08:00Z;2022-08-23T14:47:00Z;NA;Negócio perdido;NA;NA;NA;NA;NA;NA;NA;NA;Não é ICP;NA;WE PINK;We Pink;NA;Agendamento_Aceito;We Pink;Nao;NA;NA;NA;NA;NA
9892494180;2022-08-22T08:28:00Z;2023-06-26T10:51:00Z;2023-04-12T15:00:00Z;NA;Proposta Enviada (SQL);NA;NA;NA;NA;NA;NA;NA;NA;NA;NA;JBS;JBS;Produção de alimentos;Proposta;JBS;Nao;NA;NA;NA;NA;NA
9892391035;2022-08-22T08:28:00Z;2023-04-03T09:31:00Z;2022-08-23T14:30:00Z;NA;Negócio perdido;NA;NA;NA;NA;NA;NA;NA;NA;Não é ICP;NA;BAYER PHARMACEUTICALS;Bayer Pharmaceuticals;Farmacêutica;Agendamento_Aceito;Bayer Pharmaceuticals;Nao;NA;NA;NA;NA;NA
9872374867;2022-08-19T17:03:00Z;2023-07-19T15:20:00Z;2023-03-20T09:30:00Z;NA;Negócio perdido;NA;NA;NA;NA;NA;NA;NA;NA;"Desinteresse/Declinou; Timing";NA;PETZ; Petz - Retomada;NA;Diagnostico; Petz - Retomada;Nao;NA;NA;NA;NA;NA
9849094535;2022-08-17T14:05:00Z;2023-04-03T09:40:00Z;2022-10-11T09:40:00Z;NA;Negócio perdido;NA;NA;NA;NA;NA;NA;NA;NA;"Maturação; Timing";NA;NATURA&CO;Natura&CO;Cosméticos;Diagnostico;Natura&CO;Nao;NA;NA;NA;NA;NA
9767065765;2022-08-09T09:24:00Z;2023-03-13T15:18:00Z;2022-09-13T09:29:00Z;2022-08-31T09:24:00Z;Negócio perdido;9142,10;NA;NA;NA;9142,10;9142,10;0,00;0,00;Desinteresse/Declinou;NA;DIGIO;Digio;Tecnologia da informação e serviços;Proposta;Digio - Upsell III;Nao;NA;NA;NA;NA;NA
9694270742;2022-08-03T23:52:00Z;2023-03-09T14:36:00Z;2022-10-04T15:03:00Z;2022-09-07T21:28:00Z;Cliente;404911,98;NA;NA;NA;404911,98;404911,98;404911,98;404911,98;NA;NA;MART MINAS;Mart Minas;Tecnologia da informação e serviços;Cliente;Mart Minas - Renovação 50%;Sim;03/08/22;05/08/22;19/08/22;24/08/22;07/09/22
9691251818;2022-08-03T14:24:00Z;2023-07-19T14:47:00Z;2022-08-11T14:31:00Z;NA;Negócio perdido;NA;NA;NA;NA;NA;NA;NA;NA;"Timing; Saiu da Empresa; Não é ICP; Financeiro";NA;ZOOP;Zoop;Tecnologia da informação e serviços;Agendamento_Aceito;Zoop;Nao;NA;NA;NA;NA;NA
9671392000;2022-08-01T22:26:00Z;2023-04-03T09:32:00Z;2022-09-16T11:29:00Z;NA;Negócio perdido;NA;NA;NA;NA;NA;NA;NA;NA;"Financeiro; Nós Declinamos";NA;GRUPO MULTITÉCNICA;Grupo Multitécnica;Produtos químicos;Agendamento_Aceito;Grupo Multitécnica;Nao;NA;NA;NA;NA;NA
9556284505;2022-07-21T15:29:00Z;2023-03-09T14:36:00Z;2022-08-02T16:28:00Z;2022-10-07T14:44:00Z;Negócio perdido;NA;NA;NA;NA;NA;NA;NA;NA;Não é ICP;NA;ULTRAGAZ;Ultragaz;Petróleo e energia;Agendamento_Aceito;Ultragaz;Nao;NA;NA;NA;NA;NA
9554698256;2022-07-21T12:54:00Z;2023-03-09T14:36:00Z;2022-08-11T15:33:00Z;NA;Negócio perdido;NA;NA;NA;NA;NA;NA;NA;NA;"Timing; Maturação";NA;GRUPO ONCOCLINICAS;Grupo Oncoclinicas;Hospital e cuidados de saúde;Agendamento_Aceito;Grupo Oncoclinicas;Nao;NA;NA;NA;NA;NA
9535985760;2022-07-19T17:08:00Z;2023-07-20T11:12:00Z;2022-07-22T14:27:00Z;NA;Negócio perdido;NA;NA;NA;NA;NA;NA;NA;NA;"Financeiro; Timing";NA;WAP;WAP;Bens de consumo;Agendamento_Aceito;WAP;Nao;NA;NA;NA;NA;NA
9533639733;2022-07-19T11:37:00Z;2023-04-03T09:30:00Z;2022-07-26T09:00:00Z;NA;Negócio perdido;NA;NA;NA;NA;NA;NA;NA;NA;"Sumiu; Nós Declinamos";NA;MOURA DUBEUX;Moura Dubeux;Construção;Agendamento_Aceito;Moura Dubeux;Nao;NA;NA;NA;NA;NA
9714001725;2022-07-15T11:49:00Z;2023-03-09T14:36:00Z;2022-08-12T09:00:00Z;2022-08-31T11:47:00Z;Negócio perdido;NA;NA;NA;NA;NA;NA;NA;NA;"Desinteresse/Declinou; Timing";NA;PRIME CURSOS;Prime Cursos II  Upsell;Software de computador;Proposta;Prime Cursos II  Upsell;Nao;NA;NA;NA;NA;NA
9492773640;2022-07-14T08:20:00Z;2023-03-09T14:36:00Z;2022-09-23T12:38:00Z;2022-10-19T18:30:00Z;Negócio perdido;622968,24;NA;NA;NA;622968,24;622968,24;0,00;0,00;Timing;NA;PAMPLONA ALIMENTOS;Pamplona Alimentos;Produção de alimentos;Proposta;Pamplona Alimentos;Nao;NA;NA;NA;NA;NA
9458850179;2022-07-11T11:43:00Z;2023-03-13T15:18:00Z;2022-08-11T09:00:00Z;NA;Negócio perdido;NA;NA;NA;NA;NA;NA;NA;NA;"Saiu da Empresa; Sumiu";NA;RENAULT;Renault;Automotivo;Diagnostico;Renault;Nao;NA;NA;NA;NA;NA
9435779855;2022-07-08T15:22:00Z;2023-06-01T10:16:00Z;2022-08-30T15:10:00Z;NA;Negócio perdido;NA;NA;NA;NA;NA;NA;NA;NA;Financeiro;NA;MALLORY ELETROPORTÁTEIS;Mallory Eletroportáteis ;Eletrônicos de consumo;Diagnostico;Mallory Eletroportáteis ;Nao;NA;NA;NA;NA;NA
9434955293;2022-07-07T12:09:00Z;2023-07-13T09:41:00Z;2022-08-12T10:36:00Z;2022-07-31T12:03:00Z;Negócio perdido;NA;NA;NA;NA;NA;NA;NA;NA;Nós Declinamos;NA;EMBELLEZE;Embelleze;Cosméticos;Diagnostico;Embelleze;Nao;NA;NA;NA;NA;NA
9342483878;2022-06-29T10:46:00Z;2023-03-13T15:16:00Z;2022-09-15T11:28:00Z;NA;Negócio perdido;NA;NA;NA;NA;NA;NA;NA;NA;"Desinteresse/Declinou; Financeiro";NA;ALPER SEGUROS;Alper Seguros;Seguro;Diagnostico;Alper Seguros;Nao;NA;NA;NA;NA;NA
9335197262;2022-06-28T16:26:00Z;2023-03-09T14:36:00Z;2022-07-18T15:00:00Z;2022-08-10T13:41:00Z;Negócio perdido;NA;NA;NA;NA;NA;NA;NA;NA;"Fechou com Concorrente; Financeiro";NA;MOSAIC BRASIL;Mosaic Brasil;Produtos químicos;Diagnostico;Mosaic Brasil;Nao;NA;NA;NA;NA;NA
9335038859;2022-06-28T16:26:00Z;2023-03-09T14:36:00Z;2022-07-21T15:15:00Z;NA;Negociação;950000,00;NA;NA;NA;950000,00;950000,00;665000,00;665000,00;NA;NA;CENCOSUD;Cencosud;Varejo;Proposta;Cencosud;Nao;NA;NA;NA;NA;NA
9321003094;2022-06-27T15:25:00Z;2023-07-17T22:58:00Z;2022-10-03T17:40:00Z;NA;Negócio perdido;NA;NA;NA;NA;NA;NA;NA;NA;Maturação;NA;JACTO; Jacto;Maquinário;Diagnostico; Jacto;Nao;NA;NA;NA;NA;NA
9320851333;2022-06-27T15:17:00Z;2023-07-19T15:26:00Z;2023-05-02T10:23:00Z;2022-08-10T13:43:00Z;Negócio perdido;NA;NA;NA;NA;NA;NA;NA;NA;"Sumiu; Não é ICP";NA;MOTA SUPERMERCADOS;Sonda Supermercados;Varejo;Proposta;Sonda Supermercados;Nao;NA;NA;NA;NA;NA
9266863369;2022-06-21T18:39:00Z;2023-03-09T14:36:00Z;2022-07-15T16:00:00Z;NA;Negócio perdido;NA;NA;NA;NA;NA;NA;NA;NA;"Desinteresse/Declinou; Sumiu";NA;LEITE DE;Leite de Rosas;Saúde, bem-estar e fitness;Diagnostico;Leite de Rosas;Nao;NA;NA;NA;NA;NA
9145229174;2022-06-09T18:22:00Z;2023-03-09T14:36:00Z;2022-06-22T10:46:00Z;2022-08-10T13:39:00Z;Negócio perdido;NA;NA;NA;NA;NA;NA;NA;NA;"Financeiro; Maturação";NA;AYUMI SUPERMERCADOS;Ayumi Supermercados;NA;Agendamento_Aceito;Ayumi Supermercados;Nao;NA;NA;NA;NA;NA
9142920225;2022-06-09T12:32:00Z;2023-07-19T15:09:00Z;2022-07-04T19:14:00Z;NA;Negócio perdido;510000,00;NA;NA;NA;510000,00;510000,00;0,00;0,00;"Fechou com Concorrente; Financeiro";NA;BOMBRIL;Bombril ;Produtos químicos;Proposta;Bombril ;Nao;NA;NA;NA;NA;NA
9134056239;2022-06-08T16:10:00Z;2023-06-22T11:12:00Z;2022-07-07T18:27:00Z;2022-08-09T16:18:00Z;Negócio perdido;NA;NA;NA;NA;NA;NA;NA;NA;Financeiro;NA;ENXUTO SUPERMERCADOS; Enxuto Supermercados ;Varejo;Diagnostico; Enxuto Supermercados ;Nao;NA;NA;NA;NA;NA
9059767372;2022-05-31T16:06:00Z;2023-03-09T14:36:00Z;2022-06-24T11:09:00Z;2022-08-10T13:41:00Z;Negócio perdido;NA;NA;NA;NA;NA;NA;NA;NA;Não é ICP;NA;ZENATUR;Zenatur;Logística e cadeia de suprimento;Diagnostico;Zenatur;Nao;NA;NA;NA;NA;NA
8947390720;2022-05-18T15:02:00Z;2023-07-19T14:43:00Z;2022-06-03T11:00:00Z;2022-06-06T11:16:00Z;Negócio perdido;NA;NA;NA;NA;NA;NA;NA;NA;"Financeiro; Não é ICP; Nós Declinamos";NA;CORDEIRO SUPERMERCADOS;Celeiro Supermercados;NA;Agendamento_Aceito;Celeiro Supermercados;Nao;NA;NA;NA;NA;NA
8938556759;2022-05-17T16:41:00Z;2023-04-03T09:42:00Z;2022-06-01T11:00:00Z;2022-05-31T16:41:00Z;Negócio perdido;NA;NA;NA;NA;NA;NA;NA;NA;Sumiu;NA;BARRY CALLEBAUT;Barry Callebaut;Produção de alimentos;Agendamentos;Barry Callebaut;Nao;NA;NA;NA;NA;NA
8891831424;2022-05-12T12:46:00Z;2023-07-19T15:09:00Z;2022-05-19T16:13:00Z;2022-05-31T16:02:00Z;Negócio perdido;NA;NA;NA;NA;NA;NA;NA;NA;"Financeiro; Não é ICP";NA;PRIMA FOODS;Prima Foods ;Alimentos e bebidas;Agendamento_Aceito;Prima Foods ;Nao;NA;NA;NA;NA;NA
8860080758;2022-05-09T17:09:00Z;2023-03-09T14:37:00Z;2022-06-10T10:00:00Z;NA;Negócio perdido;NA;NA;NA;NA;NA;NA;NA;NA;"Financeiro; Não é ICP";NA;IQUAGAMI SUPERMERCADOS;Iquegami Supermercados;NA;Agendamento_Aceito;Iquegami Supermercados;Nao;NA;NA;NA;NA;NA
9185739073;2022-05-06T00:00:00Z;2023-05-12T10:13:00Z;2022-07-11T17:00:00Z;2022-11-11T11:34:00Z;Cliente;616536,00;NA;NA;NA;616536,00;616536,00;616536,00;616536,00;NA;NA;FARMADELIVERY;Farmadelivery II ;NA;Cliente;Farmadelivery II ;Sim;02/06/22;10/06/22;14/06/22;14/10/22;11/11/22
8785636688;2022-05-02T14:03:00Z;2023-03-09T14:37:00Z;2022-05-30T19:37:00Z;2023-02-09T10:04:00Z;Negócio perdido;720000,00;NA;NA;NA;720000,00;720000,00;0,00;0,00;Financeiro;NA;NK SEMENTES;NK Sementes (Syngenta) - Portal;Agricultura;Proposta;NK Sementes (Syngenta) - Portal;Nao;NA;NA;NA;NA;NA
8784596653;2022-05-02T11:54:00Z;2023-04-03T09:29:00Z;2022-06-30T08:57:00Z;2022-05-17T16:42:00Z;Negócio perdido;NA;NA;NA;NA;NA;NA;NA;NA;"Timing; Nós Declinamos";NA;VALMONT;Valmont;Maquinário;Agendamento_Aceito;Valmont;Nao;NA;NA;NA;NA;NA
8808339045;2022-05-02T00:00:00Z;2023-03-09T14:36:00Z;2022-06-30T17:51:00Z;2022-07-04T19:01:00Z;Cliente;217872,00;NA;NA;NA;217872,00;217872,00;217872,00;217872,00;NA;NA;NIMGENETICS;Nim Genetics;Biotecnologia;Cliente;Nim Genetics;Sim;02/05/22;09/05/22;16/05/22;08/06/22;30/06/22
8521807490;2022-04-05T11:03:00Z;2023-03-09T14:36:00Z;2022-04-07T15:25:00Z;2022-04-20T12:13:00Z;Negócio perdido;NA;NA;NA;NA;NA;NA;NA;NA;Maturação;NA;GRUPO REDEBRASIL;Grupo Redebrasil;Serviços financeiros;Agendamento_Aceito;Grupo Redebrasil;Nao;NA;NA;NA;NA;NA
8444212021;2022-04-01T17:47:00Z;2023-03-09T14:36:00Z;2022-04-08T10:45:00Z;2022-04-20T12:19:00Z;Negócio perdido;NA;NA;NA;NA;NA;NA;NA;NA;"Financeiro; Não é ICP";NA;UNIPAR;Unipac;Ensino superior;Agendamento_Aceito;Unipac;Nao;NA;NA;NA;NA;NA
8437713017;2022-04-01T15:20:00Z;2023-03-09T14:36:00Z;2022-04-06T11:49:00Z;2022-04-06T11:49:00Z;Negócio perdido;NA;NA;NA;NA;NA;NA;NA;NA;"Financeiro; Não é ICP";NA;EUCATUR;EUCATUR;Transporte/caminhões/ferrovias;Agendamento_Aceito;EUCATUR;Nao;NA;NA;NA;NA;NA
8401843003;2022-03-30T08:12:00Z;2023-07-19T14:47:00Z;2022-04-20T17:28:00Z;2022-05-17T16:42:00Z;Negócio perdido;NA;NA;NA;NA;NA;NA;NA;NA;Não é ICP;NA;CASTRILLON AUTOPEÇAS; Castrillon Autopeças;NA;Agendamento_Aceito; Castrillon Autopeças;Nao;NA;NA;NA;NA;NA
8391202363;2022-03-29T16:42:00Z;2023-03-09T14:36:00Z;2022-04-10T15:35:00Z;2022-04-10T15:16:00Z;Negócio perdido;NA;NA;NA;NA;NA;NA;NA;NA;"Timing; Maturação";NA;METALÚRGICA FEY;Metalúrgica Fey ;Engenharia mecânica ou industrial;Agendamento_Aceito;Metalúrgica Fey ;Nao;NA;NA;NA;NA;NA
8344505364;2022-03-24T11:56:00Z;2023-07-20T11:25:00Z;2022-04-01T16:00:00Z;2022-04-20T12:13:00Z;Negócio perdido;NA;NA;NA;NA;NA;NA;NA;NA;"Nós Declinamos; Não é ICP";NA;VETBR SAÚDE; VetBR Saúde Animal ;NA;Agendamento_Aceito; VetBR Saúde Animal ;Nao;NA;NA;NA;NA;NA
8343752003;2022-03-24T09:36:00Z;2023-07-19T15:38:00Z;2022-11-21T14:57:00Z;2022-05-31T15:59:00Z;Negócio perdido;NA;NA;NA;NA;NA;NA;NA;NA;"Fechou com Concorrente; Timing; Maturação";NA;AD'ORO;AD'ORO;Cosméticos;Agendamento_Aceito;AD'ORO;Nao;NA;NA;NA;NA;NA
8322344064;2022-03-23T11:39:00Z;2023-07-19T15:20:00Z;2022-07-08T18:02:00Z;2022-08-09T16:18:00Z;Negócio perdido;NA;NA;NA;NA;NA;NA;NA;NA;"Sumiu; Desinteresse/Declinou";NA;GRUPOSEMAR;Grupo Semar Supermercados;NA;Diagnostico;Grupo Semar Supermercados;Nao;NA;NA;NA;NA;NA
8304208765;2022-03-21T16:49:00Z;2023-07-19T14:50:00Z;2023-05-10T15:21:00Z;NA;Negócio perdido;307308,00;NA;NA;NA;307308,00;307308,00;0,00;0,00;"Timing; Desinteresse/Declinou; Maturação";NA;SAS PLATAFORMA;SAS Plataforma de Educação;NA;Proposta;SAS Plataforma de Educação;Nao;NA;NA;NA;NA;NA
8301515184;2022-03-21T12:03:00Z;2023-07-19T15:27:00Z;2022-03-28T14:05:00Z;2022-04-07T09:52:00Z;Negócio perdido;NA;NA;NA;NA;NA;NA;NA;NA;"Não é ICP; Nós Declinamos";NA;GRUPO PRINER;Grupo Priner;NA;Agendamento_Aceito;Grupo Priner;Nao;NA;NA;NA;NA;NA
8264520809;2022-03-18T17:35:00Z;2023-07-20T11:13:00Z;2022-04-04T16:00:00Z;2022-04-20T12:20:00Z;Negócio perdido;NA;NA;NA;NA;NA;NA;NA;NA;"Nós Declinamos; Não é ICP";NA;APSA;APSA;Imobiliária;Agendamento_Aceito;APSA;Nao;NA;NA;NA;NA;NA
8263921938;2022-03-18T16:58:00Z;2023-06-19T08:18:00Z;2022-07-14T11:38:00Z;2022-07-14T11:37:00Z;Negócio perdido;NA;NA;NA;NA;NA;NA;NA;NA;"Timing; Sumiu";NA;LUNELLI;Lunelli;Vestuário e moda;Agendamentos;Lunelli;Nao;NA;NA;NA;NA;NA
8253354841;2022-03-17T17:22:00Z;2023-03-09T14:37:00Z;2022-04-13T10:16:00Z;2022-06-13T08:50:00Z;Negócio perdido;NA;NA;NA;NA;NA;NA;NA;NA;"Sumiu; Timing";NA;PRODAP;Prodap;Bens de consumo;Agendamento_Aceito;Prodap;Nao;NA;NA;NA;NA;NA
8239766660;2022-03-16T10:16:00Z;2023-03-09T14:36:00Z;2022-03-23T14:43:00Z;2022-04-20T12:14:00Z;Negócio perdido;NA;NA;NA;NA;NA;NA;NA;NA;"Maturação; Não é ICP; Timing";NA;SHOPPING RECIFE;Shopping Recife;Varejo;Agendamento_Aceito;Shopping Recife;Nao;NA;NA;NA;NA;NA
8235144739;2022-03-15T22:01:00Z;2023-07-20T11:23:00Z;2022-08-10T08:00:00Z;2022-08-24T11:12:00Z;Proposta Enviada (SQL);445722,96;NA;NA;NA;445722,96;445722,96;222861,48;222861,48;NA;NA;PORTO ITAPOÁ; Porto Itapoá;Transporte/caminhões/ferrovias;Proposta; Porto Itapoá;Nao;NA;NA;NA;NA;NA
8242183344;2022-03-15T16:39:00Z;2023-03-09T14:36:00Z;2022-04-28T14:50:00Z;2022-07-04T16:22:00Z;Negócio perdido;NA;NA;NA;NA;NA;NA;NA;NA;"Timing; Não é ICP";NA;ALTERDATA SOFTWARE;Alterdata Software II;Software de computador;Proposta;Alterdata Software II;Nao;NA;NA;NA;NA;NA
8230722315;2022-03-15T11:50:00Z;2023-07-19T15:12:00Z;2022-09-06T12:25:00Z;2022-10-19T18:30:00Z;Negócio perdido;NA;NA;NA;NA;NA;NA;NA;NA;Saiu da Empresa;NA;WISE SOLUÇÕES;Wiz Soluções;Serviços financeiros;Proposta;Wiz Soluções;Nao;NA;NA;NA;NA;NA
8230620996;2022-03-15T11:34:00Z;2023-06-26T10:50:00Z;2022-03-18T17:30:00Z;2022-04-20T12:17:00Z;Negócio perdido;NA;NA;NA;NA;NA;NA;NA;NA;Não é ICP;NA;VALEO; Vale;Automotivo;Agendamento_Aceito; Vale;Nao;NA;NA;NA;NA;NA
8218762164;2022-03-14T11:21:00Z;2023-03-09T14:36:00Z;2022-03-21T11:00:00Z;2022-04-20T12:14:00Z;Negócio perdido;NA;NA;NA;NA;NA;NA;NA;NA;Não é ICP;NA;MEDABIL;Medabil;Construção;Agendamento_Aceito;Medabil;Nao;NA;NA;NA;NA;NA
8218716681;2022-03-14T10:55:00Z;2023-07-19T15:45:00Z;2022-05-09T17:30:00Z;2022-05-09T17:32:00Z;Negócio perdido;NA;NA;NA;NA;NA;NA;NA;NA;"Timing; Maturação";NA;FREITAS VAREJO;Freitas Varejo;Varejo;Agendamento_Aceito;Freitas Varejo;Nao;NA;NA;NA;NA;NA
8195134813;2022-03-11T09:59:00Z;2023-03-09T14:36:00Z;2022-04-08T10:00:00Z;2022-05-09T15:35:00Z;Negócio perdido;NA;NA;NA;NA;NA;NA;NA;NA;"Não é ICP; Nós Declinamos";NA;HOSPITAL ERNESTO;Hospital Ernesto Dornelles;Hospital e cuidados de saúde;Agendamento_Aceito;Hospital Ernesto Dornelles;Nao;NA;NA;NA;NA;NA
8188477081;2022-03-10T17:34:00Z;2023-03-09T14:36:00Z;2022-04-05T18:53:00Z;2022-07-01T16:36:00Z;Negócio perdido;NA;NA;NA;NA;NA;NA;NA;NA;"Não é ICP; Sumiu";NA;7COMM;7COMm;Tecnologia da informação e serviços;Diagnostico;7COMm;Nao;NA;NA;NA;NA;NA
8184437058;2022-03-10T10:56:00Z;2023-07-19T15:31:00Z;2022-03-15T16:42:00Z;2022-04-20T12:18:00Z;Negócio perdido;NA;NA;NA;NA;NA;NA;NA;NA;Maturação;NA;DAKI;Daki ;Varejo;Agendamento_Aceito;Daki ;Nao;NA;NA;NA;NA;NA
8184436663;2022-03-10T10:54:00Z;2023-07-19T15:33:00Z;2022-03-16T16:33:00Z;2022-05-31T16:00:00Z;Negócio perdido;NA;NA;NA;NA;NA;NA;NA;NA;"Maturação; Timing";NA;NBCUNIVERSAL;NBCUniversal;NA;Agendamento_Aceito;NBCUniversal;Nao;NA;NA;NA;NA;NA
8176898414;2022-03-09T13:43:00Z;2023-03-09T14:36:00Z;2022-02-09T15:00:00Z;2022-04-20T12:09:00Z;Negócio perdido;NA;NA;NA;NA;NA;NA;NA;NA;Nós Declinamos;NA;GRUPO GR;Grupo OR II - Upsell;Segurança e investigações;Negocios_Criados;Grupo OR II - Upsell;Nao;NA;NA;NA;NA;NA
8169055888;2022-03-08T18:23:00Z;2023-07-19T14:42:00Z;2022-03-18T16:07:00Z;2022-05-17T16:42:00Z;Negócio perdido;NA;NA;NA;NA;NA;NA;NA;NA;"Nós Declinamos; Financeiro";NA;UNIDASUL;UnidaSul;NA;Agendamento_Aceito;UnidaSul;Nao;NA;NA;NA;NA;NA
8168954119;2022-03-08T17:08:00Z;2023-07-20T11:32:00Z;2023-04-15T12:29:00Z;2022-07-06T11:54:00Z;Cliente;636000,00;NA;NA;NA;636000,00;636000,00;636000,00;636000,00;NA;NA;DEEZER;Deezer;Software de computador;Cliente;Deezer;Sim;15/03/22;07/04/22;25/04/22;27/05/22;10/06/22
8165996143;2022-03-08T11:00:00Z;2023-07-20T11:14:00Z;2022-04-04T13:45:00Z;2022-05-04T14:18:00Z;Negócio perdido;NA;NA;NA;NA;NA;NA;NA;NA;Financeiro;NA;LIBERTY SEGUROS;Liberty Seguros;Seguro;Proposta;Liberty Seguros - Affinity;Nao;NA;NA;NA;NA;NA
8126020723;2022-03-04T15:57:00Z;2023-07-20T11:53:00Z;2022-03-07T17:02:00Z;2022-05-17T16:42:00Z;Negócio perdido;NA;NA;NA;NA;NA;NA;NA;NA;"Não é ICP; Nós Declinamos; Financeiro";NA;SCANSOURCE;ScanSource;Hardware de computador;Agendamento_Aceito;ScanSource;Nao;NA;NA;NA;NA;NA
8105310560;2022-03-02T19:22:00Z;2023-07-19T15:00:00Z;2022-03-07T16:30:00Z;2022-04-07T10:07:00Z;Negócio perdido;NA;NA;NA;NA;NA;NA;NA;NA;"Não é ICP; Nós Declinamos";NA;LANGUIRU;Languiru;Alimentos e bebidas;Agendamento_Aceito;Languiru;Nao;NA;NA;NA;NA;NA
8102366235;2022-03-02T13:30:00Z;2023-03-09T14:36:00Z;2022-03-03T17:00:00Z;2022-04-20T12:14:00Z;Negócio perdido;NA;NA;NA;NA;NA;NA;NA;NA;Não é ICP;NA;LOPES CONSULTORIA;Lopes Consultoria de Imóveis ;Imobiliária;Agendamento_Aceito;Lopes Consultoria de Imóveis ;Nao;NA;NA;NA;NA;NA
7992981272;2022-02-22T13:09:00Z;2023-03-09T14:36:00Z;2022-05-17T17:31:00Z;2022-07-19T18:00:00Z;Negócio perdido;NA;NA;NA;NA;NA;NA;NA;NA;"Desinteresse/Declinou; Sumiu";NA;REDE GRAAL;Rede Graal;Restaurantes;Agendamento_Aceito;Rede Graal;Nao;NA;NA;NA;NA;NA
7992382761;2022-02-22T11:31:00Z;2023-07-20T11:13:00Z;2022-04-12T10:08:00Z;2022-04-28T14:26:00Z;Negócio perdido;NA;NA;NA;NA;NA;NA;NA;NA;"Não é ICP; Sumiu; Nós Declinamos";NA;DONIZETE DISTRIBUIDORA;Donizete Distribuidora;Logística e cadeia de suprimento;Agendamento_Aceito;Donizete Distribuidora;Nao;NA;NA;NA;NA;NA
7941424019;2022-02-18T10:23:00Z;2023-03-09T14:37:00Z;2022-04-05T19:03:00Z;2022-03-30T14:39:00Z;Proposta Enviada (SQL);269234,28;NA;NA;NA;269234,28;269234,28;134617,14;134617,14;NA;NA;UNICAMPO;Unicampo;Agricultura;Proposta;Unicampo;Nao;NA;NA;NA;NA;NA
7874288537;2022-02-10T11:19:00Z;2023-07-20T11:53:00Z;2022-02-17T15:31:00Z;2022-04-20T12:14:00Z;Negócio perdido;NA;NA;NA;NA;NA;NA;NA;NA;Não é ICP;NA;GRUPO BARCELOS;Grupo Barcelos;Serviços jurídicos;Agendamento_Aceito;Grupo Barcelos;Nao;NA;NA;NA;NA;NA
7857425845;2022-02-08T17:26:00Z;2023-07-19T15:05:00Z;2022-03-08T15:00:00Z;2022-05-04T14:18:00Z;Negócio perdido;NA;NA;NA;NA;NA;NA;NA;NA;Saiu da Empresa;NA;CNH INDUSTRIAL;CNH Industrial - New Holland;NA;Agendamento_Aceito;CNH Industrial - New Holland;Nao;NA;NA;NA;NA;NA
7846319660;2022-02-07T15:52:00Z;2023-05-11T11:24:00Z;2023-05-11T11:24:00Z;2022-07-14T12:07:00Z;Cliente;717721,20;NA;NA;NA;717721,20;717721,20;717721,20;717721,20;NA;NA;CITROSUCO;Citrosuco;Produção de alimentos;Cliente;Citrosuco;Sim;07/02/22;24/03/22;14/04/22;08/06/22;14/07/22
7845344878;2022-02-07T13:51:00Z;2023-03-09T14:36:00Z;2022-02-10T14:49:00Z;2022-04-20T12:24:00Z;Negócio perdido;NA;NA;NA;NA;NA;NA;NA;NA;Não é ICP;NA;BUONNY;Buonny;Segurança e investigações;Agendamento_Aceito;Buonny;Nao;NA;NA;NA;NA;NA
7843495456;2022-02-07T12:02:00Z;2023-07-19T15:01:00Z;2022-04-11T16:43:00Z;2022-05-17T16:20:00Z;Negócio perdido;NA;NA;NA;NA;NA;NA;NA;NA;Desinteresse/Declinou;NA;IRB BRASIL;AB Brasil;Seguro;Diagnostico;AB Brasil;Nao;NA;NA;NA;NA;NA
7797871203;2022-02-02T14:08:00Z;2023-07-20T11:42:00Z;2022-04-13T11:43:00Z;2022-08-10T13:40:00Z;Negócio perdido;NA;NA;NA;NA;NA;NA;NA;NA;"Timing; Desinteresse/Declinou; Maturação";NA;KWS GROUP;KWS Group;Agricultura;Agendamento_Aceito;KWS Group;Nao;NA;NA;NA;NA;NA
7795634522;2022-02-02T11:27:00Z;2023-06-27T11:48:00Z;2023-01-19T11:23:00Z;NA;Negócio perdido;NA;NA;NA;NA;NA;NA;NA;NA;"Maturação; Timing";NA;PIRELLI;Pirelli;Automotivo;Diagnostico;Pirelli;Nao;NA;NA;NA;NA;NA
7789205783;2022-02-01T16:12:00Z;2023-03-09T14:36:00Z;2022-03-03T10:44:00Z;2022-03-03T10:43:00Z;Negócio perdido;NA;NA;NA;NA;NA;NA;NA;NA;Desinteresse/Declinou;NA;ESPORTE CLUBE; Esporte Clube Pinheiros;Esportes;Agendamento_Aceito; Esporte Clube Pinheiros;Nao;NA;NA;NA;NA;NA
7751609754;2022-01-28T11:26:00Z;2023-07-20T11:30:00Z;2022-03-07T08:51:00Z;2022-04-07T10:16:00Z;Negócio perdido;NA;NA;NA;NA;NA;NA;NA;NA;"Não é ICP; Timing; Nós Declinamos";NA;IC TRANSPORTES;IC Transportes;NA;Agendamento_Aceito;IC Transportes;Nao;NA;NA;NA;NA;NA
7656709761;2022-01-21T14:15:00Z;2023-07-19T15:22:00Z;2022-02-26T14:00:00Z;2022-04-20T12:15:00Z;Negócio perdido;NA;NA;NA;NA;NA;NA;NA;NA;Não é ICP;NA;BLU LOGISTICS;Blu Logistics Brasil;Logística e cadeia de suprimento;Agendamento_Aceito;Blu Logistics Brasil;Nao;NA;NA;NA;NA;NA
7464886900;2022-01-10T13:27:00Z;2023-07-19T15:30:00Z;2022-01-14T14:00:00Z;2022-04-20T12:28:00Z;Negócio perdido;NA;NA;NA;NA;NA;NA;NA;NA;"Maturação; Timing";NA;BROTO;Broto;NA;Diagnostico;Broto;Nao;NA;NA;NA;NA;NA
7315686716;2021-12-22T10:05:00Z;2023-05-30T17:58:00Z;2022-05-31T10:55:00Z;2022-02-14T12:31:00Z;Negócio perdido;NA;NA;NA;NA;NA;NA;NA;NA;Sumiu;NA;BRADESCO SEGUROS;Bradesco Seguros;Seguro;Agendamentos;Bradesco Seguros;Nao;NA;NA;NA;NA;NA
7274350383;2021-12-17T11:33:00Z;2023-04-18T17:48:00Z;2022-01-12T15:49:00Z;2022-04-20T12:22:00Z;Negócio perdido;NA;NA;NA;NA;NA;NA;NA;NA;"Timing; Maturação";NA;SONEDA;Sonda;Tecnologia da informação e serviços;Agendamento_Aceito;Sonda;Nao;NA;NA;NA;NA;NA
7254907909;2021-12-15T10:14:00Z;2023-03-09T14:36:00Z;2021-12-22T11:12:00Z;NA;Negócio perdido;NA;NA;NA;NA;NA;NA;NA;NA;Sumiu;NA;STOCCHE FORBES;Stocche Forbes Advogados;Serviços jurídicos;Agendamento_Aceito;Stocche Forbes Advogados;Nao;NA;NA;NA;NA;NA
7234053502;2021-12-13T11:46:00Z;2023-03-09T14:37:00Z;2022-01-07T16:48:00Z;2022-04-20T12:16:00Z;Negócio perdido;NA;NA;NA;NA;NA;NA;NA;NA;"Desinteresse/Declinou; Saiu da Empresa";NA;SAPORE;Sapore;Restaurantes;Agendamento_Aceito;Sapore;Nao;NA;NA;NA;NA;NA
7204413836;2021-12-09T15:08:00Z;2023-07-20T11:38:00Z;2021-12-16T13:32:00Z;NA;Negócio perdido;NA;NA;NA;NA;NA;NA;NA;NA;Não é ICP;NA;BSI;BSI;Consultoria de gestão;Agendamento_Aceito;BSI;Nao;NA;NA;NA;NA;NA
7195219797;2021-12-08T13:14:00Z;2023-07-20T11:55:00Z;2022-04-12T16:06:00Z;2022-05-31T15:57:00Z;Negócio perdido;NA;NA;NA;NA;NA;NA;NA;NA;"Sumiu; Maturação";NA;GOMES DA;Gomes da Costa (Grupo Calvo);Alimentos e bebidas;Agendamento_Aceito;Gomes da Costa (Grupo Calvo);Nao;NA;NA;NA;NA;NA
7069468764;2021-12-02T15:44:00Z;2023-03-09T14:36:00Z;2021-12-06T12:00:00Z;NA;Negócio perdido;NA;NA;NA;NA;NA;NA;NA;NA;Timing;NA;DELA FOODS;Arla Foods Ingredients;NA;Agendamento_Aceito;Arla Foods Ingredients;Nao;NA;NA;NA;NA;NA
7058385200;2021-12-01T17:51:00Z;2023-03-09T14:36:00Z;2021-12-09T10:40:00Z;2022-04-20T12:11:00Z;Negócio perdido;NA;NA;NA;NA;NA;NA;NA;NA;"Maturação; Timing";NA;NTT DATA;NTT DATA Corporation;Software de computador;Diagnostico;NTT DATA Corporation;Nao;NA;NA;NA;NA;NA
7059246430;2021-12-01T17:43:00Z;2023-06-21T19:48:00Z;2021-11-26T18:00:00Z;2021-12-31T17:43:00Z;Negócio perdido;808140,00;NA;NA;NA;808140,00;808140,00;0,00;0,00;"Timing; Desinteresse/Declinou";NA;BANCO NEON;Banco Next;Serviços financeiros;Negocios_Criados;Banco Next;Nao;NA;NA;NA;NA;NA
7044610073;2021-11-30T09:49:00Z;2023-07-20T11:29:00Z;2022-02-16T15:00:00Z;2022-04-20T12:10:00Z;Negócio perdido;NA;NA;NA;NA;NA;NA;NA;NA;"Maturação; Timing";NA;COPA AIRLINES;Copa Airlines;Linhas aéreas/aviação;Diagnostico;Copa Airlines;Nao;NA;NA;NA;NA;NA
6992349113;2021-11-23T11:32:00Z;2023-03-09T14:36:00Z;2022-03-10T18:02:00Z;2022-07-01T16:37:00Z;Negócio perdido;NA;NA;NA;NA;NA;NA;NA;NA;Sumiu;NA;WEG;WEG;Fabricação elétrica/eletrônica;Diagnostico;WEG;Nao;NA;NA;NA;NA;NA
6964380599;2021-11-19T19:22:00Z;2023-07-19T14:58:00Z;2021-11-19T19:24:00Z;2021-12-01T18:19:00Z;Negócio perdido;NA;NA;NA;NA;NA;NA;NA;NA;"Desinteresse/Declinou; Timing";NA;BOM JESUS;Bom Jesus;Educação superior;Agendamento_Aceito;Bom Jesus;Nao;NA;NA;NA;NA;NA
6939016495;2021-11-16T17:20:00Z;2023-07-19T15:27:00Z;2022-05-13T09:24:00Z;2022-05-17T16:25:00Z;Negócio perdido;458150,16;NA;NA;NA;458150,16;458150,16;0,00;0,00;"Fechou com Concorrente; Financeiro";NA;ORAL SIN;Oral Sin;Saúde, bem-estar e fitness;Proposta;Oral Sin;Nao;NA;NA;NA;NA;NA
6908332884;2021-11-12T13:22:00Z;2023-07-19T14:57:00Z;2021-11-17T18:56:00Z;2022-04-20T12:16:00Z;Negócio perdido;NA;NA;NA;NA;NA;NA;NA;NA;"Não é ICP; Financeiro";NA;START QUÍMICA;Start Química;Produtos químicos;Diagnostico;Start Química;Nao;NA;NA;NA;NA;NA
6899678592;2021-11-11T15:38:00Z;2023-04-13T17:10:00Z;2021-12-10T15:09:00Z;NA;Negócio perdido;NA;NA;NA;NA;NA;NA;NA;NA;Não é ICP;NA;KERRY;Kerry;Produção de alimentos;Agendamento_Aceito;Kerry;Nao;NA;NA;NA;NA;NA
6873735277;2021-11-08T19:14:00Z;2023-07-19T15:37:00Z;2022-11-01T15:26:00Z;NA;Negócio perdido;NA;NA;NA;NA;NA;NA;NA;NA;"Financeiro; Fechou com Concorrente";NA;URGO MEDICAL;Urgo Medical;NA;Proposta;Urgo Medical;Nao;NA;NA;NA;NA;NA
6867874965;2021-11-08T09:47:00Z;2023-07-19T14:45:00Z;2021-11-18T14:20:00Z;2022-04-20T12:16:00Z;Negócio perdido;NA;NA;NA;NA;NA;NA;NA;NA;Maturação;NA;ROYAL DE;Royal De Heus;NA;Diagnostico;Royal De Heus;Nao;NA;NA;NA;NA;NA
6831367721;2021-11-03T12:33:00Z;2023-05-02T10:36:00Z;2023-04-26T09:43:00Z;2021-12-01T18:19:00Z;Negócio perdido;NA;NA;NA;NA;NA;NA;NA;NA;"Não é ICP; Nós Declinamos";NA;NUTANIX;Nutanix;Software de computador;Agendamento_Aceito;Nutanix;Nao;NA;NA;NA;NA;NA
8002485392;2021-11-03T11:48:00Z;2023-06-23T18:08:00Z;2023-06-23T18:08:00Z;2022-02-28T11:47:00Z;Cliente;2500000,00;NA;NA;NA;2500000,00;2500000,00;2500000,00;2500000,00;NA;NA;SYNGENTA;Syngenta - Renovação 50%;NA;Cliente;Syngenta - Renovação 50%;Sim;NA;NA;NA;NA;NA
6763861259;2021-10-27T11:20:00Z;2023-07-19T15:29:00Z;2021-11-12T11:43:00Z;2021-11-12T11:43:00Z;Negócio perdido;NA;NA;NA;NA;NA;NA;NA;NA;Financeiro;NA;DELTA SUCROENERGIA;Delta Sucroenergia;NA;Agendamento_Aceito;Delta Sucroenergia;Nao;NA;NA;NA;NA;NA
6694150260;2021-10-19T13:08:00Z;2023-03-09T14:37:00Z;2021-10-01T16:27:00Z;2021-10-31T13:08:00Z;Negócio perdido;562721,40;NA;NA;NA;562721,40;562721,40;0,00;0,00;"Desinteresse/Declinou; Sumiu";NA;ADORAR ALIMENTOS;Aurora Alimentos;NA;Proposta;Aurora Alimentos;Nao;NA;NA;NA;NA;NA
6686799431;2021-10-18T19:36:00Z;2023-03-09T14:37:00Z;2021-10-27T19:23:00Z;2021-12-01T18:20:00Z;Negócio perdido;NA;NA;NA;NA;NA;NA;NA;NA;"Não é ICP; Timing; Saiu da Empresa";NA;CONSÓRCIO EMBRACON;Consórcio Embracon;Serviços financeiros;Agendamento_Aceito;Consórcio Embracon;Nao;NA;NA;NA;NA;NA
6633359955;2021-10-15T10:52:00Z;2023-03-09T14:36:00Z;2021-12-21T09:46:00Z;2022-04-20T12:08:00Z;Negócio perdido;179238,00;NA;NA;NA;179238,00;179238,00;0,00;0,00;Desinteresse/Declinou;NA;MYRA;Myra;Farmacêutica;Proposta;Myra;Nao;NA;NA;NA;NA;NA
6615095564;2021-10-13T19:52:00Z;2023-07-20T11:12:00Z;2021-10-18T15:00:00Z;2021-12-01T18:23:00Z;Negócio perdido;NA;NA;NA;NA;NA;NA;NA;NA;Saiu da Empresa;NA;SOPRA;Sopra;Software de computador;Agendamento_Aceito;Sopra;Nao;NA;NA;NA;NA;NA
6560859939;2021-10-08T10:46:00Z;2023-05-30T17:58:00Z;2021-10-21T15:29:00Z;NA;Negócio perdido;NA;NA;NA;NA;NA;NA;NA;NA;"Não é ICP; Sumiu";NA;MSA SAFETY;MSA Safety;Segurança pública;Agendamento_Aceito;MSA Safety;Nao;NA;NA;NA;NA;NA
6346212167;2021-10-01T11:11:00Z;2023-07-20T11:52:00Z;2022-02-07T15:00:00Z;2022-04-20T12:10:00Z;Negócio perdido;NA;NA;NA;NA;NA;NA;NA;NA;"Maturação; Timing";NA;CONTINENTAL;Continental;Automotivo;Diagnostico;Continental;Nao;NA;NA;NA;NA;NA
6324349316;2021-09-28T20:51:00Z;2023-07-20T11:35:00Z;2021-12-01T16:00:00Z;2021-12-01T18:18:00Z;Negócio perdido;NA;NA;NA;NA;NA;NA;NA;NA;Não é ICP;NA;SAMARCO;Samarco;Mineração e metais;Agendamento_Aceito;Samarco;Nao;NA;NA;NA;NA;NA
6316252465;2021-09-27T22:07:00Z;2023-07-20T10:28:00Z;2021-10-07T18:00:00Z;2022-04-20T12:22:00Z;Negócio perdido;NA;NA;NA;NA;NA;NA;NA;NA;Não é ICP;NA;BRADO;Brado;NA;Agendamento_Aceito;Brado;Nao;NA;NA;NA;NA;NA
6312610066;2021-09-27T14:59:00Z;2023-07-19T15:42:00Z;2021-11-04T14:00:00Z;2021-12-01T18:18:00Z;Negócio perdido;NA;NA;NA;NA;NA;NA;NA;NA;"Desinteresse/Declinou; Timing";NA;MARCOPOLO;Marcopolo;NA;Agendamento_Aceito;Marcopolo;Nao;NA;NA;NA;NA;NA
6293527454;2021-09-24T17:28:00Z;2023-07-19T15:19:00Z;2021-09-27T10:00:00Z;2021-12-01T18:20:00Z;Negócio perdido;NA;NA;NA;NA;NA;NA;NA;NA;Timing;NA;KINGSPAN ISOESTE;Kingspan Isoeste ;NA;Agendamento_Aceito;Kingspan Isoeste ;Nao;NA;NA;NA;NA;NA
6291157893;2021-09-24T11:36:00Z;2023-07-20T11:37:00Z;2021-11-16T14:00:00Z;2022-04-20T12:11:00Z;Negócio perdido;NA;NA;NA;NA;NA;NA;NA;NA;Maturação;NA;VERZANI &;Verzani & Sandrini;Tecnologia da informação e serviços;Diagnostico;Verzani & Sandrini;Nao;NA;NA;NA;NA;NA
6276415809;2021-09-22T15:37:00Z;2023-07-19T14:55:00Z;2021-11-03T18:07:00Z;2021-11-10T16:50:00Z;Negócio perdido;NA;NA;NA;NA;NA;NA;NA;NA;"Financeiro; Nós Declinamos";NA;KEPLER WEBER;Kepler Weber;Agricultura;Agendamento_Aceito;Kepler Weber;Nao;NA;NA;NA;NA;NA
6218954632;2021-09-15T09:54:00Z;2023-07-20T11:24:00Z;2021-09-22T15:30:00Z;2021-09-30T16:34:00Z;Negócio perdido;NA;NA;NA;NA;NA;NA;NA;NA;"Não é ICP; Timing";NA;ENGINEERING BRASIL;Engineering Brasil;Software de computador;Agendamento_Aceito;Engineering Brasil;Nao;NA;NA;NA;NA;NA
6212368466;2021-09-14T14:15:00Z;2023-07-20T11:41:00Z;2021-09-16T14:00:00Z;2021-10-21T02:46:00Z;Negócio perdido;NA;NA;NA;NA;NA;NA;NA;NA;"Não é ICP; Financeiro";NA;MINI KALZONE;Mini Kalzone ;Restaurantes;Agendamento_Aceito;Mini Kalzone ;Nao;NA;NA;NA;NA;NA
6180906591;2021-09-10T12:03:00Z;2023-05-30T17:58:00Z;2021-09-28T15:58:00Z;NA;Negócio perdido;NA;NA;NA;NA;NA;NA;NA;NA;"Não é ICP; Financeiro";NA;JABIL;Jabil;Fabricação elétrica/eletrônica;Agendamento_Aceito;Jabil;Nao;NA;NA;NA;NA;NA
6180188332;2021-09-10T10:23:00Z;2023-07-19T15:23:00Z;2022-03-10T17:53:00Z;2022-07-01T16:36:00Z;Negócio perdido;NA;NA;NA;NA;NA;NA;NA;NA;Sumiu;NA;ENGIE;ENGIE;NA;Agendamento_Aceito;ENGIE;Nao;NA;NA;NA;NA;NA
6165872256;2021-09-08T14:57:00Z;2023-07-20T11:41:00Z;2021-09-16T11:33:00Z;2021-09-16T11:35:00Z;Negócio perdido;NA;NA;NA;NA;NA;NA;NA;NA;Timing;NA;INVITAE;Invitae;Biotecnologia;Agendamento_Aceito;Invitae;Nao;NA;NA;NA;NA;NA
6127033456;2021-09-02T19:14:00Z;2023-06-30T08:44:00Z;2021-10-26T15:23:00Z;2022-04-20T12:11:00Z;Negócio perdido;NA;NA;NA;NA;NA;NA;NA;NA;Maturação;NA;DROGA RAIA;Drogaraia;Alimentos e bebidas;Diagnostico;Drogaraia;Nao;NA;NA;NA;NA;NA
6088006146;2021-09-01T16:35:00Z;2023-03-09T14:36:00Z;2021-12-30T08:00:00Z;2021-12-01T18:22:00Z;Negócio perdido;NA;NA;NA;NA;NA;NA;NA;NA;"Não é ICP; Timing";NA;AIR LIQUIDE;Air Liquide Brasil;Produtos químicos;Agendamento_Aceito;Air Liquide Brasil;Nao;NA;NA;NA;NA;NA
6087747672;2021-09-01T16:16:00Z;2023-07-04T16:51:00Z;2023-03-09T10:30:00Z;2022-04-20T12:10:00Z;Negócio perdido;NA;NA;NA;NA;NA;NA;NA;NA;"Não é ICP; Financeiro";NA;MACHADO MEYER;Machado Meyer;Serviços jurídicos;Diagnostico;Machado Meyer;Nao;NA;NA;NA;NA;NA
6087887756;2021-09-01T16:13:00Z;2023-07-20T11:32:00Z;2021-09-30T17:25:00Z;2022-02-15T15:09:00Z;Negócio perdido;NA;NA;NA;NA;NA;NA;NA;NA;Timing;NA;BAT;BAT;Tabaco;Diagnostico;BAT;Nao;NA;NA;NA;NA;NA
6084431894;2021-09-01T08:48:00Z;2023-03-09T14:36:00Z;2021-09-16T17:06:00Z;2021-12-01T18:18:00Z;Negócio perdido;NA;NA;NA;NA;NA;NA;NA;NA;Sumiu;NA;SPC BRASIL;SPAR Brasil;Serviços financeiros;Agendamento_Aceito;SPAR Brasil;Nao;NA;NA;NA;NA;NA
6041976395;2021-08-26T19:42:00Z;2023-03-09T14:36:00Z;2021-09-28T20:25:00Z;2021-09-28T20:25:00Z;Negócio perdido;NA;NA;NA;NA;NA;NA;NA;NA;Sumiu;NA;SINTER FUTURA;Sinter Futura;Cosméticos;Agendamentos;Sinter Futura;Nao;NA;NA;NA;NA;NA
6030678162;2021-08-25T11:48:00Z;2023-07-19T15:11:00Z;2021-10-05T08:00:00Z;2021-12-01T18:21:00Z;Negócio perdido;NA;NA;NA;NA;NA;NA;NA;NA;Maturação;NA;PETZ;Petz ;NA;Agendamento_Aceito;Petz ;Nao;NA;NA;NA;NA;NA
5987555472;2021-08-19T11:53:00Z;2023-07-20T11:46:00Z;2022-03-10T18:53:00Z;2022-03-11T17:07:00Z;Negócio perdido;NA;NA;NA;NA;NA;NA;NA;NA;Sumiu;NA;SUPERA;SUPERA ;Farmacêutica;Agendamento_Aceito;SUPERA ;Nao;NA;NA;NA;NA;NA
5938792470;2021-08-16T10:34:00Z;2023-07-20T11:59:00Z;2021-10-01T08:00:00Z;2021-12-01T18:23:00Z;Negócio perdido;NA;NA;NA;NA;NA;NA;NA;NA;"Timing; Maturação";NA;AGROPALMA; Agropalma;Petróleo e energia;Agendamento_Aceito; Agropalma;Nao;NA;NA;NA;NA;NA
5902794385;2021-08-10T22:03:00Z;2023-06-14T15:49:00Z;2021-08-10T16:15:00Z;2021-09-10T19:19:00Z;Cliente;15488,68;NA;NA;NA;15488,68;15488,68;15488,68;15488,68;NA;NA;APSEN FARMACÊUTICA;Apsen Farmacêutica;Farmacêutica;Cliente;Apsen Farmacêutica - Quintal Dev 30%;Sim;NA;NA;NA;NA;NA
5898899895;2021-08-10T11:19:00Z;2023-03-09T14:36:00Z;2021-11-11T17:47:00Z;2022-03-11T17:07:00Z;Negócio perdido;NA;NA;NA;NA;NA;NA;NA;NA;Não é ICP;NA;JAMES DELIVERY;James Delivery;Software de computador;Agendamento_Aceito;James Delivery;Nao;NA;NA;NA;NA;NA
5870630303;2021-08-06T15:17:00Z;2023-07-19T14:57:00Z;2022-10-06T09:05:00Z;2021-09-27T14:35:00Z;Negócio perdido;NA;NA;NA;NA;NA;NA;NA;NA;Maturação;NA;SIM REDE;SIM Rede de Postos;Varejo;Agendamento_Aceito;SIM Rede de Postos;Nao;NA;NA;NA;NA;NA
5868404302;2021-08-06T10:58:00Z;2023-07-19T15:10:00Z;2023-05-30T15:54:00Z;2021-10-29T18:48:00Z;Negociação;127874,04;NA;NA;NA;127874,04;127874,04;89511828,00;89511828,00;Financeiro;NA;FRÍSIA;Frísia;NA;Proposta;Frísia;Nao;NA;NA;NA;NA;NA
5838111343;2021-08-03T10:01:00Z;2023-07-20T11:29:00Z;2022-04-12T16:40:00Z;2022-08-10T13:42:00Z;Negócio perdido;928021,56;NA;NA;NA;928021,56;928021,56;0,00;0,00;"Desinteresse/Declinou; Maturação; Timing";NA;NEOGRID;Neogrid;Software de computador;Proposta;Neogrid;Nao;NA;NA;NA;NA;NA
5804109126;2021-07-29T17:52:00Z;2023-03-09T14:36:00Z;2022-04-18T19:37:00Z;2022-10-26T16:17:00Z;Negócio perdido;NA;NA;NA;NA;NA;NA;NA;NA;Sumiu;NA;COLGATE-PALMOLIVE;Colgate-Palmolive;NA;Diagnostico;Colgate-Palmolive;Nao;NA;NA;NA;NA;NA
5730054705;2021-07-20T19:09:00Z;2023-03-09T14:37:00Z;2021-11-03T18:07:00Z;2021-08-04T13:54:00Z;Negócio perdido;NA;NA;NA;NA;NA;NA;NA;NA;Timing;NA;KEPLER WEBER;Kepler Weber;NA;Agendamentos;Kepler Weber;Nao;NA;NA;NA;NA;NA
5721626449;2021-07-19T17:22:00Z;2023-07-19T15:42:00Z;2022-03-10T17:45:00Z;2022-03-11T17:00:00Z;Negócio perdido;317610,12;NA;NA;NA;317610,12;317610,12;0,00;0,00;Sumiu;NA;EUROCHEM;Eurochem - Fertilizantes Tocantins;NA;Proposta;Eurochem - Fertilizantes Tocantins;Nao;NA;NA;NA;NA;NA
5692550038;2021-07-15T14:11:00Z;2023-07-20T11:47:00Z;2021-10-15T14:07:00Z;2021-10-18T15:21:00Z;Cliente;144000,00;NA;NA;NA;144000,00;144000,00;144000,00;144000,00;NA;NA;INMETRICS;Inmetrics;Software de computador;Cliente;Inmetrics;Sim;15/07/23;19/07/21;04/08/21;14/10/21;15/10/21
5691537816;2021-07-15T10:53:00Z;2023-03-09T14:36:00Z;2022-03-16T14:46:00Z;2022-02-15T15:09:00Z;Negócio perdido;NA;NA;NA;NA;NA;NA;NA;NA;Sumiu;NA;MERCK;Merck;Farmacêutica;Diagnostico;Merck;Nao;NA;NA;NA;NA;NA
5685480874;2021-07-14T15:57:00Z;2023-07-19T15:41:00Z;2021-08-23T10:19:00Z;2021-09-30T09:10:00Z;Negócio perdido;NA;NA;NA;NA;NA;NA;NA;NA;"Desinteresse/Declinou; Não é ICP";NA;COFCO;COFCO;Agricultura;Agendamento_Aceito;COFCO;Nao;NA;NA;NA;NA;NA
5666050879;2021-07-12T10:22:00Z;2023-03-09T14:36:00Z;2021-10-29T18:53:00Z;2022-03-11T17:03:00Z;Negócio perdido;NA;NA;NA;NA;NA;NA;NA;NA;Saiu da Empresa;NA;LA MODA;La Moda;Vestuário e moda;Diagnostico;La Moda;Nao;NA;NA;NA;NA;NA
5635001694;2021-07-07T19:41:00Z;2023-03-09T14:36:00Z;2021-08-13T08:00:00Z;2021-09-30T10:17:00Z;Negócio perdido;NA;NA;NA;NA;NA;NA;NA;NA;"Não é ICP; Timing; Financeiro";NA;META;Meta;Tecnologia da informação e serviços;Agendamento_Aceito;Meta;Nao;NA;NA;NA;NA;NA
5623783283;2021-07-06T15:15:00Z;2023-07-19T15:44:00Z;2021-10-01T08:00:00Z;2021-10-21T02:47:00Z;Negócio perdido;NA;NA;NA;NA;NA;NA;NA;NA;"Não é ICP; Desinteresse/Declinou";NA;ATOS;Atvos;NA;Agendamento_Aceito;Atvos;Nao;NA;NA;NA;NA;NA
5616532641;2021-07-05T15:44:00Z;2023-07-19T15:09:00Z;2022-03-10T18:53:00Z;2021-07-23T16:02:00Z;Negócio perdido;NA;NA;NA;NA;NA;NA;NA;NA;Timing;NA;PIRACANJUBA;Piracanjuba ;Alimentos e bebidas;Agendamento_Aceito;Piracanjuba ;Nao;NA;NA;NA;NA;NA
5616367132;2021-07-05T14:46:00Z;2023-07-20T11:44:00Z;2022-05-24T16:34:00Z;NA;Negócio perdido;804696,80;NA;NA;NA;804696,80;804696,80;0,00;0,00;"Desinteresse/Declinou; Financeiro; Sumiu";NA;LUMEN TECHNOLOGIES;Lumen Technologies;Tecnologia da informação e serviços;Proposta;Lumen Technologies;Nao;NA;NA;NA;NA;NA
5613586184;2021-07-05T09:31:00Z;2023-05-10T15:23:00Z;2023-05-10T15:22:00Z;NA;Negócio perdido;282109,20;NA;NA;NA;282109,20;282109,20;0,00;0,00;"Sumiu; Saiu da Empresa";NA;MADESA MÓVEIS;Madesa Móveis;Mobília;Agendamentos;Madesa Móveis;Nao;NA;NA;NA;NA;NA
5565405728;2021-06-29T10:52:00Z;2023-07-19T14:57:00Z;2021-10-05T08:00:00Z;2021-10-21T02:47:00Z;Negócio perdido;NA;NA;NA;NA;NA;NA;NA;NA;Não é ICP;NA;ACQIO;Acqio;Serviços financeiros;Agendamento_Aceito;Acqio;Nao;NA;NA;NA;NA;NA
5557094673;2021-06-28T11:12:00Z;2023-07-19T14:46:00Z;2021-08-11T12:28:00Z;2021-08-23T12:17:00Z;Negócio perdido;NA;NA;NA;NA;NA;NA;NA;NA;Desinteresse/Declinou;NA;DELIVERY CENTER;Delivery Center;Varejo;Proposta;Delivery Center;Nao;NA;NA;NA;NA;NA
5536620117;2021-06-25T14:07:00Z;2023-05-10T16:59:00Z;2021-08-31T15:45:00Z;2021-08-31T12:10:00Z;Negócio perdido;53796,60;NA;NA;NA;53796,60;53796,60;0,00;0,00;Fechou com Concorrente;NA;EUROFARMA;Eurofarma;Farmacêutica;Proposta;Eurofarma - Genéricos;Nao;NA;NA;NA;NA;NA
5516116233;2021-06-23T13:13:00Z;2023-07-19T15:03:00Z;2021-07-02T14:30:00Z;2021-07-02T14:17:00Z;Negócio perdido;NA;NA;NA;NA;NA;NA;NA;NA;Não é ICP;NA;ADECOAGRO;Adecoagro;Agricultura;Agendamento_Aceito;Adecoagro;Nao;NA;NA;NA;NA;NA
5514116482;2021-06-23T10:13:00Z;2023-07-20T11:34:00Z;2021-08-13T08:00:00Z;2021-12-01T18:21:00Z;Negócio perdido;NA;NA;NA;NA;NA;NA;NA;NA;Maturação;NA;SEGUROS SURA;Seguros SURA ;Seguro;Agendamento_Aceito;Seguros SURA ;Nao;NA;NA;NA;NA;NA
5496370183;2021-06-21T14:52:00Z;2023-07-20T11:10:00Z;2021-07-01T10:00:00Z;2021-09-30T10:10:00Z;Negócio perdido;NA;NA;NA;NA;NA;NA;NA;NA;"Não é ICP; Timing; Nós Declinamos";NA;GUARIDA IMÓVEIS;Guarida Imóveis;Imobiliária;Agendamento_Aceito;Guarida Imóveis;Nao;NA;NA;NA;NA;NA
5480327742;2021-06-18T09:40:00Z;2023-03-09T14:36:00Z;2021-10-05T08:00:00Z;2021-12-01T18:23:00Z;Negócio perdido;NA;NA;NA;NA;NA;NA;NA;NA;Não é ICP;NA;RANDON S.A.;RANDON S.A.;Automotivo;Agendamento_Aceito;RANDON S.A.;Nao;NA;NA;NA;NA;NA
5470511669;2021-06-16T18:10:00Z;2023-07-19T15:36:00Z;2021-10-05T09:45:00Z;2021-10-21T02:47:00Z;Negócio perdido;NA;NA;NA;NA;NA;NA;NA;NA;"Não é ICP; Nós Declinamos";NA;GRUPO BERLANDA;Lojas Berlanda;Varejo;Agendamento_Aceito;Grupo Berlanda;Nao;NA;NA;NA;NA;NA
5442109042;2021-06-11T18:05:00Z;2023-07-20T11:42:00Z;2023-02-06T11:37:00Z;2022-03-11T17:03:00Z;Negócio perdido;NA;NA;NA;NA;NA;NA;NA;NA;Sumiu;NA;INGRAM MICRO;Ingram Micro;Tecnologia da informação e serviços;Diagnostico;Ingram Micro;Nao;NA;NA;NA;NA;NA
5440817686;2021-06-11T11:32:00Z;2023-03-09T14:36:00Z;2021-06-24T08:18:00Z;2021-09-30T10:00:00Z;Negócio perdido;NA;NA;NA;NA;NA;NA;NA;NA;"Nós Declinamos; Não é ICP";NA;JLL;JLL;Imobiliária;Agendamento_Aceito;JLL;Nao;NA;NA;NA;NA;NA
5417136532;2021-06-07T09:40:00Z;2023-07-20T11:36:00Z;2021-07-13T13:46:00Z;2021-08-09T11:37:00Z;Negócio perdido;128898,71;NA;NA;NA;128898,71;128898,71;0,00;0,00;Financeiro;NA;NISSIN FOODS;Nissin Foods;Alimentos e bebidas;Proposta;Nissin Foods;Nao;NA;NA;NA;NA;NA
5382207351;2021-06-01T11:14:00Z;2023-03-09T14:36:00Z;2023-03-07T15:11:00Z;2021-06-08T11:51:00Z;Negócio perdido;NA;NA;NA;NA;NA;NA;NA;NA;Maturação;NA;UISA;Uisa;Construção;Agendamento_Aceito;Uisa;Nao;NA;NA;NA;NA;NA
5381991819;2021-06-01T10:43:00Z;2023-07-20T11:06:00Z;2021-08-24T14:34:00Z;2021-09-22T14:02:00Z;Negócio perdido;251055,60;NA;NA;NA;251055,60;251055,60;0,00;0,00;"Financeiro; Desinteresse/Declinou";NA;OTTOBOCK;Ottobock;Farmacêutica;Cliente;Ottobock;Sim;NA;NA;NA;NA;NA
5359330094;2021-05-27T15:34:00Z;2023-05-10T16:59:00Z;2021-10-05T15:47:00Z;2022-03-11T17:03:00Z;Negócio perdido;296439,72;NA;NA;NA;296439,72;296439,72;0,00;0,00;Timing;NA;EUROFARMA;Eurofarma;Farmacêutica;Proposta;Eurofarma - MAQ;Nao;NA;NA;NA;NA;NA
5358144081;2021-05-27T11:40:00Z;2023-07-20T11:25:00Z;2022-04-28T14:50:00Z;2022-03-16T16:39:00Z;Negócio perdido;194676,00;NA;NA;NA;194676,00;194676,00;0,00;0,00;"Financeiro; Timing";NA;ALTERDATA SOFTWARE;Alterdata Software;Software de computador;Proposta;Alterdata Software;Nao;NA;NA;NA;NA;NA
5357537637;2021-05-27T08:43:00Z;2023-07-20T11:22:00Z;2022-01-17T11:57:00Z;2021-06-01T17:26:00Z;Negócio perdido;NA;NA;NA;NA;NA;NA;NA;NA;Maturação;NA;YARABRASIL;Yara Brasil;Produtos químicos;Agendamento_Aceito;Yara Brasil;Nao;NA;NA;NA;NA;NA
5346694803;2021-05-25T12:14:00Z;2023-03-09T14:36:00Z;2022-04-11T14:48:00Z;2022-02-15T15:09:00Z;Negócio perdido;NA;NA;NA;NA;NA;NA;NA;NA;Sumiu;NA;UNIVERSIDADE DE;Universidade la salle;Ensino superior;Agendamento_Aceito;Universidade la salle;Nao;NA;NA;NA;NA;NA
5346264983;2021-05-25T11:28:00Z;2023-07-19T15:03:00Z;2022-03-04T19:29:00Z;2022-03-11T17:02:00Z;Negócio perdido;238082,76;NA;NA;NA;238082,76;238082,76;0,00;0,00;Financeiro;NA;MRS LOGÍSTICA;MRS Logistica;Transporte/caminhões/ferrovias;Proposta;MRS Logistica;Nao;NA;NA;NA;NA;NA
5315347558;2021-05-21T09:09:00Z;2023-07-20T11:35:00Z;2021-12-14T10:00:00Z;2022-02-14T15:14:00Z;Negócio perdido;120000,00;NA;NA;NA;120000,00;120000,00;0,00;0,00;Desinteresse/Declinou;NA;COTY;Coty Paixão;Saúde, bem-estar e fitness;Diagnostico;Coty ;Nao;NA;NA;NA;NA;NA
5301798719;2021-05-19T19:48:00Z;2023-06-07T10:04:00Z;2021-10-05T08:00:00Z;2021-12-01T18:21:00Z;Negócio perdido;NA;NA;NA;NA;NA;NA;NA;NA;Financeiro;NA;SHOULDER;Shoulder;Varejo;Agendamento_Aceito;Shoulder;Nao;NA;NA;NA;NA;NA
5293157493;2021-05-18T17:41:00Z;2023-07-20T11:37:00Z;2021-08-24T09:49:00Z;2022-02-15T15:08:00Z;Negócio perdido;1021110,12;NA;NA;NA;1021110,12;1021110,12;0,00;0,00;Sumiu;NA;PANASONIC;Panasonic;Fabricação elétrica/eletrônica;Proposta;Panasonic;Nao;NA;NA;NA;NA;NA
5253626756;2021-05-13T10:46:00Z;2023-07-20T11:23:00Z;2021-09-21T08:00:00Z;2022-03-11T17:03:00Z;Negócio perdido;NA;NA;NA;NA;NA;NA;NA;NA;Maturação;NA;LIBERTY SEGUROS;Liberty Seguros;Seguro;Diagnostico;Liberty Seguros;Nao;NA;NA;NA;NA;NA
5239041433;2021-05-12T11:02:00Z;2023-06-23T18:08:00Z;2023-06-23T18:08:00Z;2021-06-21T14:25:00Z;Cliente;187500,00;NA;NA;NA;187500,00;187500,00;187500,00;187500,00;NA;NA;SYNGENTA;Syngenta;Agricultura;Cliente;Syngenta - Plano Culturas;Sim;26/04/21;27/04/21;01/06/21;21/06/21;21/06/21
5220031161;2021-05-10T09:17:00Z;2023-07-19T14:55:00Z;2023-05-15T11:52:00Z;2021-06-21T11:06:00Z;Negócio perdido;201000,00;NA;NA;NA;201000,00;201000,00;0,00;0,00;Maturação;NA;LOJAS BENOIT;Lojas Benoit;Varejo;Proposta;Lojas Benoit;Nao;NA;NA;NA;NA;NA
5192868276;2021-05-06T16:22:00Z;2023-03-09T14:36:00Z;2021-05-25T16:00:00Z;2021-06-01T16:08:00Z;Negócio perdido;18404,40;NA;NA;NA;18404,40;18404,40;0,00;0,00;"Financeiro; Nós Declinamos";NA;CAT PESA;CAT PESA;Maquinário;Proposta;CAT PESA;Nao;NA;NA;NA;NA;NA
5129855612;2021-04-29T16:12:00Z;2023-05-10T16:59:00Z;2021-07-01T19:19:00Z;2021-06-18T11:17:00Z;Cliente;436085,80;NA;NA;NA;436085,80;436085,80;436085,80;436085,80;NA;NA;EUROFARMA;Eurofarma;Farmacêutica;Cliente;Eurofarma - Moviment C;Sim;29/04/21;26/05/21;26/05/21;07/06/21;18/06/21
5127424545;2021-04-29T11:51:00Z;2023-06-23T18:08:00Z;2023-06-23T18:08:00Z;2022-02-14T15:14:00Z;Negócio perdido;3084000,00;NA;NA;NA;3084000,00;3084000,00;0,00;0,00;Desinteresse/Declinou;NA;SYNGENTA;Syngenta;Agricultura;Proposta;Syngenta - Portal Unbranded;Nao;NA;NA;NA;NA;NA
5110682725;2021-04-27T11:30:00Z;2023-03-16T12:06:00Z;2023-03-16T12:06:00Z;2022-03-11T17:01:00Z;Negócio perdido;233431,80;NA;NA;NA;233431,80;233431,80;0,00;0,00;Financeiro;NA;ASSURANT;Assurant;Seguro;Proposta;Assurant;Nao;NA;NA;NA;NA;NA
5104893010;2021-04-26T16:52:00Z;2023-03-09T14:36:00Z;2021-05-25T18:50:00Z;2021-06-21T18:09:00Z;Negócio perdido;NA;NA;NA;NA;NA;NA;NA;NA;Sumiu;NA;SERVENG CIVILSAN;Serveng Civilsan;Construção;Agendamentos;Serveng Civilsan;Nao;NA;NA;NA;NA;NA
5043158529;2021-04-19T12:36:00Z;2023-03-13T15:04:00Z;2023-02-28T12:00:00Z;2021-07-27T12:40:00Z;Cliente;183483,72;NA;NA;NA;183483,72;183483,72;183483,72;183483,72;NA;NA;COCAMAR;Cocamar;Produção de alimentos;Cliente;Cocamar;Sim;20/04/21;03/05/21;12/05/21;11/06/21;27/06/21
4985313037;2021-04-12T14:41:00Z;2023-06-01T23:01:00Z;2023-02-07T10:20:00Z;2021-05-31T12:47:00Z;Negócio perdido;227936,16;NA;NA;NA;227936,16;227936,16;0,00;0,00;"Fechou com Concorrente; Financeiro";NA;SANTA HELENA;Santa Helena Indústria de Alimentos S/A;Produção de alimentos;Proposta;Santa Helena Indústria de Alimentos S/A;Nao;NA;NA;NA;NA;NA
4960833048;2021-04-08T16:29:00Z;2023-03-13T15:17:00Z;2022-08-17T16:41:00Z;2021-06-25T14:46:00Z;Cliente;861128,21;NA;NA;NA;861128,21;861128,21;861128,21;861128,21;Desinteresse/Declinou;NA;DIGIO;Digio;Tecnologia da informação e serviços;Negocios_Criados;Digio;Nao;NA;NA;NA;NA;NA
4850918233;2021-03-26T15:55:00Z;2023-07-20T11:38:00Z;2021-06-03T12:31:00Z;2021-07-15T10:50:00Z;Negócio perdido;NA;NA;NA;NA;NA;NA;NA;NA;Sumiu;NA;BANCO DAYCOVAL;Banco Daycoval;Bancário;Agendamento_Aceito;Banco Daycoval;Nao;NA;NA;NA;NA;NA
4827350932;2021-03-25T19:06:00Z;2023-04-06T17:52:00Z;2021-04-09T15:38:00Z;2021-03-29T15:09:00Z;Negócio perdido;NA;NA;NA;NA;NA;NA;NA;NA;Não é ICP;NA;PETROBRAS;Eletrobras;Petróleo e energia;Agendamento_Aceito;Eletrobras;Nao;NA;NA;NA;NA;NA
4790799739;2021-03-23T15:58:00Z;2023-03-09T14:36:00Z;2021-03-23T11:00:00Z;2021-06-18T19:39:00Z;Negócio perdido;138925,43;NA;NA;NA;138925,43;138925,43;0,00;0,00;"Desinteresse/Declinou; Financeiro";NA;CARTÃO DE;Cartão de Todos;Saúde, bem-estar e fitness;Proposta;Cartão de Todos;Nao;NA;NA;NA;NA;NA
4791125254;2021-03-23T14:55:00Z;2023-03-09T14:36:00Z;2022-10-04T15:03:00Z;2021-09-22T19:59:00Z;Cliente;793482,72;NA;NA;NA;793482,72;793482,72;793482,72;793482,72;NA;NA;MART MINAS;Mart Minas;Tecnologia da informação e serviços;Cliente;Mart Minas;Sim;01/04/21;14/04/21;28/05/21;23/07/21;22/09/21
4712384671;2021-03-18T15:29:00Z;2023-07-20T11:26:00Z;2023-02-14T14:46:00Z;2021-08-23T14:47:00Z;Negócio perdido;NA;NA;NA;NA;NA;NA;NA;NA;Maturação;NA;AL5 BANK;AL5 Bank;Bancário;Diagnostico;AL5 Bank;Nao;NA;NA;NA;NA;NA
4668934210;2021-03-15T17:45:00Z;2023-05-10T16:59:00Z;2021-04-05T11:01:00Z;2021-07-15T12:10:00Z;Negócio perdido;276000,00;NA;NA;NA;276000,00;276000,00;0,00;0,00;Nós Declinamos;NA;EUROFARMA;Eurofarma;Farmacêutica;Proposta;Eurofarma - Perlatte;Nao;NA;NA;NA;NA;NA
4610928009;2021-03-10T19:12:00Z;2023-07-19T15:01:00Z;2023-02-14T14:46:00Z;2022-02-15T15:08:00Z;Negócio perdido;384438,00;NA;NA;NA;384438,00;384438,00;0,00;0,00;Financeiro;NA;AMAGGI;Amaggi ;Agricultura;Proposta;Amaggi ;Nao;NA;NA;NA;NA;NA
4610570597;2021-03-10T17:19:00Z;2023-05-10T16:59:00Z;2021-06-28T10:02:00Z;2021-04-08T14:52:00Z;Cliente;11000,00;NA;NA;NA;11000,00;11000,00;11000,00;11000,00;NA;NA;EUROFARMA;Eurofarma;Farmacêutica;Cliente;Eurofarma - Fortice;Sim;10/03/21;10/03/21;22/03/21;29/03/21;08/04/21
4608132510;2021-03-10T09:34:00Z;2023-07-19T15:23:00Z;2021-03-24T10:01:00Z;2021-04-19T10:08:00Z;Negócio perdido;NA;NA;NA;NA;NA;NA;NA;NA;Saiu da Empresa;NA;VIVARA;Vivara;Varejo;Agendamento_Aceito;Vivara;Nao;NA;NA;NA;NA;NA
4577929902;2021-03-08T15:38:00Z;2023-04-06T17:52:00Z;2022-03-11T16:57:00Z;2021-04-27T11:33:00Z;Negócio perdido;354988,44;NA;NA;NA;354988,44;354988,44;0,00;0,00;Financeiro;NA;EVONIK;Evonik;Produtos químicos;Proposta;Evonik - Novo negócio;Nao;NA;NA;NA;NA;NA
4531467448;2021-03-05T19:52:00Z;2023-04-06T17:52:00Z;2021-03-19T16:00:00Z;2021-04-27T11:30:00Z;Negócio perdido;NA;NA;NA;NA;NA;NA;NA;NA;Sumiu;NA;AMBEV;Ambev;Alimentos e bebidas;Agendamentos;Ambev;Nao;NA;NA;NA;NA;NA
4269224969;2021-02-21T20:04:00Z;2023-04-06T17:52:00Z;2022-11-10T13:27:00Z;2021-05-07T09:26:00Z;Cliente;174000,00;NA;NA;NA;174000,00;174000,00;174000,00;174000,00;NA;NA;STOLLER DO;Stoller;Agricultura;Cliente;Stoller - Renovação;Sim;21/02/21;23/02/21;05/03/21;19/04/21;07/05/21
4181316962;2021-02-18T22:48:00Z;2023-04-06T17:52:00Z;2021-05-12T17:09:00Z;2021-05-12T17:10:00Z;Negócio perdido;166324,20;NA;NA;NA;166324,20;166324,20;0,00;0,00;Fechou com Concorrente;NA;DENSO;DENSO;Automotivo;Proposta;DENSO - Concorrência;Nao;NA;NA;NA;NA;NA
4169278268;2021-02-17T15:39:00Z;2023-04-06T17:52:00Z;2021-05-12T17:09:00Z;2021-03-29T17:22:00Z;Negócio perdido;12770,30;NA;NA;NA;12770,30;12770,30;0,00;0,00;Fechou com Concorrente;NA;DENSO;Denso;Automotivo;Proposta;Denso - Criação KV;Nao;NA;NA;NA;NA;NA
4127018290;2021-02-10T20:50:00Z;2023-04-06T17:52:00Z;2021-05-11T11:37:00Z;2021-03-18T21:53:00Z;Negócio perdido;85138,57;NA;NA;NA;85138,57;85138,57;0,00;0,00;Sumiu;NA;CARGILL;Cargill;Produção de alimentos;Proposta;Cargill - Vídeos LatAm;Nao;NA;NA;NA;NA;NA
4120219333;2021-02-09T11:52:00Z;2023-04-06T17:52:00Z;2022-05-16T20:31:00Z;2021-03-18T21:51:00Z;Negócio perdido;40139,28;NA;NA;NA;40139,28;40139,28;0,00;0,00;Financeiro;NA;BARRY CALLEBAUT;Barry Callebaut;Produção de alimentos;Proposta;Barry Callebaut - Dashboards;Nao;NA;NA;NA;NA;NA
4070221690;2021-02-01T15:09:00Z;2023-03-09T14:36:00Z;2021-11-10T16:52:00Z;2022-03-11T16:59:00Z;Negócio perdido;361949,76;NA;NA;NA;361949,76;361949,76;0,00;0,00;Saiu da Empresa;NA;SUPERCAMPO;Supercampo;Agricultura;Cliente;Supercampo;Sim;NA;NA;NA;NA;NA
4014966192;2021-01-19T22:56:00Z;2023-05-10T16:59:00Z;2021-03-22T21:48:00Z;2021-03-29T21:21:00Z;Cliente;7286,00;NA;NA;NA;7286,00;7286,00;7286,00;7286,00;NA;NA;EUROFARMA;Eurofarma;Farmacêutica;Cliente;Eurofarma - AltaD;Sim;19/01/21;19/01/21;02/02/21;11/02/21;19/03/21
4011819536;2021-01-19T12:58:00Z;2023-07-20T11:51:00Z;2021-06-07T14:10:00Z;2021-03-18T21:52:00Z;Negócio perdido;NA;NA;NA;NA;NA;NA;NA;NA;Maturação;NA;VOLVO;Volvo;Automotivo;Diagnostico;Volvo - E-commerce;Nao;NA;NA;NA;NA;NA
3453054574;2020-11-20T14:31:00Z;2023-04-06T17:52:00Z;2022-02-23T16:37:00Z;2021-01-12T14:41:00Z;Negócio perdido;93070,04;NA;NA;NA;93070,04;93070,04;0,00;0,00;Fechou com Concorrente;NA;INTERNATIONAL COMMITTEE;International Committee of the Red Cross;Organização cívica e social;Proposta;International Committee of the Red Cross - Novo negócio;Nao;NA;NA;NA;NA;NA
3362452546;2020-11-10T16:08:00Z;2023-04-06T17:52:00Z;2022-07-27T11:10:00Z;2021-01-12T14:33:00Z;Negócio perdido;189838,68;NA;NA;NA;189838,68;189838,68;0,00;0,00;Não era decisor;NA;FUNDAÇÃO ESTUDAR;Fundação Estudar;Gestão de organizações sem fins lucrativos;Cliente;Fundação Estudar - Novo negócio;Sim;NA;NA;NA;NA;NA
3269625040;2020-10-29T17:27:00Z;2023-05-10T16:59:00Z;2021-06-28T10:02:00Z;2021-02-01T12:27:00Z;Negócio perdido;60000,00;NA;NA;NA;60000,00;60000,00;0,00;0,00;Fechou com Concorrente;NA;EUROFARMA;Eurofarma;Farmacêutica;Proposta;Eurofarma - Cogmax;Nao;NA;NA;NA;NA;NA
3142655559;2020-10-13T12:50:00Z;2023-04-06T17:52:00Z;2021-02-25T12:54:00Z;2021-02-25T12:40:00Z;Negócio perdido;192268,08;NA;NA;NA;192268,08;192268,08;0,00;0,00;Nós Declinamos;NA;EMBRAMACO;Embramaco;Materiais de construção;Proposta;Embramaco - Consulting;Nao;NA;NA;NA;NA;NA
3086522280;2020-10-08T14:56:00Z;2023-05-10T17:00:00Z;2020-10-08T15:26:00Z;2021-01-12T14:34:00Z;Negócio perdido;20964,00;NA;NA;NA;20964,00;20964,00;0,00;0,00;Não era decisor;NA;EUROFARMA;Eurofarma;Farmacêutica;Cliente;Eurofarma - Programática;Sim;NA;NA;NA;NA;NA
2980707361;2020-09-23T11:44:00Z;2023-04-06T17:52:00Z;2020-09-28T14:09:00Z;2020-09-25T18:10:00Z;Cliente;8459,15;NA;NA;NA;8459,15;8459,15;8459,15;8459,15;NA;NA;THYSSENKRUPP SPRINGS;thyssenkrupp Springs & Stabilizers;Mineração e metais;Cliente;thyssenkrupp Springs & Stabilizers;Sim;NA;NA;NA;NA;NA
2459718282;2020-07-21T14:17:00Z;2023-03-09T14:37:00Z;2021-01-28T17:00:00Z;2022-09-21T17:53:00Z;Negócio perdido;993341,96;NA;NA;NA;993341,96;993341,96;0,00;0,00;"Desinteresse/Declinou; Sumiu";NA;UNIVERSIDADE DE;Universidade de São Paulo;Ensino superior;Negocios_Criados;Universidade de São Paulo - Novo negócio;Nao;NA;NA;NA;NA;NA
14196370523;2023-07-17T15:22:00Z;2023-07-17T15:22:00Z;2023-07-17T15:22:00Z;NA;Agendamentos (MQL);NA;NA;NA;NA;NA;NA;NA;NA;NA;NA;NA;Negócio Dentsply Sirona - Paula;NA;Agendamentos;Negócio Dentsply Sirona - Paula;Nao;NA;NA;NA;NA;NA
14058826584;2023-07-11T10:36:00Z;2023-07-11T10:38:00Z;2023-07-11T10:36:00Z;NA;Agendamentos (MQL);NA;NA;NA;NA;NA;NA;NA;NA;NA;NA;NA; Kärcher;Maquinário;Agendamentos;Negócio Kärcher - Davi;Nao;NA;NA;NA;NA;NA
14046310302;2023-07-10T14:59:00Z;2023-07-19T14:56:00Z;2023-07-13T09:30:00Z;NA;Agendamentos Aceitos (SAL);NA;NA;NA;NA;NA;NA;NA;NA;NA;NA;NA;MRV&Co;NA;Agendamento_Aceito;MRV&Co;Nao;NA;NA;NA;NA;NA
14044264861;2023-07-10T11:28:00Z;2023-07-10T15:01:00Z;2023-07-10T11:28:00Z;2023-07-10T15:01:00Z;Negócio perdido;NA;NA;NA;NA;NA;NA;NA;NA;Timing;NA;NA;Negócio Bombril - Gustavo;NA;Agendamentos;Negócio Bombril - Gustavo;Nao;NA;NA;NA;NA;NA
13971262043;2023-07-03T00:00:00Z;2023-07-21T09:50:00Z;2023-07-20T18:59:00Z;NA;Proposta Enviada (SQL);300000,00;NA;NA;NA;300000,00;300000,00;150000,00;150000,00;NA;NA;NA;Dalben;Varejo;Agendamento_Aceito;Dalben;Nao;NA;NA;NA;NA;NA
13834896405;2023-06-23T15:11:00Z;2023-06-30T10:06:00Z;2023-06-27T11:23:00Z;NA;Agendamentos Aceitos (SAL);NA;NA;NA;NA;NA;NA;NA;NA;NA;NA;NA;Condor Super Center;NA;Agendamento_Aceito;Condor Super Center;Nao;NA;NA;NA;NA;NA
13128409450;2023-04-24T22:39:00Z;2023-07-19T11:11:00Z;2023-04-28T08:01:00Z;NA;Negócio perdido;NA;NA;NA;NA;NA;NA;NA;NA;"Nós Declinamos; Financeiro";NA;NA;Banco Carrefour;NA;Agendamento_Aceito;Banco Carrefour;Nao;NA;NA;NA;NA;NA
12972876903;2023-04-13T16:08:00Z;2023-07-17T22:58:00Z;2023-05-29T09:24:00Z;NA;Agendamentos (MQL);NA;NA;NA;NA;NA;NA;NA;NA;NA;NA;NA;Negócio Jacto - Arêta;NA;Agendamentos;Negócio Jacto - Arêta;Nao;NA;NA;NA;NA;NA
12972551455;2023-04-13T14:25:00Z;2023-05-30T17:58:00Z;2023-04-13T14:25:00Z;NA;Agendamentos (MQL);NA;NA;NA;NA;NA;NA;NA;NA;NA;NA;NA; Grupo Bertolini;Mobília;Agendamentos;Negócio Grupo Bertolini - Diego;Nao;NA;NA;NA;NA;NA
13265384065;2023-04-08T00:00:00Z;2023-05-30T23:37:00Z;2023-05-29T13:30:00Z;NA;Contrato Enviado;200000,00;NA;NA;NA;200000,00;200000,00;190000,00;190000,00;NA;NA;NA;IAS;Segurança e investigações;Proposta;IAS;Nao;NA;NA;NA;NA;NA
13514421933;2023-02-28T00:00:00Z;2023-07-16T23:55:00Z;2023-05-29T16:30:00Z;NA;Contrato Enviado;921850,00;NA;NA;NA;921850,00;921850,00;875757,50;875757,50;NA;NA;NA;Citrosuco Renovação ;Alimentos e bebidas;Negocios_Criados;Citrosuco Renovação ;Nao;NA;NA;NA;NA;NA
12330851164;2023-02-27T14:43:00Z;2023-03-09T14:36:00Z;2023-03-06T10:30:00Z;NA;Agendamentos (MQL);NA;NA;NA;NA;NA;NA;NA;NA;NA;NA;NA;Negócio ITX Gamer - Ana Lu;NA;Agendamentos;Negócio ITX Gamer - Ana Lu;Nao;NA;NA;NA;NA;NA
12086241635;2023-02-09T12:17:00Z;2023-05-30T17:58:00Z;2023-04-13T14:28:00Z;NA;Agendamentos (MQL);NA;NA;NA;NA;NA;NA;NA;NA;NA;NA;NA; Vibra;Logística e cadeia de suprimento;Agendamento_Aceito;Negócio Vibra - Sergio;Nao;NA;NA;NA;NA;NA
12053554105;2023-02-07T16:22:00Z;2023-05-30T17:58:00Z;2023-02-13T09:31:00Z;NA;Agendamentos (MQL);NA;NA;NA;NA;NA;NA;NA;NA;NA;NA;NA; Amaggi;Agricultura;Agendamentos;Negócio Amaggi - Renê;Nao;NA;NA;NA;NA;NA
12053254730;2023-02-07T16:21:00Z;2023-05-30T17:58:00Z;2023-02-07T16:21:00Z;NA;Agendamentos (MQL);NA;NA;NA;NA;NA;NA;NA;NA;NA;NA;NA; Amaggi;Agricultura;Agendamentos;Negócio Amaggi - Erika;Nao;NA;NA;NA;NA;NA
11995742584;2023-02-02T18:59:00Z;2023-05-30T17:58:00Z;2023-02-02T18:59:00Z;NA;Agendamentos (MQL);NA;NA;NA;NA;NA;NA;NA;NA;NA;NA;NA;Negócio JLL - Helder;NA;Agendamentos;Negócio JLL - Helder;Nao;NA;NA;NA;NA;NA
11995618419;2023-02-02T18:51:00Z;2023-05-30T17:58:00Z;2023-02-02T18:51:00Z;NA;Agendamentos (MQL);NA;NA;NA;NA;NA;NA;NA;NA;NA;NA;NA; RANDON S.A.;Automotivo;Agendamentos;Negócio RANDON S.A. - Sheila;Nao;NA;NA;NA;NA;NA
11995548005;2023-02-02T18:46:00Z;2023-05-30T17:58:00Z;2023-02-02T18:46:00Z;NA;Agendamentos (MQL);NA;NA;NA;NA;NA;NA;NA;NA;NA;NA;NA; Ottobock;Saúde, bem-estar e fitness;Agendamentos;Negócio Ottobock - Rebeca;Nao;NA;NA;NA;NA;NA
11961457848;2023-02-01T09:02:00Z;2023-06-01T16:54:00Z;2023-05-09T10:17:00Z;2023-02-28T09:01:00Z;Negócio perdido;NA;NA;NA;NA;NA;NA;NA;NA;"Timing; Nós Declinamos";NA;NA;Imply Rental;NA;Proposta;Imply Rental;Nao;NA;NA;NA;NA;NA
13515773783;2023-01-30T00:00:00Z;2023-07-16T23:56:00Z;2023-05-30T23:43:00Z;NA;Negociação;275000,00;NA;NA;NA;275000,00;275000,00;192500,00;192500,00;NA;NA;NA;MRS;Transporte/caminhões/ferrovias;Negocios_Criados;MRS;Nao;NA;NA;NA;NA;NA
11765199794;2023-01-19T13:45:00Z;2023-07-19T14:45:00Z;2023-03-02T11:36:00Z;NA;Negócio perdido;NA;NA;NA;NA;NA;NA;NA;NA;"Timing; Maturação";NA;NA;BRF Pet;NA;Diagnostico;BRF Pet;Nao;NA;NA;NA;NA;NA
12100865450;2023-01-08T00:00:00Z;2023-05-17T16:00:00Z;2023-02-03T10:00:00Z;2023-04-03T10:13:00Z;Cliente;236280,00;NA;NA;NA;236280,00;236280,00;236280,00;236280,00;NA;NA;NA;Cocamar Ecomm;NA;Cliente;Cocamar Ecomm;Sim;10/02/23;14/02/23;15/02/23;14/03/23;03/04/23
11370793629;2022-12-15T15:45:00Z;2023-03-29T18:44:00Z;2023-03-29T18:44:00Z;2022-12-31T15:45:00Z;Agendamentos Aceitos (SAL);NA;NA;NA;NA;NA;NA;NA;NA;NA;NA;NA;Eurochem (Retorno);NA;Agendamento_Aceito;Eurochem (Retorno);Nao;NA;NA;NA;NA;NA
11222170137;2022-12-05T08:56:00Z;2023-07-13T19:39:00Z;2022-12-05T09:43:00Z;2022-12-31T08:56:00Z;Negócio perdido;NA;NA;NA;NA;NA;NA;NA;NA;"Timing; Nós Declinamos";NA;NA;Pottencial Seguradora;NA;Agendamento_Aceito;Pottencial Seguradora;Nao;NA;NA;NA;NA;NA
10984262837;2022-11-17T15:09:00Z;2023-05-30T17:58:00Z;2023-04-20T09:41:00Z;NA;Agendamentos (MQL);NA;NA;NA;NA;NA;NA;NA;NA;NA;NA;NA; Lord Brasil;Engenharia mecânica ou industrial;Agendamentos;Negócio Lord Brasil - Maria;Nao;NA;NA;NA;NA;NA
10615291916;2022-10-19T09:15:00Z;2023-05-30T17:58:00Z;2022-10-19T09:15:00Z;NA;Agendamentos (MQL);NA;NA;NA;NA;NA;NA;NA;NA;NA;NA;NA;Negócio KWS Group - Bianca;NA;Agendamentos;Negócio KWS Group - Bianca;Nao;NA;NA;NA;NA;NA
10554387775;2022-10-13T15:27:00Z;2023-03-21T10:04:00Z;2023-03-21T10:00:00Z;NA;Diagnóstico;NA;NA;NA;NA;NA;NA;NA;NA;NA;NA;NA;Loja Cocamar;NA;Diagnostico;Loja Cocamar;Nao;NA;NA;NA;NA;NA
10423344008;2022-10-03T10:27:00Z;2023-06-06T13:13:00Z;2022-11-21T14:09:00Z;NA;Negócio perdido;NA;NA;NA;NA;NA;NA;NA;NA;"Saiu da Empresa; Desinteresse/Declinou";NA;NA;EMS;NA;Diagnostico;EMS;Nao;NA;NA;NA;NA;NA
10279522896;2022-09-22T17:07:00Z;2023-07-19T15:25:00Z;2023-02-13T08:00:00Z;2022-10-26T16:16:00Z;Negócio perdido;NA;NA;NA;NA;NA;NA;NA;NA;Maturação;NA;NA;3M ;NA;Diagnostico;3M ;Nao;NA;NA;NA;NA;NA
10288664398;2022-09-16T11:47:00Z;2023-03-13T15:12:00Z;2022-10-31T12:16:00Z;2022-11-11T11:34:00Z;Cliente;463387,59;NA;NA;NA;463387,59;463387,59;463387,59;463387,59;NA;NA;NA;Evera by Citrosuco;NA;Cliente;Evera by Citrosuco;Sim;23/09/22;30/09/22;05/10/22;14/10/22;11/11/23
10194908756;2022-09-15T11:54:00Z;2023-07-19T15:28:00Z;2022-09-29T20:33:00Z;2023-01-20T16:27:00Z;Negócio perdido;NA;NA;NA;NA;NA;NA;NA;NA;Não é ICP;NA;NA;CBC;Armazenamento;Agendamento_Aceito;CBC;Nao;NA;NA;NA;NA;NA
10070324108;2022-09-05T13:47:00Z;2023-05-30T17:58:00Z;2022-09-13T15:24:00Z;NA;Agendamentos (MQL);NA;NA;NA;NA;NA;NA;NA;NA;NA;NA;NA;Negócio Eletrobras - Renata;NA;Agendamentos;Negócio Eletrobras - Renata;Nao;NA;NA;NA;NA;NA
10070151285;2022-09-05T13:45:00Z;2023-07-19T14:59:00Z;2022-10-07T09:00:00Z;NA;Negócio perdido;NA;NA;NA;NA;NA;NA;NA;NA;"Financeiro; Maturação";NA;NA;Rede Sim de Postos;Varejo;Agendamento_Aceito;Rede Sim de Postos;Nao;NA;NA;NA;NA;NA
9943275788;2022-08-26T11:53:00Z;2023-05-30T17:58:00Z;2022-09-27T16:00:00Z;NA;Agendamentos (MQL);NA;NA;NA;NA;NA;NA;NA;NA;NA;NA;NA;Arlan;Produtos químicos;Agendamentos;Arlan;Nao;NA;NA;NA;NA;NA
9850189662;2022-08-17T15:15:00Z;2023-07-17T23:00:00Z;2023-05-04T14:01:00Z;NA;Negócio perdido;NA;NA;NA;NA;NA;NA;NA;NA;Maturação;NA;NA;Lupo;NA;Agendamentos;Lupo;Nao;NA;NA;NA;NA;NA
9781871227;2022-08-10T15:12:00Z;2023-06-28T14:35:00Z;2022-10-06T14:41:00Z;2023-03-21T11:54:00Z;Cliente;390961,92;NA;NA;NA;390961,92;390961,92;390961,92;390961,92;NA;NA;NA;Hospital Sírio-Libanês;NA;Cliente;Hospital Sírio-Libanês;Sim;26/08/22;09/09/22;27/10/22;18/11/22;17/02/23
9534720436;2022-07-19T14:08:00Z;2023-07-20T11:33:00Z;2023-05-10T17:21:00Z;NA;Negócio perdido;NA;NA;NA;NA;NA;NA;NA;NA;"Maturação; Desinteresse/Declinou; Timing";NA;NA;Chopp Brahma Express;NA;Proposta;Chopp Brahma Express;Nao;NA;NA;NA;NA;NA
9403380807;2022-07-05T16:11:00Z;2023-07-20T11:54:00Z;2023-05-15T10:42:00Z;NA;Negócio perdido;NA;NA;NA;NA;NA;NA;NA;NA;"Maturação; Timing; Desinteresse/Declinou";NA;NA;BRB;Bancário;Diagnostico;BRB - Banco de Brasília;Nao;NA;NA;NA;NA;NA
9367902616;2022-07-01T17:45:00Z;2023-03-13T15:17:00Z;2022-09-13T09:29:00Z;2022-07-01T17:48:00Z;Cliente;10145,28;NA;NA;NA;10145,28;10145,28;10145,28;10145,28;NA;NA;NA;Digio Upsell III;NA;Agendamentos;Digio Upsell III;Nao;NA;NA;NA;NA;NA
9152980401;2022-06-10T10:06:00Z;2023-04-03T09:31:00Z;2022-08-09T16:15:00Z;NA;Negócio perdido;NA;NA;NA;NA;NA;NA;NA;NA;Não é ICP;NA;NA;Oracle | GA4;NA;Agendamento_Aceito;Oracle | GA4;Nao;NA;NA;NA;NA;NA
8988575343;2022-05-23T16:10:00Z;2023-05-30T17:58:00Z;2022-06-01T17:07:00Z;NA;Negócio perdido;NA;NA;NA;NA;NA;NA;NA;NA;"Timing; Maturação";NA;NA;Gillette Venus;NA;Agendamento_Aceito;Gillette Venus;Nao;NA;NA;NA;NA;NA
8725975888;2022-04-26T18:16:00Z;2023-03-09T14:36:00Z;2022-05-11T08:28:00Z;2022-05-10T16:55:00Z;Negócio perdido;NA;NA;NA;NA;NA;NA;NA;NA;Não é ICP;NA;NA;Tintas Eucatex II;NA;Diagnostico;Tintas Eucatex II;Nao;NA;NA;NA;NA;NA
8525141673;2022-04-05T15:00:00Z;2023-07-19T15:21:00Z;2022-05-24T15:25:00Z;2022-05-31T15:57:00Z;Negócio perdido;NA;NA;NA;NA;NA;NA;NA;NA;Não é ICP;NA;NA;Rocha;Agricultura;Agendamento_Aceito;Rocha Terminais Portuários e Logística;Nao;NA;NA;NA;NA;NA
8510171833;2022-04-04T13:44:00Z;2023-06-21T13:27:00Z;2022-07-07T11:53:00Z;2023-01-20T16:27:00Z;Negócio perdido;NA;NA;NA;NA;NA;NA;NA;NA;"Desinteresse/Declinou; Sumiu";NA;NA;Calçados Bibi;Vestuário e moda;Diagnostico;Calçados Bibi;Nao;NA;NA;NA;NA;NA
8509054492;2022-04-04T12:30:00Z;2023-07-19T15:40:00Z;2023-04-19T08:27:00Z;NA;Negócio perdido;NA;NA;NA;NA;NA;NA;NA;NA;"Saiu da Empresa; Timing; Desinteresse/Declinou";NA;NA;Leão ;NA;Proposta;Leão ;Nao;NA;NA;NA;NA;NA
8176775086;2022-03-09T13:43:00Z;2023-03-13T15:17:00Z;2022-09-13T09:29:00Z;2022-06-07T10:41:00Z;Cliente;30557,45;NA;NA;NA;30557,45;30557,45;30557,45;30557,45;NA;NA;NA;Digio II - Upsell (GA + LP + GD);NA;Negocios_Criados;Digio II - Upsell (GA + LP + GD);Nao;NA;NA;NA;NA;NA
8168985964;2022-03-08T18:13:00Z;2023-03-09T14:37:00Z;2022-04-13T14:33:00Z;2022-05-17T16:20:00Z;Negócio perdido;NA;NA;NA;NA;NA;NA;NA;NA;"Timing; Desinteresse/Declinou";NA;NA;Tilibra / ACCO Brands ;Não Achei;Diagnostico;Tilibra / ACCO Brands ;Nao;NA;NA;NA;NA;NA
8025843616;2022-02-25T16:16:00Z;2023-05-03T22:26:00Z;2022-03-04T19:29:00Z;2022-03-04T17:07:00Z;Negócio perdido;NA;NA;NA;NA;NA;NA;NA;NA;Financeiro;NA;NA;MRS II;NA;Proposta;MRS II;Nao;NA;NA;NA;NA;NA
7922933409;2022-02-16T09:49:00Z;2023-07-19T14:54:00Z;2022-05-17T10:06:00Z;2022-06-13T08:43:00Z;Negócio perdido;NA;NA;NA;NA;NA;NA;NA;NA;"Financeiro; Timing";NA;NA;Jussara;NA;Proposta;Jussara;Nao;NA;NA;NA;NA;NA
7807798195;2022-02-03T13:53:00Z;2023-07-19T15:23:00Z;2022-02-11T15:00:00Z;2022-04-20T12:17:00Z;Negócio perdido;NA;NA;NA;NA;NA;NA;NA;NA;Maturação;NA;NA;Otis Elevadores;Maquinário;Agendamento_Aceito;Otis Elevadores;Nao;NA;NA;NA;NA;NA
7751338290;2022-01-28T10:32:00Z;2023-03-09T14:36:00Z;2022-03-21T12:07:00Z;2022-03-02T14:41:00Z;Negócio perdido;1013610,24;NA;NA;NA;1013610,24;1013610,24;0,00;0,00;Financeiro;NA;NA;Comitê Internacional da Cruz Vermelha;Organização cívica e social;Agendamentos;Comitê Internacional da Cruz Vermelha;Nao;NA;NA;NA;NA;NA
7276813832;2021-12-17T15:16:00Z;2023-04-27T19:11:00Z;2021-12-17T15:16:00Z;2022-04-20T12:15:00Z;Negócio perdido;NA;NA;NA;NA;NA;NA;NA;NA;"Maturação; Timing";NA;NA;Banco Safra;Bancário;Agendamento_Aceito;Banco Safra;Nao;NA;NA;NA;NA;NA
6912322909;2021-11-12T20:22:00Z;2023-03-30T18:47:00Z;2022-01-13T12:16:00Z;2022-04-20T12:15:00Z;Negócio perdido;NA;NA;NA;NA;NA;NA;NA;NA;"Não é ICP; Nós Declinamos";NA;NA;Assaí ;Atacado;Agendamento_Aceito;Assaí ;Nao;NA;NA;NA;NA;NA
6686826805;2021-10-18T20:14:00Z;2023-07-20T11:38:00Z;2021-11-29T19:27:00Z;2021-12-01T18:22:00Z;Negócio perdido;NA;NA;NA;NA;NA;NA;NA;NA;Timing;NA;NA;Kroton;Educação superior;Agendamento_Aceito;Kroton;Nao;NA;NA;NA;NA;NA
5691587426;2021-07-15T10:49:00Z;2023-03-09T14:36:00Z;2021-09-28T21:25:00Z;2022-02-15T15:10:00Z;Negócio perdido;NA;NA;NA;NA;NA;NA;NA;NA;Sumiu;NA;NA;Nidera;Agricultura;Diagnostico;Nidera;Nao;NA;NA;NA;NA;NA
5596910186;2021-07-02T19:04:00Z;2023-05-30T16:22:00Z;2021-10-05T08:00:00Z;NA;Negócio perdido;NA;NA;NA;NA;NA;NA;NA;NA;Sumiu;NA;NA;Trasmontano Saúde;NA;Agendamento_Aceito;Trasmontano Saúde;Nao;NA;NA;NA;NA;NA
5575860547;2021-06-30T16:17:00Z;2023-03-13T15:12:00Z;2022-12-06T19:33:00Z;2021-09-15T10:04:00Z;Negócio perdido;98680,00;NA;NA;NA;98680,00;98680,00;0,00;0,00;"Sumiu; Timing; Desinteresse/Declinou";NA;NA;Omron;NA;Proposta;Omron;Nao;NA;NA;NA;NA;NA
5383807092;2021-06-01T17:08:00Z;2023-04-27T19:12:00Z;2021-09-28T21:27:00Z;2021-09-28T21:28:00Z;Negócio perdido;NA;NA;NA;NA;NA;NA;NA;NA;Timing;NA;NA;Grupo NotreDame Intermédica;Saúde, bem-estar e fitness;Diagnostico;Grupo NotreDame Intermédica;Nao;NA;NA;NA;NA;NA
4877547103;2021-03-30T12:50:00Z;2023-04-06T17:52:00Z;2021-04-12T18:38:00Z;2021-04-12T18:39:00Z;Negócio perdido;NA;NA;NA;NA;NA;NA;NA;NA;Desinteresse/Declinou;NA;NA;Bradesco;Bancário;Agendamento_Aceito;Bradesco;Nao;NA;NA;NA;NA;NA
4697563018;2021-03-17T12:39:00Z;2023-03-09T14:36:00Z;2021-03-17T14:09:00Z;2021-08-23T14:50:00Z;Negócio perdido;67200,00;NA;NA;NA;67200,00;67200,00;0,00;0,00;Sumiu;NA;NA;UOL Ads (40% Inside Sales);Tecnologia da informação e serviços;Proposta;UOL Ads (40% Inside Sales);Nao;NA;NA;NA;NA;NA
4610927467;2021-03-10T19:00:00Z;2023-07-20T11:48:00Z;2021-05-12T17:11:00Z;2021-04-29T11:46:00Z;Negócio perdido;NA;NA;NA;NA;NA;NA;NA;NA;Não é ICP;NA;NA;Caterpillar Inc.;Maquinário;Diagnostico;Caterpillar Inc.;Nao;NA;NA;NA;NA;NA
4435660878;2021-03-01T19:25:00Z;2023-07-20T11:44:00Z;2021-04-15T16:44:00Z;2021-04-16T13:09:00Z;Negócio perdido;NA;NA;NA;NA;NA;NA;NA;NA;Sumiu;NA;NA;GTFoods;Alimentos e bebidas;Diagnostico;GTFoods;Nao;NA;NA;NA;NA;NA
4171694807;2021-02-17T16:51:00Z;2023-04-06T17:52:00Z;2021-04-16T13:20:00Z;2021-04-16T13:09:00Z;Negócio perdido;NA;NA;NA;NA;NA;NA;NA;NA;Desinteresse/Declinou;NA;NA;Bistek;Varejo;Agendamento_Aceito;Bistek;Nao;NA;NA;NA;NA;NA
4078663637;2021-02-03T08:44:00Z;2023-06-14T15:50:00Z;2021-04-27T19:10:00Z;2021-04-28T10:02:00Z;Negócio perdido;NA;NA;NA;NA;NA;NA;NA;NA;Desinteresse/Declinou;NA;NA;Myralis Pharma;Farmacêutica;Agendamento_Aceito;Myralis Pharma;Nao;NA;NA;NA;NA;NA
4076605269;2021-02-02T19:59:00Z;2023-06-14T15:49:00Z;2021-07-23T12:42:00Z;2021-05-27T17:08:00Z;Cliente;1704000,00;NA;NA;NA;1704000,00;1704000,00;1704000,00;1704000,00;NA;NA;NA;Apsen;Farmacêutica;Cliente;Apsen - Concorrência Digital;Sim;10/02/21;05/03/21;15/03/21;19/03/21;27/05/21
4059518702;2021-01-29T19:40:00Z;2023-07-19T15:43:00Z;2021-10-29T19:12:00Z;2021-06-09T22:01:00Z;Negócio perdido;101000,00;NA;NA;NA;101000,00;101000,00;0,00;0,00;Sumiu;NA;NA;Esmaltec Eletrodomésticos;Eletrônicos de consumo;Proposta;Esmaltec Eletrodomésticos;Nao;NA;NA;NA;NA;NA
4026644143;2021-01-22T11:05:00Z;2023-06-29T12:40:00Z;2023-06-29T12:39:00Z;2021-05-06T15:45:00Z;Cliente;296715,06;NA;NA;NA;296715,06;296715,06;296715,06;296715,06;NA;NA;NA;Bunge Profissional;Alimentos e bebidas;Cliente;Bunge Profissional - Bid (75% FM);Sim;22/01/21;01/02/21;24/02/21;23/03/21;06/05/21
3565923730;2020-12-04T19:18:00Z;2023-04-06T17:52:00Z;2021-02-10T22:49:00Z;2021-03-18T21:52:00Z;Negócio perdido;NA;NA;NA;NA;NA;NA;NA;NA;Maturação;NA;NA;Raízen (Shell Box);Petróleo e energia;Diagnostico;Raízen (Shell Box);Nao;NA;NA;NA;NA;NA
3530577142;2020-11-26T17:27:00Z;2023-04-06T17:52:00Z;2022-04-26T15:09:00Z;2021-04-23T12:44:00Z;Negócio perdido;240000,00;NA;NA;NA;240000,00;240000,00;0,00;0,00;Desinteresse/Declinou;NA;NA;Tintas Eucatex;Materiais de construção;Proposta;Tintas Eucatex;Nao;NA;NA;NA;NA;NA
3488625670;2020-11-23T21:30:00Z;2023-04-06T17:52:00Z;2021-05-11T11:37:00Z;2021-03-18T21:51:00Z;Negócio perdido;147831,87;NA;NA;NA;147831,87;147831,87;0,00;0,00;Desinteresse/Declinou;NA;NA;Cargill Food Service;Alimentos e bebidas;Proposta;Cargill Food Service - Site Desenvolvimento;Nao;NA;NA;NA;NA;NA
3084963555;2020-10-08T13:42:00Z;2023-04-06T17:52:00Z;2022-01-10T11:36:00Z;2021-03-16T17:47:00Z;Negócio perdido;120000,00;NA;NA;NA;120000,00;120000,00;0,00;0,00;Sumiu;NA;NA;Cargill Genuine;Alimentos e bebidas;Proposta;Cargill Genuine - Full Service;Nao;NA;NA;NA;NA;NA
3037214969;2020-10-01T18:27:00Z;2023-04-06T17:52:00Z;2021-07-07T09:49:00Z;2021-02-03T18:02:00Z;Cliente;287280,00;NA;NA;NA;287280,00;287280,00;287280,00;287280,00;NA;NA;NA;Assurant BemMais Seguro;Seguro;Cliente;Assurant BemMais Seguro - Full Service;Sim;01/10/20;01/10/20;09/10/20;27/11/20;03/02/21
2967535660;2020-09-21T12:03:00Z;2023-04-06T17:52:00Z;2021-05-11T11:37:00Z;2020-12-08T09:56:00Z;Negócio perdido;171242,75;NA;NA;NA;171242,75;171242,75;0,00;0,00;Desinteresse/Declinou;NA;NA;Cargill Food Service;Alimentos e bebidas;Proposta;Cargill Food Service - Mídias Sociais e Site;Nao;NA;NA;NA;NA;NA
