Record ID,Nome do negócio_x,Data de criação,Data da última modificação,Data da última atividade,Data de fechamento,Etapa do negócio,Valor,Valor do contrato anual,Receita anual recorrente,Valor total do contrato,Valor previsto,Valor na moeda da empresa,Valor do negócio projetado na moeda local,Valor do negócio projetado,Motivo de fechamento perdido,Data da próxima atividade,Nome da empresa,Nome do negócio completo,Setor,ultima_etapa
14250438037,CODA PAYMENTS,2023-07-20 13:20,2023-07-20 13:33,2023-07-20 13:20,,Agendamentos (MQL),,,,,,,,,,,CODA PAYMENTS,,Software de computador,Contato
14214450446,SICREDI,2023-07-18 15:17,2023-07-21 13:45,2023-07-19 11:44,,Agendamentos (MQL),,,,,,,,,,,SICREDI,,Serviços financeiros,Contato
14213381032,GETNET,2023-07-18 14:09,2023-07-24 10:11,2023-07-24 10:11,,Agendamentos (MQL),,,,,,,,,,2023-07-27 11:00,GETNET,Getnet ,Serviços financeiros ,Contato
14197387609,CALÇADOS ANIGER,2023-07-17 16:25,2023-07-17 16:30,2023-07-17 16:25,,Agendamentos (MQL),,,,,,,,,,2023-07-24 16:00,CALÇADOS ANIGER,Calçados Aniger,Vestuário e moda ,Agendamentos
14192131993,ITAÚ,2023-07-17 08:22,2023-07-21 12:12,2023-07-21 11:00,,Agendamentos Aceitos (SAL),,,,,,,,,,,ITAÚ,Itaú,Bancário,Agendamentos
14150808694,AMERICAS TRADING,2023-07-14 09:37,2023-07-14 09:38,,2023-07-31 09:37,Agendamentos Aceitos (SAL),,,,,,,,,,,AMERICAS TRADING,,,Agendamento_Aceito
14109118720,HUDL,2023-07-13 11:46,2023-07-21 09:45,2023-07-19 16:35,,Agendamentos Aceitos (SAL),,,,,,,,,,,HUDL,,Software de computador,Agendamentos
14102501033,SCHMERSAL,2023-07-13 09:29,2023-07-13 09:33,2023-07-13 09:29,,Agendamentos (MQL),,,,,,,,,,,SCHMERSAL,Schmersal,Fabricação elétrica/eletrônica,Agendamentos
14058957576,KÄRCHER,2023-07-11 10:39,2023-07-21 09:47,2023-07-20 11:58,,Agendamentos Aceitos (SAL),,,,,,,,,,,KÄRCHER,Kärcher,Maquinário ,Agendamentos
14012014890,COOPERMOTA,2023-07-07 16:56,2023-07-14 11:10,2023-07-13 14:21,,Agendamentos Aceitos (SAL),,,,,,,,,,,COOPERMOTA,Coopermota,Agricultura ,Agendamento_Aceito
13998165266,SAINT GOBAIN,2023-07-06 16:34,2023-07-21 11:03,2023-07-18 11:13,,Proposta Enviada (SQL),28000.0,,,,28000.0,28000.0,14000.0,14000.0,,,SAINT-GOBAIN,Saint-Gobain,Materiais de construção ,Negocios_Criados
13998110809,MILLIUM,2023-07-06 16:03,2023-07-07 09:46,2023-07-06 16:19,,Agendamentos Aceitos (SAL),,,,,,,,,,,MILIUM,,Varejo,Agendamento_Aceito
13995430544,CACAU SHOW,2023-07-06 13:46,2023-07-14 09:29,2023-07-12 16:34,,Agendamentos Aceitos (SAL),,,,,,,,,,,CACAU SHOW,,Alimentos e bebidas,Agendamento_Aceito
13980635406,GRUPO GPS,2023-07-05 13:47,2023-07-24 10:36,2023-07-24 10:36,,Agendamentos Aceitos (SAL),,,,,,,,,,,GRUPO GPS,Grupo GPS ,Serviços de instalações ,Agendamento_Aceito
13978614688,BOMBRIL,2023-07-05 09:27,2023-07-07 16:58,2023-07-07 14:00,2023-07-07 16:58,Negócio perdido,,,,,,,,,Timing,,BOMBRIL,Bombril,Produtos químicos ,Agendamentos
13978649373,PASCHOALOTTO,2023-07-05 09:20,2023-07-20 11:24,2023-07-06 14:27,,Agendamentos Aceitos (SAL),,,,,,,,,,,PASCHOALOTTO,,Telecomunicações,Agendamento_Aceito
13977428114,PICCADILLY,2023-07-05 07:47,2023-07-17 09:03,2023-07-07 09:04,,Agendamentos Aceitos (SAL),,,,,,,,,,,PICCADILLY,Piccadilly,Bens de consumo,Agendamento_Aceito
13977081120,FITESA,2023-07-05 06:50,2023-07-17 09:03,2023-07-07 10:30,,Agendamentos Aceitos (SAL),,,,,,,,,,,FITESA,,,Agendamento_Aceito
13967169613,SOLINFTEC,2023-07-04 09:50,2023-07-11 10:40,2023-07-05 10:48,,Agendamentos Aceitos (SAL),,,,,,,,,,,SOLINFTEC,Solinftec,Agricultura ,Agendamento_Aceito
13969229060,SERES MOTORS,2023-07-03 00:00,2023-07-04 13:49,2023-07-04 13:46,,Agendamentos Aceitos (SAL),,,,,,,,,,,SERES MOTORS,Seres Motors,Automotivo,Agendamento_Aceito
13912182170,DENTSPLY SIRONA,2023-06-29 14:54,2023-07-19 15:18,2023-07-06 17:48,,Negócio perdido,,,,,,,,,Financeiro; Timing; Não é ICP,,DENTSPLY SIRONA,Dentsply Sirona,"Saúde, bem-estar e fitness ",Agendamento_Aceito
13911695518,BERNHOEFT,2023-06-29 13:01,2023-07-20 11:36,2023-07-06 08:39,,Agendamentos Aceitos (SAL),,,,,,,,,,,BERNHOEFT,,Contabilidade,Agendamento_Aceito
13898389069,VITTIA,2023-06-28 09:40,2023-07-19 14:59,2023-07-07 11:32,,Proposta Enviada (SQL),186000.0,,,,186000.0,186000.0,93000.0,93000.0,,,VITTIA,,,Proposta
13888615997,ARTECOLA QUÍMICA,2023-06-27 17:54,2023-07-04 16:53,2023-06-29 15:45,,Negócio perdido,,,,,,,,,Timing; Maturação,,ARTECOLA QUÍMICA,,,Agendamento_Aceito
13868666770,HOSPITAL MOINHOS,2023-06-26 15:03,2023-07-19 15:25,2023-06-29 13:29,,Agendamentos Aceitos (SAL),,,,,,,,,,,HOSPITAL MOINHOS,Hospital Moinhos de Vento,Hospital e cuidados de saúde ,Agendamento_Aceito
13804730662,PALLADIUM HOTEL,2023-06-21 10:37,2023-07-19 15:17,2023-06-21 10:58,,Agendamentos Aceitos (SAL),,,,,,,,,,,PALLADIUM HOTEL,,,Agendamento_Aceito
13716191897,UNIMED,2023-06-14 22:57,2023-07-20 11:39,2023-06-22 16:00,,Negócio perdido,,,,,,,,,Não é ICP; Nós Declinamos,,UNIMED,,"Saúde, bem-estar e fitness",Agendamento_Aceito
13691308357,MELIÁ HOTELS,2023-06-13 14:16,2023-07-12 08:28,2023-07-10 15:24,,Agendamentos Aceitos (SAL),,,,,,,,,,,MELIÃ HOTELS,,Software de computador,Agendamento_Aceito
13691851841,ECOGEN BRASIL,2023-06-13 12:26,2023-07-07 09:45,2023-07-04 16:44,,Negócio perdido,,,,,,,,,Maturação; Timing,2023-12-15 10:00,ECOGEN BRASIL,,Petróleo e energia,Diagnostico
13690301517,PALLADIUM HOTEL,2023-06-13 10:58,2023-06-21 12:13,2023-06-21 10:35,,Agendamentos Aceitos (SAL),,,,,,,,,,,PALLADIUM HOTEL,Palladium Hotel,Hotelaria ,Agendamento_Aceito
13489361412,HYDAC,2023-05-29 12:49,2023-06-29 08:20,2023-06-29 08:20,,Agendamentos (MQL),,,,,,,,,,,HYDAC,Hydac,Maquinário,Agendamentos
13422604381,COOXUPÉ ,2023-05-23 09:14,2023-07-19 10:21,2023-06-14 14:58,,Agendamentos Aceitos (SAL),,,,,,,,,,,COOXUPÉ,Cooxupé,Armazenamento,Agendamento_Aceito
13411720787,VAGAS.COM,2023-05-22 09:34,2023-06-19 17:00,2023-06-05 19:27,,Negócio perdido,,,,,,,,,Maturação; Fechou com Concorrente,,VAGAS.COM,VAGAS.com,Software de computador,Negocios_Criados
13389429885,HEINEKEN,2023-05-19 13:51,2023-06-16 12:17,2023-06-14 10:03,,Agendamentos Aceitos (SAL),,,,,,,,,,,HEINEKEN,Heineken,Alimentos e bebidas,Agendamento_Aceito
13357688177,COOXUPÉ,2023-05-16 16:10,2023-06-28 14:29,2023-05-17 15:23,,Agendamentos Aceitos (SAL),,,,,,,,,,,COOXUPÉ,,Armazenamento,Agendamento_Aceito
13356360793,VENCE TUDO,2023-05-16 15:17,2023-05-16 15:23,2023-05-16 15:17,,Agendamentos (MQL),,,,,,,,,,,VENCE TUDO,Vence Tudo,Agricultura ,Agendamentos
13316079946,SUPER PRIX,2023-05-12 15:06,2023-07-19 15:43,2023-05-30 15:49,,Negócio perdido,,,,,,,,,Financeiro; Sumiu,,SUPER MIX,,,Agendamento_Aceito
13315910518,GRUPO CURIMBABA,2023-05-12 14:24,2023-05-17 14:10,2023-05-17 14:10,,Agendamentos (MQL),,,,,,,,,,,GRUPO CURIMBABA,,,Agendamentos
13279967134,BRASIL ATACADISTA,2023-05-09 14:47,2023-07-19 15:13,2023-05-11 17:28,,Negócio perdido,,,,,,,,,Financeiro; Nós Declinamos,,BRASIL ATACADISTA,Brasil Atacadista,Atacado ,Agendamento_Aceito
13205725995,SAÚDE PETROBRÁS,2023-05-02 11:32,2023-07-19 15:36,2023-05-19 15:03,,Negócio perdido,,,,,,,,,Sumiu; Nós Declinamos; Não é ICP,,SAÚDE PETROBRÁS,Saúde Petrobrás,Petróleo e energia ,Agendamento_Aceito
13159599031,EUROBIKE,2023-04-27 12:10,2023-05-12 10:55,2023-05-09 10:53,,Agendamentos Aceitos (SAL),,,,,,,,,,,EUROBIKE,,Automotivo,Agendamento_Aceito
13057235528,COCAL,2023-04-19 10:03,2023-07-19 15:08,2023-05-31 10:30,,Negócio perdido,,,,,,,,,Timing; Nós Declinamos; Maturação,,COCAL,Cocal,Agricultura ,Agendamento_Aceito
12993392541,POSITIVO,2023-04-14 18:11,2023-07-16 23:57,2023-05-30 14:00,,Proposta Enviada (SQL),400000.0,,,,400000.0,400000.0,200000.0,200000.0,,,POSITIVO,Positivo,Serviços de instalações,Proposta
12856570938,ITAÚ,2023-04-05 17:08,2023-06-28 14:35,2023-04-14 12:07,,Agendamentos Aceitos (SAL),,,,,,,,,,,ITAÚ,Itaú,Bancário,Agendamento_Aceito
12826723072,AGROGALAXY,2023-04-03 16:53,2023-07-19 14:53,2023-04-10 15:36,,Negócio perdido,,,,,,,,,Nós Declinamos; Financeiro; Timing,,AGROGALAXY,,,Agendamento_Aceito
12776263680,EUROCHEM,2023-03-29 10:26,2023-07-19 15:11,2023-03-28 14:30,2023-03-31 10:26,Negócio perdido,720000.0,,,,720000.0,720000.0,0.0,0.0,Financeiro; Fechou com Concorrente; Desinteresse/Declinou,,EUROCHEM,Eurochem,Produtos químicos ,Proposta
12754190484,ISLA SEMENTES,2023-03-28 18:00,2023-07-04 16:54,2023-04-04 15:52,,Negócio perdido,,,,,,,,,Financeiro,,ISLA SEMENTES,Isla Sementes,Serviços financeiros,Agendamento_Aceito
12753468273,SPORT CLUB,2023-03-28 16:05,2023-06-01 16:53,2023-04-25 12:04,,Negócio perdido,,,,,,,,,Financeiro,,SPORT CLUB,,Esportes,Diagnostico
12688511828,VERDE AGRITECH,2023-03-23 12:58,2023-07-04 16:52,2023-03-27 15:27,,Negócio perdido,,,,,,,,,Maturação; Timing,,VERDE AGRITECH,Verde AgriTech,Agricultura ,Agendamento_Aceito
12627287415,GDM SEEDS,2023-03-20 14:41,2023-06-01 16:54,2023-05-03 09:10,2023-03-31 14:40,Negócio perdido,,,,,,,,,Fechou com Concorrente; Financeiro,,GDM SEEDS,,,Proposta
14266787179,SANTANDER ,2023-03-16 12:33,2023-07-24 09:40,2023-07-24 09:40,2023-07-31 12:32,Diagnóstico,147563.17,,,,147563.17,147563.17,59025.268,59025.268,,,SANTANDER,,Bancário,Contato
12431223324,JOHN DEERE,2023-03-07 10:01,2023-06-15 13:29,2023-03-15 10:22,,Agendamentos Aceitos (SAL),,,,,,,,,,,JOHN DEERE,,Maquinário,Agendamento_Aceito
12334431491,RESERVAS VOTORANTIM,2023-02-27 18:59,2023-07-19 14:44,2023-03-09 16:36,,Negócio perdido,,,,,,,,,Não é ICP; Maturação,,RESERVASVOTORANTIM,Reservas Votorantim,Atacado ,Agendamento_Aceito
12268878875,VITTA RESIDENCIAL,2023-02-22 12:30,2023-07-04 16:51,2023-03-01 11:34,,Negócio perdido,,,,,,,,,Financeiro,,VIBRA RESIDENCIAL,,,Agendamento_Aceito
12135020909,GRUPO SALTA,2023-02-13 08:59,2023-07-19 15:24,2023-03-18 10:02,,Negócio perdido,,,,,,,,,Fechou com Concorrente; Maturação; Financeiro,,GRUPO SALTA,,,Diagnostico
12087770387,GRUPO BERTOLINI,2023-02-09 12:44,2023-05-02 03:00,2023-02-09 15:46,,Negócio perdido,,,,,,,,,Timing; Maturação,,GRUPO BERTOLINI,,Mobília,Agendamento_Aceito
12070187587,LOJAS BENOIT,2023-02-08 14:33,2023-07-19 15:38,2023-05-15 11:52,,Negócio perdido,,,,,,,,,Maturação; Timing; Desinteresse/Declinou,,LOJAS BENOIT,Lojas Benoit,Varejo ,Agendamento_Aceito
12536215896,DOM ATACADISTA,2023-01-14 00:00,2023-07-04 16:55,2023-03-08 14:30,,Negócio perdido,324000.0,,,,324000.0,324000.0,0.0,0.0,Maturação; Financeiro; Timing,,FORT ATACADISTA,,,Proposta
11646251827,DVA,2023-01-10 09:48,2023-07-20 11:43,2023-02-16 15:30,,Negócio perdido,,,,,,,,,Sumiu; Financeiro,,DVA,,Atacado,Diagnostico
12100866664,TEMBICI,2023-01-08 00:00,2023-03-09 14:36,2023-02-03 16:00,,Agendamentos Aceitos (SAL),,,,,,,,,,,TEMBICI,Tembici,Esportes ,Agendamento_Aceito
11557498281,CONVERSE,2023-01-02 18:08,2023-04-03 09:34,2023-01-13 10:00,,Negócio perdido,,,,,,,,,Nós Declinamos,,CONVERSE,,Vestuário e moda,Agendamento_Aceito
11369948255,LOTS GROUP,2022-12-16 13:57,2023-04-03 09:39,2023-02-03 19:17,2022-12-31 13:57,Negócio perdido,,,,,,,,,Financeiro; Desinteresse/Declinou,,LOTS GROUP,,Transporte/caminhões/ferrovias,Proposta
11266793340,SUPERPRIX,2022-12-08 08:55,2023-05-30 15:49,2023-05-30 15:49,2022-12-31 08:54,Negócio perdido,,,,,,,,,Sumiu,,SUPER PRIX,SuperPrix,Varejo ,Agendamentos
11234907490,FINTECHMAGALU,2022-12-06 10:03,2023-03-09 14:37,2022-12-06 10:28,2022-12-31 10:02,Negócio perdido,,,,,,,,,Não é ICP,,FINTECHMAGALU,,,Negocios_Criados
11156847374,BRF,2022-11-30 08:56,2023-04-12 09:52,2022-11-30 09:23,2022-11-30 08:55,Negócio perdido,,,,,,,,,Timing; Desinteresse/Declinou,,BRF,BRF,Produção de alimentos,Agendamento_Aceito
11146533800,BANCO NEXT,2022-11-29 17:14,2023-06-21 19:48,2022-12-13 09:37,,Negócio perdido,,,,,,,,,Saiu da Empresa,,BANCO NEON,,Serviços financeiros,Agendamentos
11074697233,CARREFOUR,2022-11-24 11:14,2023-07-20 11:09,2023-01-10 10:00,,Negócio perdido,,,,,,,,,Timing; Maturação,,CARREFOUR,,Varejo,Diagnostico
11070312612,GRUPO ATTO,2022-11-23 21:27,2023-04-03 09:40,2022-12-01 09:04,,Negócio perdido,,,,,,,,,Nós Declinamos,,GRUPO AGRO,,Agricultura,Agendamentos
11067648141,AGUA DE,2022-11-23 18:01,2023-05-30 17:58,2022-12-02 11:25,2022-11-30 18:00,Negócio perdido,,,,,,,,,Financeiro,,ÁGUA DE,,,Negocios_Criados
11027456697,RENNOVA,2022-11-21 10:27,2023-07-19 15:02,2022-11-25 10:10,,Agendamentos (MQL),,,,,,,,,,,RENNOVA,Rennova,Biotecnologia ,Agendamento_Aceito
10994423655,STARA,2022-11-18 09:54,2023-07-19 15:28,2022-11-22 10:13,,Negócio perdido,,,,,,,,,Maturação; Timing,,SARA,Stara,Agricultura ,Agendamento_Aceito
10995330926,AGROTOKEN,2022-11-17 11:54,2023-03-09 14:36,2023-01-11 11:00,2022-11-30 11:53,Negócio perdido,,,,,,,,,Fechou com Concorrente; Financeiro,,AGROTOKEN,,,Proposta
10980854596,BEBIDAS POTY,2022-11-17 10:46,2023-07-20 11:14,2022-11-24 10:54,,Negócio perdido,,,,,,,,,Timing; Financeiro,,BEBIDAS POTY,,Alimentos e bebidas,Agendamento_Aceito
10969649465,RUMO,2022-11-16 16:38,2023-03-09 14:36,2022-11-29 15:28,2022-11-23 11:30,Negócio perdido,,,,,,,,,Não é ICP; Financeiro,,RUMO,Rumo,Transporte/caminhões/ferrovias ,Agendamentos
10886978836,EVINO,2022-11-10 16:39,2023-03-09 14:36,2022-11-22 12:47,2023-01-20 16:32,Negócio perdido,,,,,,,,,Maturação,,EVINO,,,Agendamento_Aceito
10859783191,HOSPITAL ALEMÃO,2022-11-08 16:46,2023-07-20 11:21,2022-11-09 19:33,,Negócio perdido,,,,,,,,,Saiu da Empresa,,HOSPITAL ALEMÃO,Hospital Alemão Oswaldo Cruz,Hospital e cuidados de saúde,Agendamento_Aceito
10844814487,AD'ORO,2022-11-07 15:23,2023-05-30 17:58,2022-11-21 14:57,,Agendamentos (MQL),,,,,,,,,,,AD'ORO,,,Agendamentos
10766607698,JUSSARA LATICINEOS,2022-11-01 09:16,2023-07-19 14:59,2023-03-24 10:16,,Agendamentos (MQL),,,,,,,,,,,JUSSARA LATICINEOS, Jussara Laticineos,Alimentos e bebidas ,Agendamento_Aceito
10677021007,ACCOR,2022-10-24 16:35,2023-04-03 09:34,2022-11-10 14:18,,Negócio perdido,,,,,,,,,Desinteresse/Declinou; Financeiro,,ACCOR,,Hotelaria,Agendamento_Aceito
10630221896,WILEY,2022-10-20 09:43,2023-04-03 09:41,2022-10-20 10:19,2022-10-31 09:41,Negócio perdido,,,,,,,,,Financeiro; Não é ICP,,WILEY,,Publicação,Agendamentos
10619139943,NESTLÉ,2022-10-19 16:16,2023-06-26 10:51,2022-10-26 15:00,,Negócio perdido,,,,,,,,,Maturação; Nós Declinamos,,NESTLE,,Alimentos e bebidas,Agendamento_Aceito
10615749476,SPRAYTEC,2022-10-18 10:43,2023-04-03 09:41,2022-11-22 14:00,2022-10-31 10:42,Negócio perdido,,,,,,,,,Não é ICP,,SPRAY-TEC,,,Agendamentos
10590690171,ZENSA,2022-10-17 09:55,2023-07-20 11:28,2022-11-08 11:30,,Negócio perdido,,,,,,,,,Não é ICP,,ZEN SA,,Automotivo,Agendamento_Aceito
10358562966,NEW HOLLAND,2022-09-29 15:53,2023-07-04 16:55,2023-03-16 09:34,,Negócio perdido,,,,,,,,,Timing; Maturação,,NEW HOLLAND,,Maquinário,Diagnostico
10289777579,COCAMAR ,2022-09-23 18:05,2023-03-13 15:03,2023-02-28 12:00,2022-11-24 12:07,Cliente,361995.96,,,,361995.96,361995.96,361995.96,361995.96,,,COCAMAR,,Produção de alimentos,Cliente
10282208687,KUAISHOU,2022-09-22 21:56,2023-04-03 09:33,2022-10-11 10:47,,Negócio perdido,,,,,,,,,Timing; Desinteresse/Declinou,,KUAISHOU,,Software de computador,Agendamento_Aceito
10277598247,ENEL X,2022-09-22 15:04,2023-07-20 11:48,2023-05-10 15:28,,Agendamentos (MQL),,,,,,,,,,,ENEL X, Enel X,Serviços de utilidade pública,Agendamento_Aceito
10268226307,CNN BRASIL,2022-09-21 17:25,2023-07-19 15:26,2022-09-23 11:31,,Negócio perdido,,,,,,,,,Sumiu; Timing,,CNPBRASIL,,,Agendamento_Aceito
10239355748,NISSAN,2022-09-19 15:09,2023-04-03 09:33,2022-10-13 17:24,,Negócio perdido,,,,,,,,,Maturação; Saiu da Empresa,,NISSAN,Nissan,Automotivo,Agendamento_Aceito
10161938786,HONDA,2022-09-12 16:40,2023-07-04 16:56,2022-09-20 15:30,,Negócio perdido,,,,,,,,,Maturação; Desinteresse/Declinou; Timing,,SONDA,HONDA,Software de computador,Agendamento_Aceito
10161251850,GAZIN,2022-09-12 16:06,2023-07-20 11:11,2022-10-25 15:49,2023-01-20 16:27,Negócio perdido,,,,,,,,,Sumiu; Desinteresse/Declinou,,GAZIT,,,Proposta
10160287395,DPASCHOAL,2022-09-12 12:24,2023-07-20 11:24,2022-09-19 11:43,,Negócio perdido,,,,,,,,,Financeiro,,DPASCHOAL,,Automotivo,Agendamento_Aceito
10117266732,TEUTO,2022-09-08 15:00,2023-07-20 11:10,2022-09-29 19:37,2023-01-20 16:27,Negócio perdido,,,,,,,,,Financeiro,,TEUTO,Teuto,Farmacêutica,Diagnostico
10067849484,PORTOBELLO ,2022-09-05 11:44,2023-07-20 11:59,2022-09-20 09:36,2022-10-03 11:38,Negócio perdido,,,,,,,,,Financeiro; Não é ICP,,PORTOBELLO,Portobello,Materiais de construção,Agendamento_Aceito
9942666548,PEPSICO,2022-08-26 09:52,2023-05-25 22:36,2022-10-10 11:36,,Agendamentos (MQL),,,,,,,,,,,PEPSICO,,Alimentos e bebidas,Agendamentos
9922745002,FOCO ALUGUEL,2022-08-24 16:55,2023-07-19 14:58,2022-10-03 17:41,,Negócio perdido,,,,,,,,,Financeiro; Timing,,FOCO ALUGUEL,,,Agendamento_Aceito
9910334978,GRUPO LÍDER,2022-08-23 15:08,2023-07-19 15:07,2022-10-26 15:30,,Negócio perdido,,,,,,,,,Não é ICP,,GRUPO LÍDER,,,Proposta
9907461386,WE PINK,2022-08-23 11:32,2023-03-30 17:08,2022-08-23 14:47,,Negócio perdido,,,,,,,,,Não é ICP,,WE PINK,,,Agendamento_Aceito
9892494180,JBS,2022-08-22 08:28,2023-06-26 10:51,2023-04-12 15:00,,Proposta Enviada (SQL),,,,,,,,,,,JBS,,Produção de alimentos,Proposta
9892391035,BAYER PHARMACEUTICALS,2022-08-22 08:28,2023-04-03 09:31,2022-08-23 14:30,,Negócio perdido,,,,,,,,,Não é ICP,,BAYER PHARMACEUTICALS,,Farmacêutica,Agendamento_Aceito
9872374867,PETZ ,2022-08-19 17:03,2023-07-19 15:20,2023-03-20 09:30,,Negócio perdido,,,,,,,,,Desinteresse/Declinou; Timing,,PETZ,,,Diagnostico
9849094535,NATURA&CO,2022-08-17 14:05,2023-04-03 09:40,2022-10-11 09:40,,Negócio perdido,,,,,,,,,Maturação; Timing,,NATURA&CO,Natura&CO,Cosméticos,Diagnostico
9767065765,DIGIO ,2022-08-09 09:24,2023-03-13 15:18,2022-09-13 09:29,2022-08-31 09:24,Negócio perdido,9142.1,,,,9142.1,9142.1,0.0,0.0,Desinteresse/Declinou,,DIGIO,Digio,Tecnologia da informação e serviços ,Proposta
9694270742,MART MINAS,2022-08-03 23:52,2023-03-09 14:36,2022-10-04 15:03,2022-09-07 21:28,Cliente,404911.98,,,,404911.98,404911.98,404911.98,404911.98,,,MART MINAS,Mart Minas,Tecnologia da informação e serviços,Cliente
9691251818,ZOOP,2022-08-03 14:24,2023-07-19 14:47,2022-08-11 14:31,,Negócio perdido,,,,,,,,,Timing; Saiu da Empresa; Não é ICP; Financeiro,,ZOOP,Zoop,Tecnologia da informação e serviços ,Agendamento_Aceito
9671392000,GRUPO MULTITÉCNICA,2022-08-01 22:26,2023-04-03 09:32,2022-09-16 11:29,,Negócio perdido,,,,,,,,,Financeiro; Nós Declinamos,,GRUPO MULTITÉCNICA,Grupo Multitécnica,Produtos químicos,Agendamento_Aceito
9556284505,ULTRAGAZ,2022-07-21 15:29,2023-03-09 14:36,2022-08-02 16:28,2022-10-07 14:44,Negócio perdido,,,,,,,,,Não é ICP,,ULTRAGAZ,Ultragaz,Petróleo e energia,Agendamento_Aceito
9554698256,GRUPO ONCOCLINICAS,2022-07-21 12:54,2023-03-09 14:36,2022-08-11 15:33,,Negócio perdido,,,,,,,,,Timing; Maturação,,GRUPO ONCOCLINICAS,,Hospital e cuidados de saúde,Agendamento_Aceito
9535985760,WAP,2022-07-19 17:08,2023-07-20 11:12,2022-07-22 14:27,,Negócio perdido,,,,,,,,,Financeiro; Timing,,WAP,,Bens de consumo,Agendamento_Aceito
9533639733,MOURA DUBEUX,2022-07-19 11:37,2023-04-03 09:30,2022-07-26 09:00,,Negócio perdido,,,,,,,,,Sumiu; Nós Declinamos,,MOURA DUBEUX,,Construção,Agendamento_Aceito
9714001725,PRIME CURSOS,2022-07-15 11:49,2023-03-09 14:36,2022-08-12 09:00,2022-08-31 11:47,Negócio perdido,,,,,,,,,Desinteresse/Declinou; Timing,,PRIME CURSOS,,Software de computador,Proposta
9492773640,PAMPLONA ALIMENTOS,2022-07-14 08:20,2023-03-09 14:36,2022-09-23 12:38,2022-10-19 18:30,Negócio perdido,622968.24,,,,622968.24,622968.24,0.0,0.0,Timing,,PAMPLONA ALIMENTOS,,Produção de alimentos,Proposta
9458850179,RENAULT,2022-07-11 11:43,2023-03-13 15:18,2022-08-11 09:00,,Negócio perdido,,,,,,,,,Saiu da Empresa; Sumiu,,RENAULT,Renault,Automotivo,Diagnostico
9435779855,MALLORY ELETROPORTÁTEIS,2022-07-08 15:22,2023-06-01 10:16,2022-08-30 15:10,,Negócio perdido,,,,,,,,,Financeiro,,MALLORY ELETROPORTÁTEIS,,Eletrônicos de consumo,Diagnostico
9434955293,EMBELLEZE,2022-07-07 12:09,2023-07-13 09:41,2022-08-12 10:36,2022-07-31 12:03,Negócio perdido,,,,,,,,,Nós Declinamos,,EMBELLEZE,,Cosméticos,Diagnostico
9342483878,ALPER SEGUROS,2022-06-29 10:46,2023-03-13 15:16,2022-09-15 11:28,,Negócio perdido,,,,,,,,,Desinteresse/Declinou; Financeiro,,ALPER SEGUROS,,Seguro,Diagnostico
9335197262,MOSAIC BRASIL,2022-06-28 16:26,2023-03-09 14:36,2022-07-18 15:00,2022-08-10 13:41,Negócio perdido,,,,,,,,,Fechou com Concorrente; Financeiro,,MOSAIC BRASIL,Mosaic Brasil,Produtos químicos,Diagnostico
9335038859,CENCOSUD,2022-06-28 16:26,2023-03-09 14:36,2022-07-21 15:15,,Negociação,950000.0,,,,950000.0,950000.0,665000.0,665000.0,,,CENCOSUD,Cencosud,Varejo ,Proposta
9321003094,JACTO,2022-06-27 15:25,2023-07-17 22:58,2022-10-03 17:40,,Negócio perdido,,,,,,,,,Maturação,,JACTO,,Maquinário,Diagnostico
9320851333,SONDA SUPERMERCADOS,2022-06-27 15:17,2023-07-19 15:26,2023-05-02 10:23,2022-08-10 13:43,Negócio perdido,,,,,,,,,Sumiu; Não é ICP,,MOTA SUPERMERCADOS,Sonda Supermercados,Varejo ,Proposta
9266863369,LEITE DE,2022-06-21 18:39,2023-03-09 14:36,2022-07-15 16:00,,Negócio perdido,,,,,,,,,Desinteresse/Declinou; Sumiu,,LEITE DE,,"Saúde, bem-estar e fitness",Diagnostico
9145229174,AYUMI SUPERMERCADOS,2022-06-09 18:22,2023-03-09 14:36,2022-06-22 10:46,2022-08-10 13:39,Negócio perdido,,,,,,,,,Financeiro; Maturação,,AYUMI SUPERMERCADOS,,,Agendamento_Aceito
9142920225,BOMBRIL,2022-06-09 12:32,2023-07-19 15:09,2022-07-04 19:14,,Negócio perdido,510000.0,,,,510000.0,510000.0,0.0,0.0,Fechou com Concorrente; Financeiro,,BOMBRIL,Bombril ,Produtos químicos ,Proposta
9134056239,ENXUTO SUPERMERCADOS,2022-06-08 16:10,2023-06-22 11:12,2022-07-07 18:27,2022-08-09 16:18,Negócio perdido,,,,,,,,,Financeiro,,ENXUTO SUPERMERCADOS,,Varejo,Diagnostico
9059767372,ZENATUR,2022-05-31 16:06,2023-03-09 14:36,2022-06-24 11:09,2022-08-10 13:41,Negócio perdido,,,,,,,,,Não é ICP,,ZENATUR,,Logística e cadeia de suprimento,Diagnostico
8947390720,CELEIRO SUPERMERCADOS,2022-05-18 15:02,2023-07-19 14:43,2022-06-03 11:00,2022-06-06 11:16,Negócio perdido,,,,,,,,,Financeiro; Não é ICP; Nós Declinamos,,CORDEIRO SUPERMERCADOS,,,Agendamento_Aceito
8938556759,BARRY CALLEBAUT,2022-05-17 16:41,2023-04-03 09:42,2022-06-01 11:00,2022-05-31 16:41,Negócio perdido,,,,,,,,,Sumiu,,BARRY CALLEBAUT,,Produção de alimentos,Agendamentos
8891831424,PRIMA FOODS,2022-05-12 12:46,2023-07-19 15:09,2022-05-19 16:13,2022-05-31 16:02,Negócio perdido,,,,,,,,,Financeiro; Não é ICP,,PRIMA FOODS,Prima Foods ,Alimentos e bebidas ,Agendamento_Aceito
8860080758,IQUEGAMI SUPERMERCADOS,2022-05-09 17:09,2023-03-09 14:37,2022-06-10 10:00,,Negócio perdido,,,,,,,,,Financeiro; Não é ICP,,IQUAGAMI SUPERMERCADOS,,,Agendamento_Aceito
9185739073,FARMADELIVERY II,2022-05-06 00:00,2023-05-12 10:13,2022-07-11 17:00,2022-11-11 11:34,Cliente,616536.0,,,,616536.0,616536.0,616536.0,616536.0,,,FARMADELIVERY,,,Cliente
8785636688,NK SEMENTES,2022-05-02 14:03,2023-03-09 14:37,2022-05-30 19:37,2023-02-09 10:04,Negócio perdido,720000.0,,,,720000.0,720000.0,0.0,0.0,Financeiro,,NK SEMENTES,,Agricultura,Proposta
8784596653,VALMONT,2022-05-02 11:54,2023-04-03 09:29,2022-06-30 08:57,2022-05-17 16:42,Negócio perdido,,,,,,,,,Timing; Nós Declinamos,,VALMONT,,Maquinário,Agendamento_Aceito
8808339045,NIM GENETICS,2022-05-02 00:00,2023-03-09 14:36,2022-06-30 17:51,2022-07-04 19:01,Cliente,217872.0,,,,217872.0,217872.0,217872.0,217872.0,,,NIMGENETICS,,Biotecnologia,Cliente
8521807490,GRUPO REDEBRASIL,2022-04-05 11:03,2023-03-09 14:36,2022-04-07 15:25,2022-04-20 12:13,Negócio perdido,,,,,,,,,Maturação,,GRUPO REDEBRASIL,Grupo Redebrasil,Serviços financeiros,Agendamento_Aceito
8444212021,UNIPAC,2022-04-01 17:47,2023-03-09 14:36,2022-04-08 10:45,2022-04-20 12:19,Negócio perdido,,,,,,,,,Financeiro; Não é ICP,,UNIPAR,Unipac,Ensino superior,Agendamento_Aceito
8437713017,EUCATUR,2022-04-01 15:20,2023-03-09 14:36,2022-04-06 11:49,2022-04-06 11:49,Negócio perdido,,,,,,,,,Financeiro; Não é ICP,,EUCATUR,,Transporte/caminhões/ferrovias,Agendamento_Aceito
8401843003,CASTRILLON AUTOPEÇAS,2022-03-30 08:12,2023-07-19 14:47,2022-04-20 17:28,2022-05-17 16:42,Negócio perdido,,,,,,,,,Não é ICP,,CASTRILLON AUTOPEÇAS,,,Agendamento_Aceito
8391202363,METALÚRGICA FEY,2022-03-29 16:42,2023-03-09 14:36,2022-04-10 15:35,2022-04-10 15:16,Negócio perdido,,,,,,,,,Timing; Maturação,,METALÚRGICA FEY,,Engenharia mecânica ou industrial,Agendamento_Aceito
8344505364,VETBR SAÚDE,2022-03-24 11:56,2023-07-20 11:25,2022-04-01 16:00,2022-04-20 12:13,Negócio perdido,,,,,,,,,Nós Declinamos; Não é ICP,,VETBR SAÚDE,,,Agendamento_Aceito
8343752003,AD'ORO,2022-03-24 09:36,2023-07-19 15:38,2022-11-21 14:57,2022-05-31 15:59,Negócio perdido,,,,,,,,,Fechou com Concorrente; Timing; Maturação,,AD'ORO,AD'ORO,Cosméticos ,Agendamento_Aceito
8322344064,GRUPO SEMAR,2022-03-23 11:39,2023-07-19 15:20,2022-07-08 18:02,2022-08-09 16:18,Negócio perdido,,,,,,,,,Sumiu; Desinteresse/Declinou,,GRUPOSEMAR,,,Diagnostico
8304208765,SAS PLATAFORMA,2022-03-21 16:49,2023-07-19 14:50,2023-05-10 15:21,,Negócio perdido,307308.0,,,,307308.0,307308.0,0.0,0.0,Timing; Desinteresse/Declinou; Maturação,,SAS PLATAFORMA,,,Proposta
8301515184,GRUPO PRINER,2022-03-21 12:03,2023-07-19 15:27,2022-03-28 14:05,2022-04-07 09:52,Negócio perdido,,,,,,,,,Não é ICP; Nós Declinamos,,GRUPO PRINER,,,Agendamento_Aceito
8264520809,APSA,2022-03-18 17:35,2023-07-20 11:13,2022-04-04 16:00,2022-04-20 12:20,Negócio perdido,,,,,,,,,Nós Declinamos; Não é ICP,,APSA,,Imobiliária,Agendamento_Aceito
8263921938,LUNELLI,2022-03-18 16:58,2023-06-19 08:18,2022-07-14 11:38,2022-07-14 11:37,Negócio perdido,,,,,,,,,Timing; Sumiu,,LUNELLI,Lunelli,Vestuário e moda,Agendamentos
8253354841,PRODAP,2022-03-17 17:22,2023-03-09 14:37,2022-04-13 10:16,2022-06-13 08:50,Negócio perdido,,,,,,,,,Sumiu; Timing,,PRODAP,Prodap,Bens de consumo,Agendamento_Aceito
8239766660,SHOPPING RECIFE,2022-03-16 10:16,2023-03-09 14:36,2022-03-23 14:43,2022-04-20 12:14,Negócio perdido,,,,,,,,,Maturação; Não é ICP; Timing,,SHOPPING RECIFE,Shopping Recife,Varejo,Agendamento_Aceito
8235144739,PORTO ITAPOÁ,2022-03-15 22:01,2023-07-20 11:23,2022-08-10 08:00,2022-08-24 11:12,Proposta Enviada (SQL),445722.96,,,,445722.96,445722.96,222861.48,222861.48,,,PORTO ITAPOÁ,,Transporte/caminhões/ferrovias,Proposta
8242183344,ALTERDATA SOFTWARE,2022-03-15 16:39,2023-03-09 14:36,2022-04-28 14:50,2022-07-04 16:22,Negócio perdido,,,,,,,,,Timing; Não é ICP,,ALTERDATA SOFTWARE,Alterdata Software II,Software de computador,Proposta
8230722315,WIZ SOLUÇÕES,2022-03-15 11:50,2023-07-19 15:12,2022-09-06 12:25,2022-10-19 18:30,Negócio perdido,,,,,,,,,Saiu da Empresa,,WISE SOLUÇÕES,Wiz Soluções,Serviços financeiros ,Proposta
8230620996,VALE,2022-03-15 11:34,2023-06-26 10:50,2022-03-18 17:30,2022-04-20 12:17,Negócio perdido,,,,,,,,,Não é ICP,,VALEO,,Automotivo,Agendamento_Aceito
8218762164,MEDABIL,2022-03-14 11:21,2023-03-09 14:36,2022-03-21 11:00,2022-04-20 12:14,Negócio perdido,,,,,,,,,Não é ICP,,MEDABIL,Medabil,Construção,Agendamento_Aceito
8218716681,FREITAS VAREJO,2022-03-14 10:55,2023-07-19 15:45,2022-05-09 17:30,2022-05-09 17:32,Negócio perdido,,,,,,,,,Timing; Maturação,,FREITAS VAREJO,Freitas Varejo,Varejo ,Agendamento_Aceito
8195134813,HOSPITAL ERNESTO,2022-03-11 09:59,2023-03-09 14:36,2022-04-08 10:00,2022-05-09 15:35,Negócio perdido,,,,,,,,,Não é ICP; Nós Declinamos,,HOSPITAL ERNESTO,Hospital Ernesto Dornelles,Hospital e cuidados de saúde,Agendamento_Aceito
8188477081,7COMM,2022-03-10 17:34,2023-03-09 14:36,2022-04-05 18:53,2022-07-01 16:36,Negócio perdido,,,,,,,,,Não é ICP; Sumiu,,7COMM,,Tecnologia da informação e serviços,Diagnostico
8184437058,DAKI,2022-03-10 10:56,2023-07-19 15:31,2022-03-15 16:42,2022-04-20 12:18,Negócio perdido,,,,,,,,,Maturação,,DAKI,Daki ,Varejo ,Agendamento_Aceito
8184436663,NBCUNIVERSAL,2022-03-10 10:54,2023-07-19 15:33,2022-03-16 16:33,2022-05-31 16:00,Negócio perdido,,,,,,,,,Maturação; Timing,,NBCUNIVERSAL,,,Agendamento_Aceito
8176898414,GRUPO OR,2022-03-09 13:43,2023-03-09 14:36,2022-02-09 15:00,2022-04-20 12:09,Negócio perdido,,,,,,,,,Nós Declinamos,,GRUPO GR,,Segurança e investigações,Negocios_Criados
8169055888,UNIDASUL,2022-03-08 18:23,2023-07-19 14:42,2022-03-18 16:07,2022-05-17 16:42,Negócio perdido,,,,,,,,,Nós Declinamos; Financeiro,,UNIDASUL,,,Agendamento_Aceito
8168954119,DEEZER,2022-03-08 17:08,2023-07-20 11:32,2023-04-15 12:29,2022-07-06 11:54,Cliente,636000.0,,,,636000.0,636000.0,636000.0,636000.0,,,DEEZER,Deezer,Software de computador,Cliente
8165996143,LIBERTY SEGUROS,2022-03-08 11:00,2023-07-20 11:14,2022-04-04 13:45,2022-05-04 14:18,Negócio perdido,,,,,,,,,Financeiro,,LIBERTY SEGUROS,Liberty Seguros,Seguro,Proposta
8126020723,SCANSOURCE,2022-03-04 15:57,2023-07-20 11:53,2022-03-07 17:02,2022-05-17 16:42,Negócio perdido,,,,,,,,,Não é ICP; Nós Declinamos; Financeiro,,SCANSOURCE,,Hardware de computador,Agendamento_Aceito
8105310560,LANGUIRU,2022-03-02 19:22,2023-07-19 15:00,2022-03-07 16:30,2022-04-07 10:07,Negócio perdido,,,,,,,,,Não é ICP; Nós Declinamos,,LANGUIRU,Languiru,Alimentos e bebidas ,Agendamento_Aceito
8102366235,LOPES CONSULTORIA,2022-03-02 13:30,2023-03-09 14:36,2022-03-03 17:00,2022-04-20 12:14,Negócio perdido,,,,,,,,,Não é ICP,,LOPES CONSULTORIA,,Imobiliária,Agendamento_Aceito
7992981272,REDE GRAAL,2022-02-22 13:09,2023-03-09 14:36,2022-05-17 17:31,2022-07-19 18:00,Negócio perdido,,,,,,,,,Desinteresse/Declinou; Sumiu,,REDE GRAAL,,Restaurantes,Agendamento_Aceito
7992382761,DONIZETE DISTRIBUIDORA,2022-02-22 11:31,2023-07-20 11:13,2022-04-12 10:08,2022-04-28 14:26,Negócio perdido,,,,,,,,,Não é ICP; Sumiu; Nós Declinamos,,DONIZETE DISTRIBUIDORA,Donizete Distribuidora,Logística e cadeia de suprimento,Agendamento_Aceito
7941424019,UNICAMPO,2022-02-18 10:23,2023-03-09 14:37,2022-04-05 19:03,2022-03-30 14:39,Proposta Enviada (SQL),269234.28,,,,269234.28,269234.28,134617.14,134617.14,,,UNICAMPO,,Agricultura,Proposta
7874288537,GRUPO BARCELOS,2022-02-10 11:19,2023-07-20 11:53,2022-02-17 15:31,2022-04-20 12:14,Negócio perdido,,,,,,,,,Não é ICP,,GRUPO BARCELOS,,Serviços jurídicos,Agendamento_Aceito
7857425845,CNH INDUSTRIAL,2022-02-08 17:26,2023-07-19 15:05,2022-03-08 15:00,2022-05-04 14:18,Negócio perdido,,,,,,,,,Saiu da Empresa,,CNH INDUSTRIAL,,,Agendamento_Aceito
7846319660,CITROSUCO,2022-02-07 15:52,2023-05-11 11:24,2023-05-11 11:24,2022-07-14 12:07,Cliente,717721.2,,,,717721.2,717721.2,717721.2,717721.2,,,CITROSUCO,,Produção de alimentos,Cliente
7845344878,BUONNY,2022-02-07 13:51,2023-03-09 14:36,2022-02-10 14:49,2022-04-20 12:24,Negócio perdido,,,,,,,,,Não é ICP,,BUONNY,,Segurança e investigações,Agendamento_Aceito
7843495456,AB BRASIL,2022-02-07 12:02,2023-07-19 15:01,2022-04-11 16:43,2022-05-17 16:20,Negócio perdido,,,,,,,,,Desinteresse/Declinou,,IRB BRASIL,,Seguro,Diagnostico
7797871203,KWS GROUP,2022-02-02 14:08,2023-07-20 11:42,2022-04-13 11:43,2022-08-10 13:40,Negócio perdido,,,,,,,,,Timing; Desinteresse/Declinou; Maturação,,KWS GROUP,,Agricultura,Agendamento_Aceito
7795634522,PIRELLI,2022-02-02 11:27,2023-06-27 11:48,2023-01-19 11:23,,Negócio perdido,,,,,,,,,Maturação; Timing,,PIRELLI,,Automotivo,Diagnostico
7789205783,ESPORTE CLUBE,2022-02-01 16:12,2023-03-09 14:36,2022-03-03 10:44,2022-03-03 10:43,Negócio perdido,,,,,,,,,Desinteresse/Declinou,,ESPORTE CLUBE,,Esportes,Agendamento_Aceito
7751609754,IC TRANSPORTES,2022-01-28 11:26,2023-07-20 11:30,2022-03-07 08:51,2022-04-07 10:16,Negócio perdido,,,,,,,,,Não é ICP; Timing; Nós Declinamos,,IC TRANSPORTES,,,Agendamento_Aceito
7656709761,BLU LOGISTICS,2022-01-21 14:15,2023-07-19 15:22,2022-02-26 14:00,2022-04-20 12:15,Negócio perdido,,,,,,,,,Não é ICP,,BLU LOGISTICS,Blu Logistics Brasil,Logística e cadeia de suprimento ,Agendamento_Aceito
7464886900,BROTO,2022-01-10 13:27,2023-07-19 15:30,2022-01-14 14:00,2022-04-20 12:28,Negócio perdido,,,,,,,,,Maturação; Timing,,BROTO,,,Diagnostico
7315686716,BRADESCO SEGUROS,2021-12-22 10:05,2023-05-30 17:58,2022-05-31 10:55,2022-02-14 12:31,Negócio perdido,,,,,,,,,Sumiu,,BRADESCO SEGUROS,Bradesco Seguros,Seguro,Agendamentos
7274350383,SONDA,2021-12-17 11:33,2023-04-18 17:48,2022-01-12 15:49,2022-04-20 12:22,Negócio perdido,,,,,,,,,Timing; Maturação,,SONEDA,Sonda,Tecnologia da informação e serviços ,Agendamento_Aceito
7254907909,STOCCHE FORBES,2021-12-15 10:14,2023-03-09 14:36,2021-12-22 11:12,,Negócio perdido,,,,,,,,,Sumiu,,STOCCHE FORBES,,Serviços jurídicos,Agendamento_Aceito
7234053502,SAPORE,2021-12-13 11:46,2023-03-09 14:37,2022-01-07 16:48,2022-04-20 12:16,Negócio perdido,,,,,,,,,Desinteresse/Declinou; Saiu da Empresa,,SAPORE,,Restaurantes,Agendamento_Aceito
7204413836,BSI,2021-12-09 15:08,2023-07-20 11:38,2021-12-16 13:32,,Negócio perdido,,,,,,,,,Não é ICP,,BSI,BSI,Consultoria de gestão,Agendamento_Aceito
7195219797,GOMES DA,2021-12-08 13:14,2023-07-20 11:55,2022-04-12 16:06,2022-05-31 15:57,Negócio perdido,,,,,,,,,Sumiu; Maturação,,GOMES DA,,Alimentos e bebidas,Agendamento_Aceito
7069468764,ARLA FOODS,2021-12-02 15:44,2023-03-09 14:36,2021-12-06 12:00,,Negócio perdido,,,,,,,,,Timing,,DELA FOODS,,,Agendamento_Aceito
7058385200,NTT DATA,2021-12-01 17:51,2023-03-09 14:36,2021-12-09 10:40,2022-04-20 12:11,Negócio perdido,,,,,,,,,Maturação; Timing,,NTT DATA,NTT DATA Corporation,Software de computador,Diagnostico
7059246430,BANCO NEXT,2021-12-01 17:43,2023-06-21 19:48,2021-11-26 18:00,2021-12-31 17:43,Negócio perdido,808140.0,,,,808140.0,808140.0,0.0,0.0,Timing; Desinteresse/Declinou,,BANCO NEON,Banco Next,Serviços financeiros,Negocios_Criados
7044610073,COPA AIRLINES,2021-11-30 09:49,2023-07-20 11:29,2022-02-16 15:00,2022-04-20 12:10,Negócio perdido,,,,,,,,,Maturação; Timing,,COPA AIRLINES,,Linhas aéreas/aviação,Diagnostico
6992349113,WEG,2021-11-23 11:32,2023-03-09 14:36,2022-03-10 18:02,2022-07-01 16:37,Negócio perdido,,,,,,,,,Sumiu,,WEG,WEG,Fabricação elétrica/eletrônica,Diagnostico
6964380599,BOM JESUS,2021-11-19 19:22,2023-07-19 14:58,2021-11-19 19:24,2021-12-01 18:19,Negócio perdido,,,,,,,,,Desinteresse/Declinou; Timing,,BOM JESUS,Bom Jesus,Educação superior ,Agendamento_Aceito
6939016495,ORAL SIN,2021-11-16 17:20,2023-07-19 15:27,2022-05-13 09:24,2022-05-17 16:25,Negócio perdido,458150.16,,,,458150.16,458150.16,0.0,0.0,Fechou com Concorrente; Financeiro,,ORAL SIN,Oral Sin,"Saúde, bem-estar e fitness ",Proposta
6908332884,START QUÍMICA,2021-11-12 13:22,2023-07-19 14:57,2021-11-17 18:56,2022-04-20 12:16,Negócio perdido,,,,,,,,,Não é ICP; Financeiro,,START QUÍMICA,Start Química,Produtos químicos ,Diagnostico
6899678592,KERRY,2021-11-11 15:38,2023-04-13 17:10,2021-12-10 15:09,,Negócio perdido,,,,,,,,,Não é ICP,,KERRY,,Produção de alimentos,Agendamento_Aceito
6873735277,URGO MEDICAL,2021-11-08 19:14,2023-07-19 15:37,2022-11-01 15:26,,Negócio perdido,,,,,,,,,Financeiro; Fechou com Concorrente,,URGO MEDICAL,,,Proposta
6867874965,ROYAL DE,2021-11-08 09:47,2023-07-19 14:45,2021-11-18 14:20,2022-04-20 12:16,Negócio perdido,,,,,,,,,Maturação,,ROYAL DE,,,Diagnostico
6831367721,NUTANIX,2021-11-03 12:33,2023-05-02 10:36,2023-04-26 09:43,2021-12-01 18:19,Negócio perdido,,,,,,,,,Não é ICP; Nós Declinamos,,NUTANIX,,Software de computador,Agendamento_Aceito
8002485392,SYNGENTA ,2021-11-03 11:48,2023-06-23 18:08,2023-06-23 18:08,2022-02-28 11:47,Cliente,2500000.0,,,,2500000.0,2500000.0,2500000.0,2500000.0,,,SYNGENTA,,,Cliente
6763861259,DELTA SUCROENERGIA,2021-10-27 11:20,2023-07-19 15:29,2021-11-12 11:43,2021-11-12 11:43,Negócio perdido,,,,,,,,,Financeiro,,DELTA SUCROENERGIA,,,Agendamento_Aceito
6694150260,AURORA ALIMENTOS,2021-10-19 13:08,2023-03-09 14:37,2021-10-01 16:27,2021-10-31 13:08,Negócio perdido,562721.4,,,,562721.4,562721.4,0.0,0.0,Desinteresse/Declinou; Sumiu,,ADORAR ALIMENTOS,,,Proposta
6686799431,CONSÓRCIO EMBRACON,2021-10-18 19:36,2023-03-09 14:37,2021-10-27 19:23,2021-12-01 18:20,Negócio perdido,,,,,,,,,Não é ICP; Timing; Saiu da Empresa,,CONSÓRCIO EMBRACON,,Serviços financeiros,Agendamento_Aceito
6633359955,MYRA,2021-10-15 10:52,2023-03-09 14:36,2021-12-21 09:46,2022-04-20 12:08,Negócio perdido,179238.0,,,,179238.0,179238.0,0.0,0.0,Desinteresse/Declinou,,MYRA,Myra,Farmacêutica ,Proposta
6615095564,SOPRA,2021-10-13 19:52,2023-07-20 11:12,2021-10-18 15:00,2021-12-01 18:23,Negócio perdido,,,,,,,,,Saiu da Empresa,,SOPRA,,Software de computador,Agendamento_Aceito
6560859939,MSA SAFETY,2021-10-08 10:46,2023-05-30 17:58,2021-10-21 15:29,,Negócio perdido,,,,,,,,,Não é ICP; Sumiu,,MSA SAFETY,,Segurança pública,Agendamento_Aceito
6346212167,CONTINENTAL,2021-10-01 11:11,2023-07-20 11:52,2022-02-07 15:00,2022-04-20 12:10,Negócio perdido,,,,,,,,,Maturação; Timing,,CONTINENTAL,,Automotivo,Diagnostico
6324349316,SAMARCO,2021-09-28 20:51,2023-07-20 11:35,2021-12-01 16:00,2021-12-01 18:18,Negócio perdido,,,,,,,,,Não é ICP,,SAMARCO,Samarco,Mineração e metais,Agendamento_Aceito
6316252465,BRADO,2021-09-27 22:07,2023-07-20 10:28,2021-10-07 18:00,2022-04-20 12:22,Negócio perdido,,,,,,,,,Não é ICP,,BRADO,,,Agendamento_Aceito
6312610066,MARCOPOLO,2021-09-27 14:59,2023-07-19 15:42,2021-11-04 14:00,2021-12-01 18:18,Negócio perdido,,,,,,,,,Desinteresse/Declinou; Timing,,MARCOPOLO,,,Agendamento_Aceito
6293527454,KINGSPAN ISOESTE,2021-09-24 17:28,2023-07-19 15:19,2021-09-27 10:00,2021-12-01 18:20,Negócio perdido,,,,,,,,,Timing,,KINGSPAN ISOESTE,,,Agendamento_Aceito
6291157893,VERZANI &,2021-09-24 11:36,2023-07-20 11:37,2021-11-16 14:00,2022-04-20 12:11,Negócio perdido,,,,,,,,,Maturação,,VERZANI &,Verzani & Sandrini,Tecnologia da informação e serviços,Diagnostico
6276415809,KEPLER WEBER,2021-09-22 15:37,2023-07-19 14:55,2021-11-03 18:07,2021-11-10 16:50,Negócio perdido,,,,,,,,,Financeiro; Nós Declinamos,,KEPLER WEBER,Kepler Weber,Agricultura ,Agendamento_Aceito
6218954632,ENGINEERING BRASIL,2021-09-15 09:54,2023-07-20 11:24,2021-09-22 15:30,2021-09-30 16:34,Negócio perdido,,,,,,,,,Não é ICP; Timing,,ENGINEERING BRASIL,,Software de computador,Agendamento_Aceito
6212368466,MINI KALZONE,2021-09-14 14:15,2023-07-20 11:41,2021-09-16 14:00,2021-10-21 02:46,Negócio perdido,,,,,,,,,Não é ICP; Financeiro,,MINI KALZONE,Mini Kalzone ,Restaurantes,Agendamento_Aceito
6180906591,JABIL,2021-09-10 12:03,2023-05-30 17:58,2021-09-28 15:58,,Negócio perdido,,,,,,,,,Não é ICP; Financeiro,,JABIL,Jabil,Fabricação elétrica/eletrônica,Agendamento_Aceito
6180188332,ENGIE,2021-09-10 10:23,2023-07-19 15:23,2022-03-10 17:53,2022-07-01 16:36,Negócio perdido,,,,,,,,,Sumiu,,ENGIE,,,Agendamento_Aceito
6165872256,INVITAE,2021-09-08 14:57,2023-07-20 11:41,2021-09-16 11:33,2021-09-16 11:35,Negócio perdido,,,,,,,,,Timing,,INVITAE,,Biotecnologia,Agendamento_Aceito
6127033456,DROGARAIA,2021-09-02 19:14,2023-06-30 08:44,2021-10-26 15:23,2022-04-20 12:11,Negócio perdido,,,,,,,,,Maturação,,DROGA RAIA,,Alimentos e bebidas,Diagnostico
6088006146,AIR LIQUIDE,2021-09-01 16:35,2023-03-09 14:36,2021-12-30 08:00,2021-12-01 18:22,Negócio perdido,,,,,,,,,Não é ICP; Timing,,AIR LIQUIDE,,Produtos químicos,Agendamento_Aceito
6087747672,MACHADO MEYER,2021-09-01 16:16,2023-07-04 16:51,2023-03-09 10:30,2022-04-20 12:10,Negócio perdido,,,,,,,,,Não é ICP; Financeiro,,MACHADO MEYER,Machado Meyer,Serviços jurídicos,Diagnostico
6087887756,BAT,2021-09-01 16:13,2023-07-20 11:32,2021-09-30 17:25,2022-02-15 15:09,Negócio perdido,,,,,,,,,Timing,,BAT,,Tabaco,Diagnostico
6084431894,SPAR BRASIL,2021-09-01 08:48,2023-03-09 14:36,2021-09-16 17:06,2021-12-01 18:18,Negócio perdido,,,,,,,,,Sumiu,,SPC BRASIL,,Serviços financeiros,Agendamento_Aceito
6041976395,SINTER FUTURA,2021-08-26 19:42,2023-03-09 14:36,2021-09-28 20:25,2021-09-28 20:25,Negócio perdido,,,,,,,,,Sumiu,,SINTER FUTURA,Sinter Futura,Cosméticos,Agendamentos
6030678162,PETZ,2021-08-25 11:48,2023-07-19 15:11,2021-10-05 08:00,2021-12-01 18:21,Negócio perdido,,,,,,,,,Maturação,,PETZ,,,Agendamento_Aceito
5987555472,SUPERA,2021-08-19 11:53,2023-07-20 11:46,2022-03-10 18:53,2022-03-11 17:07,Negócio perdido,,,,,,,,,Sumiu,,SUPERA,,Farmacêutica,Agendamento_Aceito
5938792470,AGROPALMA,2021-08-16 10:34,2023-07-20 11:59,2021-10-01 08:00,2021-12-01 18:23,Negócio perdido,,,,,,,,,Timing; Maturação,,AGROPALMA, Agropalma,Petróleo e energia,Agendamento_Aceito
5902794385,APSEN FARMACÊUTICA,2021-08-10 22:03,2023-06-14 15:49,2021-08-10 16:15,2021-09-10 19:19,Cliente,15488.68,,,,15488.68,15488.68,15488.68,15488.68,,,APSEN FARMACÊUTICA,Apsen Farmacêutica,Farmacêutica,Cliente
5898899895,JAMES DELIVERY,2021-08-10 11:19,2023-03-09 14:36,2021-11-11 17:47,2022-03-11 17:07,Negócio perdido,,,,,,,,,Não é ICP,,JAMES DELIVERY,James Delivery,Software de computador,Agendamento_Aceito
5870630303,SIM REDE,2021-08-06 15:17,2023-07-19 14:57,2022-10-06 09:05,2021-09-27 14:35,Negócio perdido,,,,,,,,,Maturação,,SIM REDE,SIM Rede de Postos,Varejo ,Agendamento_Aceito
5868404302,FRÍSIA,2021-08-06 10:58,2023-07-19 15:10,2023-05-30 15:54,2021-10-29 18:48,Negociação,127874.04,,,,127874.04,127874.04,89511.828,89511.828,Financeiro,,FRÍSIA,,,Proposta
5838111343,NEOGRID,2021-08-03 10:01,2023-07-20 11:29,2022-04-12 16:40,2022-08-10 13:42,Negócio perdido,928021.56,,,,928021.56,928021.56,0.0,0.0,Desinteresse/Declinou; Maturação; Timing,,NEOGRID,,Software de computador,Proposta
5804109126,COLGATE PALMOLIVE,2021-07-29 17:52,2023-03-09 14:36,2022-04-18 19:37,2022-10-26 16:17,Negócio perdido,,,,,,,,,Sumiu,,COLGATE-PALMOLIVE,,,Diagnostico
5730054705,KEPLER WEBER,2021-07-20 19:09,2023-03-09 14:37,2021-11-03 18:07,2021-08-04 13:54,Negócio perdido,,,,,,,,,Timing,,KEPLER WEBER,,,Agendamentos
5721626449,EUROCHEM ,2021-07-19 17:22,2023-07-19 15:42,2022-03-10 17:45,2022-03-11 17:00,Negócio perdido,317610.12,,,,317610.12,317610.12,0.0,0.0,Sumiu,,EUROCHEM,,,Proposta
5692550038,INMETRICS,2021-07-15 14:11,2023-07-20 11:47,2021-10-15 14:07,2021-10-18 15:21,Cliente,144000.0,,,,144000.0,144000.0,144000.0,144000.0,,,INMETRICS,,Software de computador,Cliente
5691537816,MERCK,2021-07-15 10:53,2023-03-09 14:36,2022-03-16 14:46,2022-02-15 15:09,Negócio perdido,,,,,,,,,Sumiu,,MERCK,,Farmacêutica,Diagnostico
5685480874,COFCO,2021-07-14 15:57,2023-07-19 15:41,2021-08-23 10:19,2021-09-30 09:10,Negócio perdido,,,,,,,,,Desinteresse/Declinou; Não é ICP,,COFCO,COFCO,Agricultura ,Agendamento_Aceito
5666050879,LA MODA,2021-07-12 10:22,2023-03-09 14:36,2021-10-29 18:53,2022-03-11 17:03,Negócio perdido,,,,,,,,,Saiu da Empresa,,LA MODA,,Vestuário e moda,Diagnostico
5635001694,META,2021-07-07 19:41,2023-03-09 14:36,2021-08-13 08:00,2021-09-30 10:17,Negócio perdido,,,,,,,,,Não é ICP; Timing; Financeiro,,META,,Tecnologia da informação e serviços,Agendamento_Aceito
5623783283,ATVOS,2021-07-06 15:15,2023-07-19 15:44,2021-10-01 08:00,2021-10-21 02:47,Negócio perdido,,,,,,,,,Não é ICP; Desinteresse/Declinou,,ATOS,,,Agendamento_Aceito
5616532641,PIRACANJUBA,2021-07-05 15:44,2023-07-19 15:09,2022-03-10 18:53,2021-07-23 16:02,Negócio perdido,,,,,,,,,Timing,,PIRACANJUBA,Piracanjuba ,Alimentos e bebidas ,Agendamento_Aceito
5616367132,LUMEN TECHNOLOGIES,2021-07-05 14:46,2023-07-20 11:44,2022-05-24 16:34,,Negócio perdido,804696.8,,,,804696.8,804696.8,0.0,0.0,Desinteresse/Declinou; Financeiro; Sumiu,,LUMEN TECHNOLOGIES,,Tecnologia da informação e serviços,Proposta
5613586184,MADESA MÓVEIS,2021-07-05 09:31,2023-05-10 15:23,2023-05-10 15:22,,Negócio perdido,282109.2,,,,282109.2,282109.2,0.0,0.0,Sumiu; Saiu da Empresa,,MADESA MÓVEIS,Madesa Móveis,Mobília ,Agendamentos
5565405728,ACQIO,2021-06-29 10:52,2023-07-19 14:57,2021-10-05 08:00,2021-10-21 02:47,Negócio perdido,,,,,,,,,Não é ICP,,ACQIO,Acqio,Serviços financeiros ,Agendamento_Aceito
5557094673,DELIVERY CENTER,2021-06-28 11:12,2023-07-19 14:46,2021-08-11 12:28,2021-08-23 12:17,Negócio perdido,,,,,,,,,Desinteresse/Declinou,,DELIVERY CENTER,Delivery Center,Varejo ,Proposta
5536620117,EUROFARMA ,2021-06-25 14:07,2023-05-10 16:59,2021-08-31 15:45,2021-08-31 12:10,Negócio perdido,53796.6,,,,53796.6,53796.6,0.0,0.0,Fechou com Concorrente,,EUROFARMA,Eurofarma,Farmacêutica ,Proposta
5516116233,ADECOAGRO,2021-06-23 13:13,2023-07-19 15:03,2021-07-02 14:30,2021-07-02 14:17,Negócio perdido,,,,,,,,,Não é ICP,,ADECOAGRO,Adecoagro,Agricultura ,Agendamento_Aceito
5514116482,SEGUROS SURA,2021-06-23 10:13,2023-07-20 11:34,2021-08-13 08:00,2021-12-01 18:21,Negócio perdido,,,,,,,,,Maturação,,SEGUROS SURA,Seguros SURA ,Seguro,Agendamento_Aceito
5496370183,GUARIDA IMÓVEIS,2021-06-21 14:52,2023-07-20 11:10,2021-07-01 10:00,2021-09-30 10:10,Negócio perdido,,,,,,,,,Não é ICP; Timing; Nós Declinamos,,GUARIDA IMÓVEIS,Guarida Imóveis,Imobiliária,Agendamento_Aceito
5480327742,RANDON S.A.,2021-06-18 09:40,2023-03-09 14:36,2021-10-05 08:00,2021-12-01 18:23,Negócio perdido,,,,,,,,,Não é ICP,,RANDON S.A.,RANDON S.A.,Automotivo,Agendamento_Aceito
5470511669,GRUPO BERLANDA,2021-06-16 18:10,2023-07-19 15:36,2021-10-05 09:45,2021-10-21 02:47,Negócio perdido,,,,,,,,,Não é ICP; Nós Declinamos,,GRUPO BERLANDA,Lojas Berlanda,Varejo ,Agendamento_Aceito
5442109042,INGRAM MICRO,2021-06-11 18:05,2023-07-20 11:42,2023-02-06 11:37,2022-03-11 17:03,Negócio perdido,,,,,,,,,Sumiu,,INGRAM MICRO,Ingram Micro,Tecnologia da informação e serviços,Diagnostico
5440817686,JLL,2021-06-11 11:32,2023-03-09 14:36,2021-06-24 08:18,2021-09-30 10:00,Negócio perdido,,,,,,,,,Nós Declinamos; Não é ICP,,JLL,JLL,Imobiliária,Agendamento_Aceito
5417136532,NISSIN FOODS,2021-06-07 09:40,2023-07-20 11:36,2021-07-13 13:46,2021-08-09 11:37,Negócio perdido,128898.71,,,,128898.71,128898.71,0.0,0.0,Financeiro,,NISSIN FOODS,Nissin Foods,Alimentos e bebidas,Proposta
5382207351,UISA,2021-06-01 11:14,2023-03-09 14:36,2023-03-07 15:11,2021-06-08 11:51,Negócio perdido,,,,,,,,,Maturação,,UISA,Uisa,Construção ,Agendamento_Aceito
5381991819,OTTOBOCK,2021-06-01 10:43,2023-07-20 11:06,2021-08-24 14:34,2021-09-22 14:02,Negócio perdido,251055.6,,,,251055.6,251055.6,0.0,0.0,Financeiro; Desinteresse/Declinou,,OTTOBOCK,Ottobock,Farmacêutica,Cliente
5359330094,EUROFARMA ,2021-05-27 15:34,2023-05-10 16:59,2021-10-05 15:47,2022-03-11 17:03,Negócio perdido,296439.72,,,,296439.72,296439.72,0.0,0.0,Timing,,EUROFARMA,Eurofarma,Farmacêutica ,Proposta
5358144081,ALTERDATA SOFTWARE,2021-05-27 11:40,2023-07-20 11:25,2022-04-28 14:50,2022-03-16 16:39,Negócio perdido,194676.0,,,,194676.0,194676.0,0.0,0.0,Financeiro; Timing,,ALTERDATA SOFTWARE,Alterdata Software,Software de computador,Proposta
5357537637,YARA BRASIL,2021-05-27 08:43,2023-07-20 11:22,2022-01-17 11:57,2021-06-01 17:26,Negócio perdido,,,,,,,,,Maturação,,YARABRASIL,Yara Brasil,Produtos químicos,Agendamento_Aceito
5346694803,UNIVERSIDADE LA,2021-05-25 12:14,2023-03-09 14:36,2022-04-11 14:48,2022-02-15 15:09,Negócio perdido,,,,,,,,,Sumiu,,UNIVERSIDADE DE,Universidade la salle,Ensino superior,Agendamento_Aceito
5346264983,MRS LOGISTICA,2021-05-25 11:28,2023-07-19 15:03,2022-03-04 19:29,2022-03-11 17:02,Negócio perdido,238082.76,,,,238082.76,238082.76,0.0,0.0,Financeiro,,MRS LOGÍSTICA,MRS Logistica,Transporte/caminhões/ferrovias ,Proposta
5315347558,COTY,2021-05-21 09:09,2023-07-20 11:35,2021-12-14 10:00,2022-02-14 15:14,Negócio perdido,120000.0,,,,120000.0,120000.0,0.0,0.0,Desinteresse/Declinou,,COTY,Coty Paixão,"Saúde, bem-estar e fitness",Diagnostico
5301798719,SHOULDER,2021-05-19 19:48,2023-06-07 10:04,2021-10-05 08:00,2021-12-01 18:21,Negócio perdido,,,,,,,,,Financeiro,,SHOULDER,Shoulder,Varejo,Agendamento_Aceito
5293157493,PANASONIC,2021-05-18 17:41,2023-07-20 11:37,2021-08-24 09:49,2022-02-15 15:08,Negócio perdido,1021110.12,,,,1021110.12,1021110.12,0.0,0.0,Sumiu,,PANASONIC,Panasonic,Fabricação elétrica/eletrônica,Proposta
5253626756,LIBERTY SEGUROS,2021-05-13 10:46,2023-07-20 11:23,2021-09-21 08:00,2022-03-11 17:03,Negócio perdido,,,,,,,,,Maturação,,LIBERTY SEGUROS,Liberty Seguros,Seguro,Diagnostico
5239041433,SYNGENTA ,2021-05-12 11:02,2023-06-23 18:08,2023-06-23 18:08,2021-06-21 14:25,Cliente,187500.0,,,,187500.0,187500.0,187500.0,187500.0,,,SYNGENTA,Syngenta,Agricultura ,Cliente
5220031161,LOJAS BENOIT,2021-05-10 09:17,2023-07-19 14:55,2023-05-15 11:52,2021-06-21 11:06,Negócio perdido,201000.0,,,,201000.0,201000.0,0.0,0.0,Maturação,,LOJAS BENOIT,Lojas Benoit,Varejo ,Proposta
5192868276,CAT PESA,2021-05-06 16:22,2023-03-09 14:36,2021-05-25 16:00,2021-06-01 16:08,Negócio perdido,18404.4,,,,18404.4,18404.4,0.0,0.0,Financeiro; Nós Declinamos,,CAT PESA,CAT PESA,Maquinário,Proposta
5129855612,EUROFARMA ,2021-04-29 16:12,2023-05-10 16:59,2021-07-01 19:19,2021-06-18 11:17,Cliente,436085.8,,,,436085.8,436085.8,436085.8,436085.8,,,EUROFARMA,Eurofarma,Farmacêutica ,Cliente
5127424545,SYNGENTA ,2021-04-29 11:51,2023-06-23 18:08,2023-06-23 18:08,2022-02-14 15:14,Negócio perdido,3084000.0,,,,3084000.0,3084000.0,0.0,0.0,Desinteresse/Declinou,,SYNGENTA,Syngenta,Agricultura ,Proposta
5110682725,ASSURANT,2021-04-27 11:30,2023-03-16 12:06,2023-03-16 12:06,2022-03-11 17:01,Negócio perdido,233431.8,,,,233431.8,233431.8,0.0,0.0,Financeiro,,ASSURANT,Assurant,Seguro,Proposta
5104893010,SERVENG CIVILSAN,2021-04-26 16:52,2023-03-09 14:36,2021-05-25 18:50,2021-06-21 18:09,Negócio perdido,,,,,,,,,Sumiu,,SERVENG CIVILSAN,Serveng Civilsan,Construção,Agendamentos
5043158529,COCAMAR,2021-04-19 12:36,2023-03-13 15:04,2023-02-28 12:00,2021-07-27 12:40,Cliente,183483.72,,,,183483.72,183483.72,183483.72,183483.72,,,COCAMAR,Cocamar,Produção de alimentos,Cliente
4985313037,SANTA HELENA,2021-04-12 14:41,2023-06-01 23:01,2023-02-07 10:20,2021-05-31 12:47,Negócio perdido,227936.16,,,,227936.16,227936.16,0.0,0.0,Fechou com Concorrente; Financeiro,,SANTA HELENA,Santa Helena Indústria de Alimentos S/A,Produção de alimentos,Proposta
4960833048,DIGIO,2021-04-08 16:29,2023-03-13 15:17,2022-08-17 16:41,2021-06-25 14:46,Cliente,861128.21,,,,861128.21,861128.21,861128.21,861128.21,Desinteresse/Declinou,,DIGIO,Digio,Tecnologia da informação e serviços ,Negocios_Criados
4850918233,BANCO DAYCOVAL,2021-03-26 15:55,2023-07-20 11:38,2021-06-03 12:31,2021-07-15 10:50,Negócio perdido,,,,,,,,,Sumiu,,BANCO DAYCOVAL,Banco Daycoval,Bancário,Agendamento_Aceito
4827350932,ELETROBRAS,2021-03-25 19:06,2023-04-06 17:52,2021-04-09 15:38,2021-03-29 15:09,Negócio perdido,,,,,,,,,Não é ICP,,PETROBRAS,Eletrobras,Petróleo e energia,Agendamento_Aceito
4790799739,CARTÃO DE,2021-03-23 15:58,2023-03-09 14:36,2021-03-23 11:00,2021-06-18 19:39,Negócio perdido,138925.43,,,,138925.43,138925.43,0.0,0.0,Desinteresse/Declinou; Financeiro,,CARTÃO DE,Cartão de Todos,"Saúde, bem-estar e fitness ",Proposta
4791125254,MART MINAS,2021-03-23 14:55,2023-03-09 14:36,2022-10-04 15:03,2021-09-22 19:59,Cliente,793482.72,,,,793482.72,793482.72,793482.72,793482.72,,,MART MINAS,Mart Minas,Tecnologia da informação e serviços,Cliente
4712384671,AL5 BANK,2021-03-18 15:29,2023-07-20 11:26,2023-02-14 14:46,2021-08-23 14:47,Negócio perdido,,,,,,,,,Maturação,,AL5 BANK,AL5 Bank,Bancário,Diagnostico
4668934210,EUROFARMA ,2021-03-15 17:45,2023-05-10 16:59,2021-04-05 11:01,2021-07-15 12:10,Negócio perdido,276000.0,,,,276000.0,276000.0,0.0,0.0,Nós Declinamos,,EUROFARMA,Eurofarma,Farmacêutica ,Proposta
4610928009,AMAGGI,2021-03-10 19:12,2023-07-19 15:01,2023-02-14 14:46,2022-02-15 15:08,Negócio perdido,384438.0,,,,384438.0,384438.0,0.0,0.0,Financeiro,,AMAGGI,Amaggi ,Agricultura ,Proposta
4610570597,EUROFARMA ,2021-03-10 17:19,2023-05-10 16:59,2021-06-28 10:02,2021-04-08 14:52,Cliente,11000.0,,,,11000.0,11000.0,11000.0,11000.0,,,EUROFARMA,Eurofarma,Farmacêutica ,Cliente
4608132510,VIVARA,2021-03-10 09:34,2023-07-19 15:23,2021-03-24 10:01,2021-04-19 10:08,Negócio perdido,,,,,,,,,Saiu da Empresa,,VIVARA,Vivara,Varejo ,Agendamento_Aceito
4577929902,EVONIK ,2021-03-08 15:38,2023-04-06 17:52,2022-03-11 16:57,2021-04-27 11:33,Negócio perdido,354988.44,,,,354988.44,354988.44,0.0,0.0,Financeiro,,EVONIK,Evonik,Produtos químicos,Proposta
4531467448,AMBEV,2021-03-05 19:52,2023-04-06 17:52,2021-03-19 16:00,2021-04-27 11:30,Negócio perdido,,,,,,,,,Sumiu,,AMBEV,Ambev,Alimentos e bebidas,Agendamentos
4269224969,STOLLER ,2021-02-21 20:04,2023-04-06 17:52,2022-11-10 13:27,2021-05-07 09:26,Cliente,174000.0,,,,174000.0,174000.0,174000.0,174000.0,,,STOLLER DO,Stoller,Agricultura,Cliente
4181316962,DENSO ,2021-02-18 22:48,2023-04-06 17:52,2021-05-12 17:09,2021-05-12 17:10,Negócio perdido,166324.2,,,,166324.2,166324.2,0.0,0.0,Fechou com Concorrente,,DENSO,DENSO,Automotivo,Proposta
4169278268,DENSO ,2021-02-17 15:39,2023-04-06 17:52,2021-05-12 17:09,2021-03-29 17:22,Negócio perdido,12770.3,,,,12770.3,12770.3,0.0,0.0,Fechou com Concorrente,,DENSO,Denso,Automotivo,Proposta
4127018290,CARGILL ,2021-02-10 20:50,2023-04-06 17:52,2021-05-11 11:37,2021-03-18 21:53,Negócio perdido,85138.57,,,,85138.57,85138.57,0.0,0.0,Sumiu,,CARGILL,Cargill,Produção de alimentos,Proposta
4120219333,BARRY CALLEBAUT,2021-02-09 11:52,2023-04-06 17:52,2022-05-16 20:31,2021-03-18 21:51,Negócio perdido,40139.28,,,,40139.28,40139.28,0.0,0.0,Financeiro,,BARRY CALLEBAUT,Barry Callebaut,Produção de alimentos,Proposta
4070221690,SUPERCAMPO,2021-02-01 15:09,2023-03-09 14:36,2021-11-10 16:52,2022-03-11 16:59,Negócio perdido,361949.76,,,,361949.76,361949.76,0.0,0.0,Saiu da Empresa,,SUPERCAMPO,Supercampo,Agricultura ,Cliente
4014966192,EUROFARMA ,2021-01-19 22:56,2023-05-10 16:59,2021-03-22 21:48,2021-03-29 21:21,Cliente,7286.0,,,,7286.0,7286.0,7286.0,7286.0,,,EUROFARMA,Eurofarma,Farmacêutica ,Cliente
4011819536,VOLVO ,2021-01-19 12:58,2023-07-20 11:51,2021-06-07 14:10,2021-03-18 21:52,Negócio perdido,,,,,,,,,Maturação,,VOLVO,Volvo,Automotivo,Diagnostico
3453054574,INTERNATIONAL COMMITTEE,2020-11-20 14:31,2023-04-06 17:52,2022-02-23 16:37,2021-01-12 14:41,Negócio perdido,93070.04,,,,93070.04,93070.04,0.0,0.0,Fechou com Concorrente,,INTERNATIONAL COMMITTEE,International Committee of the Red Cross,Organização cívica e social,Proposta
3362452546,FUNDAÇÃO ESTUDAR,2020-11-10 16:08,2023-04-06 17:52,2022-07-27 11:10,2021-01-12 14:33,Negócio perdido,189838.68,,,,189838.68,189838.68,0.0,0.0,Não era decisor,,FUNDAÇÃO ESTUDAR,Fundação Estudar,Gestão de organizações sem fins lucrativos,Cliente
3269625040,EUROFARMA ,2020-10-29 17:27,2023-05-10 16:59,2021-06-28 10:02,2021-02-01 12:27,Negócio perdido,60000.0,,,,60000.0,60000.0,0.0,0.0,Fechou com Concorrente,,EUROFARMA,Eurofarma,Farmacêutica ,Proposta
3142655559,EMBRAMACO ,2020-10-13 12:50,2023-04-06 17:52,2021-02-25 12:54,2021-02-25 12:40,Negócio perdido,192268.08,,,,192268.08,192268.08,0.0,0.0,Nós Declinamos,,EMBRAMACO,Embramaco,Materiais de construção,Proposta
3086522280,EUROFARMA ,2020-10-08 14:56,2023-05-10 17:00,2020-10-08 15:26,2021-01-12 14:34,Negócio perdido,20964.0,,,,20964.0,20964.0,0.0,0.0,Não era decisor,,EUROFARMA,Eurofarma,Farmacêutica ,Cliente
2980707361,THYSSENKRUPP SPRINGS,2020-09-23 11:44,2023-04-06 17:52,2020-09-28 14:09,2020-09-25 18:10,Cliente,8459.15,,,,8459.15,8459.15,8459.15,8459.15,,,THYSSENKRUPP SPRINGS,thyssenkrupp Springs & Stabilizers,Mineração e metais,Cliente
2459718282,UNIVERSIDADE DE,2020-07-21 14:17,2023-03-09 14:37,2021-01-28 17:00,2022-09-21 17:53,Negócio perdido,993341.96,,,,993341.96,993341.96,0.0,0.0,Desinteresse/Declinou; Sumiu,,UNIVERSIDADE DE,Universidade de São Paulo,Ensino superior,Negocios_Criados
14196370523,NEGÓCIO DENTSPLY,2023-07-17 15:22,2023-07-17 15:22,2023-07-17 15:22,,Agendamentos (MQL),,,,,,,,,,,,,,Agendamentos
14058826584,NEGÓCIO KÄRCHER,2023-07-11 10:36,2023-07-11 10:38,2023-07-11 10:36,,Agendamentos (MQL),,,,,,,,,,,, Kärcher,Maquinário ,Agendamentos
14046310302,MRV&CO,2023-07-10 14:59,2023-07-19 14:56,2023-07-13 09:30,,Agendamentos Aceitos (SAL),,,,,,,,,,,,,,Agendamento_Aceito
14044264861,NEGÓCIO BOMBRIL,2023-07-10 11:28,2023-07-10 15:01,2023-07-10 11:28,2023-07-10 15:01,Negócio perdido,,,,,,,,,Timing,,,,,Agendamentos
13971262043,DALBEN,2023-07-03 00:00,2023-07-21 09:50,2023-07-20 18:59,,Proposta Enviada (SQL),300000.0,,,,300000.0,300000.0,150000.0,150000.0,,,,Dalben,Varejo ,Agendamento_Aceito
13834896405,CONDOR SUPER,2023-06-23 15:11,2023-06-30 10:06,2023-06-27 11:23,,Agendamentos Aceitos (SAL),,,,,,,,,,,,,,Agendamento_Aceito
13128409450,BANCO CARREFOUR,2023-04-24 22:39,2023-07-19 11:11,2023-04-28 08:01,,Negócio perdido,,,,,,,,,Nós Declinamos; Financeiro,,,,,Agendamento_Aceito
12972876903,NEGÓCIO JACTO,2023-04-13 16:08,2023-07-17 22:58,2023-05-29 09:24,,Agendamentos (MQL),,,,,,,,,,,,,,Agendamentos
12972551455,NEGÓCIO GRUPO,2023-04-13 14:25,2023-05-30 17:58,2023-04-13 14:25,,Agendamentos (MQL),,,,,,,,,,,, Grupo Bertolini,Mobília ,Agendamentos
13265384065,IAS,2023-04-08 00:00,2023-05-30 23:37,2023-05-29 13:30,,Contrato Enviado,200000.0,,,,200000.0,200000.0,190000.0,190000.0,,,,IAS,Segurança e investigações ,Proposta
13514421933,CITROSUCO RENOVAÇÃO,2023-02-28 00:00,2023-07-16 23:55,2023-05-29 16:30,,Contrato Enviado,921850.0,,,,921850.0,921850.0,875757.5,875757.5,,,,Citrosuco Renovação ,Alimentos e bebidas ,Negocios_Criados
12330851164,NEGÓCIO ITX,2023-02-27 14:43,2023-03-09 14:36,2023-03-06 10:30,,Agendamentos (MQL),,,,,,,,,,,,,,Agendamentos
12086241635,NEGÓCIO VIBRA,2023-02-09 12:17,2023-05-30 17:58,2023-04-13 14:28,,Agendamentos (MQL),,,,,,,,,,,, Vibra,Logística e cadeia de suprimento ,Agendamento_Aceito
12053554105,NEGÓCIO AMAGGI,2023-02-07 16:22,2023-05-30 17:58,2023-02-13 09:31,,Agendamentos (MQL),,,,,,,,,,,, Amaggi,Agricultura ,Agendamentos
12053254730,NEGÓCIO AMAGGI,2023-02-07 16:21,2023-05-30 17:58,2023-02-07 16:21,,Agendamentos (MQL),,,,,,,,,,,, Amaggi,Agricultura ,Agendamentos
11995742584,NEGÓCIO JLL,2023-02-02 18:59,2023-05-30 17:58,2023-02-02 18:59,,Agendamentos (MQL),,,,,,,,,,,,,,Agendamentos
11995618419,NEGÓCIO RANDON,2023-02-02 18:51,2023-05-30 17:58,2023-02-02 18:51,,Agendamentos (MQL),,,,,,,,,,,, RANDON S.A.,Automotivo ,Agendamentos
11995548005,NEGÓCIO OTTOBOCK,2023-02-02 18:46,2023-05-30 17:58,2023-02-02 18:46,,Agendamentos (MQL),,,,,,,,,,,, Ottobock,"Saúde, bem-estar e fitness ",Agendamentos
11961457848,IMPLY RENTAL,2023-02-01 09:02,2023-06-01 16:54,2023-05-09 10:17,2023-02-28 09:01,Negócio perdido,,,,,,,,,Timing; Nós Declinamos,,,,,Proposta
13515773783,MRS,2023-01-30 00:00,2023-07-16 23:56,2023-05-30 23:43,,Negociação,275000.0,,,,275000.0,275000.0,192500.0,192500.0,,,,MRS,Transporte/caminhões/ferrovias ,Negocios_Criados
11765199794,BRF PET,2023-01-19 13:45,2023-07-19 14:45,2023-03-02 11:36,,Negócio perdido,,,,,,,,,Timing; Maturação,,,,,Diagnostico
12100865450,COCAMAR ECOMM,2023-01-08 00:00,2023-05-17 16:00,2023-02-03 10:00,2023-04-03 10:13,Cliente,236280.0,,,,236280.0,236280.0,236280.0,236280.0,,,,,,Cliente
11370793629,EUROCHEM (RETORNO),2022-12-15 15:45,2023-03-29 18:44,2023-03-29 18:44,2022-12-31 15:45,Agendamentos Aceitos (SAL),,,,,,,,,,,,,,Agendamento_Aceito
11222170137,POTTENCIAL SEGURADORA,2022-12-05 08:56,2023-07-13 19:39,2022-12-05 09:43,2022-12-31 08:56,Negócio perdido,,,,,,,,,Timing; Nós Declinamos,,,,,Agendamento_Aceito
10984262837,NEGÓCIO LORD,2022-11-17 15:09,2023-05-30 17:58,2023-04-20 09:41,,Agendamentos (MQL),,,,,,,,,,,, Lord Brasil,Engenharia mecânica ou industrial ,Agendamentos
10615291916,NEGÓCIO KWS,2022-10-19 09:15,2023-05-30 17:58,2022-10-19 09:15,,Agendamentos (MQL),,,,,,,,,,,,,,Agendamentos
10554387775,LOJA COCAMAR,2022-10-13 15:27,2023-03-21 10:04,2023-03-21 10:00,,Diagnóstico,,,,,,,,,,,,,,Diagnostico
10423344008,EMS,2022-10-03 10:27,2023-06-06 13:13,2022-11-21 14:09,,Negócio perdido,,,,,,,,,Saiu da Empresa; Desinteresse/Declinou,,,,,Diagnostico
10279522896,3M,2022-09-22 17:07,2023-07-19 15:25,2023-02-13 08:00,2022-10-26 16:16,Negócio perdido,,,,,,,,,Maturação,,,,,Diagnostico
10288664398,EVERA BY,2022-09-16 11:47,2023-03-13 15:12,2022-10-31 12:16,2022-11-11 11:34,Cliente,463387.59,,,,463387.59,463387.59,463387.59,463387.59,,,,,,Cliente
10194908756,CBC,2022-09-15 11:54,2023-07-19 15:28,2022-09-29 20:33,2023-01-20 16:27,Negócio perdido,,,,,,,,,Não é ICP,,,CBC,Armazenamento ,Agendamento_Aceito
10070324108,NEGÓCIO ELETROBRAS,2022-09-05 13:47,2023-05-30 17:58,2022-09-13 15:24,,Agendamentos (MQL),,,,,,,,,,,,,,Agendamentos
10070151285,REDE SIM,2022-09-05 13:45,2023-07-19 14:59,2022-10-07 09:00,,Negócio perdido,,,,,,,,,Financeiro; Maturação,,,Rede Sim de Postos,Varejo ,Agendamento_Aceito
9943275788,ARLAN,2022-08-26 11:53,2023-05-30 17:58,2022-09-27 16:00,,Agendamentos (MQL),,,,,,,,,,,,Arlan,Produtos químicos ,Agendamentos
9850189662,LUPO,2022-08-17 15:15,2023-07-17 23:00,2023-05-04 14:01,,Negócio perdido,,,,,,,,,Maturação,,,,,Agendamentos
9781871227,HOSPITAL SÍRIO,2022-08-10 15:12,2023-06-28 14:35,2022-10-06 14:41,2023-03-21 11:54,Cliente,390961.92,,,,390961.92,390961.92,390961.92,390961.92,,,,,,Cliente
9534720436,CHOPP BRAHMA,2022-07-19 14:08,2023-07-20 11:33,2023-05-10 17:21,,Negócio perdido,,,,,,,,,Maturação; Desinteresse/Declinou; Timing,,,,,Proposta
9403380807,BRB ,2022-07-05 16:11,2023-07-20 11:54,2023-05-15 10:42,,Negócio perdido,,,,,,,,,Maturação; Timing; Desinteresse/Declinou,,,BRB,Bancário ,Diagnostico
9367902616,DIGIO UPSELL,2022-07-01 17:45,2023-03-13 15:17,2022-09-13 09:29,2022-07-01 17:48,Cliente,10145.28,,,,10145.28,10145.28,10145.28,10145.28,,,,,,Agendamentos
9152980401,ORACLE |,2022-06-10 10:06,2023-04-03 09:31,2022-08-09 16:15,,Negócio perdido,,,,,,,,,Não é ICP,,,,,Agendamento_Aceito
8988575343,GILLETTE VENUS,2022-05-23 16:10,2023-05-30 17:58,2022-06-01 17:07,,Negócio perdido,,,,,,,,,Timing; Maturação,,,,,Agendamento_Aceito
8725975888,TINTAS EUCATEX,2022-04-26 18:16,2023-03-09 14:36,2022-05-11 08:28,2022-05-10 16:55,Negócio perdido,,,,,,,,,Não é ICP,,,,,Diagnostico
8525141673,ROCHA TERMINAIS,2022-04-05 15:00,2023-07-19 15:21,2022-05-24 15:25,2022-05-31 15:57,Negócio perdido,,,,,,,,,Não é ICP,,,Rocha,Agricultura ,Agendamento_Aceito
8510171833,CALÇADOS BIBI,2022-04-04 13:44,2023-06-21 13:27,2022-07-07 11:53,2023-01-20 16:27,Negócio perdido,,,,,,,,,Desinteresse/Declinou; Sumiu,,,Calçados Bibi,Vestuário e moda ,Diagnostico
8509054492,LEÃO,2022-04-04 12:30,2023-07-19 15:40,2023-04-19 08:27,,Negócio perdido,,,,,,,,,Saiu da Empresa; Timing; Desinteresse/Declinou,,,,,Proposta
8176775086,DIGIO II,2022-03-09 13:43,2023-03-13 15:17,2022-09-13 09:29,2022-06-07 10:41,Cliente,30557.45,,,,30557.45,30557.45,30557.45,30557.45,,,,,,Negocios_Criados
8168985964,TILIBRA /,2022-03-08 18:13,2023-03-09 14:37,2022-04-13 14:33,2022-05-17 16:20,Negócio perdido,,,,,,,,,Timing; Desinteresse/Declinou,,,Tilibra / ACCO Brands ,Não Achei,Diagnostico
8025843616,MRS II,2022-02-25 16:16,2023-05-03 22:26,2022-03-04 19:29,2022-03-04 17:07,Negócio perdido,,,,,,,,,Financeiro,,,,,Proposta
7922933409,JUSSARA,2022-02-16 09:49,2023-07-19 14:54,2022-05-17 10:06,2022-06-13 08:43,Negócio perdido,,,,,,,,,Financeiro; Timing,,,,,Proposta
7807798195,OTIS ELEVADORES,2022-02-03 13:53,2023-07-19 15:23,2022-02-11 15:00,2022-04-20 12:17,Negócio perdido,,,,,,,,,Maturação,,,Otis Elevadores,Maquinário ,Agendamento_Aceito
7751338290,COMITÊ INTERNACIONAL,2022-01-28 10:32,2023-03-09 14:36,2022-03-21 12:07,2022-03-02 14:41,Negócio perdido,1013610.24,,,,1013610.24,1013610.24,0.0,0.0,Financeiro,,,Comitê Internacional da Cruz Vermelha,Organização cívica e social ,Agendamentos
7276813832,BANCO SAFRA,2021-12-17 15:16,2023-04-27 19:11,2021-12-17 15:16,2022-04-20 12:15,Negócio perdido,,,,,,,,,Maturação; Timing,,,Banco Safra,Bancário ,Agendamento_Aceito
6912322909,ASSAÍ,2021-11-12 20:22,2023-03-30 18:47,2022-01-13 12:16,2022-04-20 12:15,Negócio perdido,,,,,,,,,Não é ICP; Nós Declinamos,,,Assaí ,Atacado ,Agendamento_Aceito
6686826805,KROTON,2021-10-18 20:14,2023-07-20 11:38,2021-11-29 19:27,2021-12-01 18:22,Negócio perdido,,,,,,,,,Timing,,,Kroton,Educação superior ,Agendamento_Aceito
5691587426,NIDERA,2021-07-15 10:49,2023-03-09 14:36,2021-09-28 21:25,2022-02-15 15:10,Negócio perdido,,,,,,,,,Sumiu,,,Nidera,Agricultura ,Diagnostico
5596910186,TRASMONTANO SAÚDE,2021-07-02 19:04,2023-05-30 16:22,2021-10-05 08:00,,Negócio perdido,,,,,,,,,Sumiu,,,,,Agendamento_Aceito
5575860547,OMRON,2021-06-30 16:17,2023-03-13 15:12,2022-12-06 19:33,2021-09-15 10:04,Negócio perdido,98680.0,,,,98680.0,98680.0,0.0,0.0,Sumiu; Timing; Desinteresse/Declinou,,,,,Proposta
5383807092,GRUPO NOTREDAME,2021-06-01 17:08,2023-04-27 19:12,2021-09-28 21:27,2021-09-28 21:28,Negócio perdido,,,,,,,,,Timing,,,Grupo NotreDame Intermédica,"Saúde, bem-estar e fitness ",Diagnostico
4877547103,BRADESCO,2021-03-30 12:50,2023-04-06 17:52,2021-04-12 18:38,2021-04-12 18:39,Negócio perdido,,,,,,,,,Desinteresse/Declinou,,,Bradesco,Bancário ,Agendamento_Aceito
4697563018,UOL ADS,2021-03-17 12:39,2023-03-09 14:36,2021-03-17 14:09,2021-08-23 14:50,Negócio perdido,67200.0,,,,67200.0,67200.0,0.0,0.0,Sumiu,,,UOL Ads (40% Inside Sales),Tecnologia da informação e serviços ,Proposta
4610927467,CATERPILLAR INC.,2021-03-10 19:00,2023-07-20 11:48,2021-05-12 17:11,2021-04-29 11:46,Negócio perdido,,,,,,,,,Não é ICP,,,Caterpillar Inc.,Maquinário ,Diagnostico
4435660878,GTFOODS,2021-03-01 19:25,2023-07-20 11:44,2021-04-15 16:44,2021-04-16 13:09,Negócio perdido,,,,,,,,,Sumiu,,,GTFoods,Alimentos e bebidas ,Diagnostico
4171694807,BISTEK,2021-02-17 16:51,2023-04-06 17:52,2021-04-16 13:20,2021-04-16 13:09,Negócio perdido,,,,,,,,,Desinteresse/Declinou,,,Bistek,Varejo ,Agendamento_Aceito
4078663637,MYRALIS PHARMA,2021-02-03 08:44,2023-06-14 15:50,2021-04-27 19:10,2021-04-28 10:02,Negócio perdido,,,,,,,,,Desinteresse/Declinou,,,Myralis Pharma,Farmacêutica ,Agendamento_Aceito
4076605269,APSEN ,2021-02-02 19:59,2023-06-14 15:49,2021-07-23 12:42,2021-05-27 17:08,Cliente,1704000.0,,,,1704000.0,1704000.0,1704000.0,1704000.0,,,,Apsen,Farmacêutica ,Cliente
4059518702,ESMALTEC ELETRODOMÉSTICOS,2021-01-29 19:40,2023-07-19 15:43,2021-10-29 19:12,2021-06-09 22:01,Negócio perdido,101000.0,,,,101000.0,101000.0,0.0,0.0,Sumiu,,,Esmaltec Eletrodomésticos,Eletrônicos de consumo ,Proposta
4026644143,BUNGE PROFISSIONAL,2021-01-22 11:05,2023-06-29 12:40,2023-06-29 12:39,2021-05-06 15:45,Cliente,296715.06,,,,296715.06,296715.06,296715.06,296715.06,,,,Bunge Profissional,Alimentos e bebidas ,Cliente
3565923730,RAÍZEN (SHELL,2020-12-04 19:18,2023-04-06 17:52,2021-02-10 22:49,2021-03-18 21:52,Negócio perdido,,,,,,,,,Maturação,,,Raízen (Shell Box),Petróleo e energia ,Diagnostico
3530577142,TINTAS EUCATEX,2020-11-26 17:27,2023-04-06 17:52,2022-04-26 15:09,2021-04-23 12:44,Negócio perdido,240000.0,,,,240000.0,240000.0,0.0,0.0,Desinteresse/Declinou,,,Tintas Eucatex,Materiais de construção ,Proposta
3488625670,CARGILL FOOD,2020-11-23 21:30,2023-04-06 17:52,2021-05-11 11:37,2021-03-18 21:51,Negócio perdido,147831.87,,,,147831.87,147831.87,0.0,0.0,Desinteresse/Declinou,,,Cargill Food Service,Alimentos e bebidas ,Proposta
3084963555,CARGILL GENUINE,2020-10-08 13:42,2023-04-06 17:52,2022-01-10 11:36,2021-03-16 17:47,Negócio perdido,120000.0,,,,120000.0,120000.0,0.0,0.0,Sumiu,,,Cargill Genuine,Alimentos e bebidas ,Proposta
3037214969,ASSURANT BEMMAIS,2020-10-01 18:27,2023-04-06 17:52,2021-07-07 09:49,2021-02-03 18:02,Cliente,287280.0,,,,287280.0,287280.0,287280.0,287280.0,,,,Assurant BemMais Seguro,Seguro ,Cliente
2967535660,CARGILL FOOD,2020-09-21 12:03,2023-04-06 17:52,2021-05-11 11:37,2020-12-08 09:56,Negócio perdido,171242.75,,,,171242.75,171242.75,0.0,0.0,Desinteresse/Declinou,,,Cargill Food Service,Alimentos e bebidas ,Proposta
