Record ID,Data de criação,Data da última modificação,Data da última atividade,Data de fechamento,Etapa do negócio,Valor,Valor do contrato anual,Receita anual recorrente,Valor total do contrato,Valor previsto,Valor na moeda da empresa,Valor do negócio projetado na moeda local,Valor do negócio projetado,Motivo de fechamento perdido,Data da próxima atividade,Nome da empresa,Nome do negócio completo,Setor,ultima_etapa,Nome do negócio
14250438037,2023-07-20 13:20,2023-07-20 13:33,2023-07-20 13:20,,Agendamentos (MQL),,,,,,,,,,,CODA PAYMENTS,Coda Payments,Software de computador,Contato,Coda Payments
14214450446,2023-07-18 15:17,2023-07-21 13:45,2023-07-19 11:44,,Agendamentos (MQL),,,,,,,,,,,SICREDI,Sicredi,Serviços financeiros,Contato,Sicredi
14213381032,2023-07-18 14:09,2023-07-24 10:11,2023-07-24 10:11,,Agendamentos (MQL),,,,,,,,,,2023-07-27 11:00,GETNET,Getnet ,Serviços financeiros ,Contato,Getnet 
14197387609,2023-07-17 16:25,2023-07-17 16:30,2023-07-17 16:25,,Agendamentos (MQL),,,,,,,,,,2023-07-24 16:00,CALÇADOS ANIGER,Calçados Aniger,Vestuário e moda ,Agendamentos,Calçados Aniger
14192131993,2023-07-17 08:22,2023-07-21 12:12,2023-07-21 11:00,,Agendamentos Aceitos (SAL),,,,,,,,,,,ITAÚ,Itaú,Bancário,Agendamentos,Itaú
14150808694,2023-07-14 09:37,2023-07-14 09:38,,2023-07-31 09:37,Agendamentos Aceitos (SAL),,,,,,,,,,,AMERICAS TRADING,Americas Trading Group,,Agendamento_Aceito,Americas Trading Group
14109118720,2023-07-13 11:46,2023-07-21 09:45,2023-07-19 16:35,,Agendamentos Aceitos (SAL),,,,,,,,,,,HUDL,Hudl,Software de computador,Agendamentos,Hudl
14102501033,2023-07-13 09:29,2023-07-13 09:33,2023-07-13 09:29,,Agendamentos (MQL),,,,,,,,,,,SCHMERSAL,Schmersal,Fabricação elétrica/eletrônica,Agendamentos,Schmersal
14058957576,2023-07-11 10:39,2023-07-21 09:47,2023-07-20 11:58,,Agendamentos Aceitos (SAL),,,,,,,,,,,KÄRCHER,Kärcher,Maquinário ,Agendamentos,Kärcher
14012014890,2023-07-07 16:56,2023-07-14 11:10,2023-07-13 14:21,,Agendamentos Aceitos (SAL),,,,,,,,,,,COOPERMOTA,Coopermota,Agricultura ,Agendamento_Aceito,Coopermota
13998165266,2023-07-06 16:34,2023-07-21 11:03,2023-07-18 11:13,,Proposta Enviada (SQL),28000.0,,,,28000.0,28000.0,14000.0,14000.0,,,SAINT-GOBAIN,Saint-Gobain,Materiais de construção ,Negocios_Criados,Saint-Gobain
13998110809,2023-07-06 16:03,2023-07-07 09:46,2023-07-06 16:19,,Agendamentos Aceitos (SAL),,,,,,,,,,,MILIUM,Millium,Varejo,Agendamento_Aceito,Millium
13995430544,2023-07-06 13:46,2023-07-14 09:29,2023-07-12 16:34,,Agendamentos Aceitos (SAL),,,,,,,,,,,CACAU SHOW,Cacau Show,Alimentos e bebidas,Agendamento_Aceito,Cacau Show
13980635406,2023-07-05 13:47,2023-07-24 10:36,2023-07-24 10:36,,Agendamentos Aceitos (SAL),,,,,,,,,,,GRUPO GPS,Grupo GPS ,Serviços de instalações ,Agendamento_Aceito,Grupo GPS 
13978614688,2023-07-05 09:27,2023-07-07 16:58,2023-07-07 14:00,2023-07-07 16:58,Negócio perdido,,,,,,,,,Timing,,BOMBRIL,Bombril,Produtos químicos ,Agendamentos,Bombril
13978649373,2023-07-05 09:20,2023-07-20 11:24,2023-07-06 14:27,,Agendamentos Aceitos (SAL),,,,,,,,,,,PASCHOALOTTO,Paschoalotto,Telecomunicações,Agendamento_Aceito,Paschoalotto
13977428114,2023-07-05 07:47,2023-07-17 09:03,2023-07-07 09:04,,Agendamentos Aceitos (SAL),,,,,,,,,,,PICCADILLY,Piccadilly,Bens de consumo,Agendamento_Aceito,Piccadilly
13977081120,2023-07-05 06:50,2023-07-17 09:03,2023-07-07 10:30,,Agendamentos Aceitos (SAL),,,,,,,,,,,FITESA,Fitesa,,Agendamento_Aceito,Fitesa
13967169613,2023-07-04 09:50,2023-07-11 10:40,2023-07-05 10:48,,Agendamentos Aceitos (SAL),,,,,,,,,,,SOLINFTEC,Solinftec,Agricultura ,Agendamento_Aceito,Solinftec
13969229060,2023-07-03 00:00,2023-07-04 13:49,2023-07-04 13:46,,Agendamentos Aceitos (SAL),,,,,,,,,,,SERES MOTORS,Seres Motors,Automotivo,Agendamento_Aceito,Seres Motors
13912182170,2023-06-29 14:54,2023-07-19 15:18,2023-07-06 17:48,,Negócio perdido,,,,,,,,,Financeiro; Timing; Não é ICP,,DENTSPLY SIRONA,Dentsply Sirona,"Saúde, bem-estar e fitness ",Agendamento_Aceito,Dentsply Sirona
13911695518,2023-06-29 13:01,2023-07-20 11:36,2023-07-06 08:39,,Agendamentos Aceitos (SAL),,,,,,,,,,,BERNHOEFT,Bernhoeft,Contabilidade,Agendamento_Aceito,Bernhoeft
13898389069,2023-06-28 09:40,2023-07-19 14:59,2023-07-07 11:32,,Proposta Enviada (SQL),186000.0,,,,186000.0,186000.0,93000.0,93000.0,,,VITTIA,Vittia,,Proposta,Vittia
13888615997,2023-06-27 17:54,2023-07-04 16:53,2023-06-29 15:45,,Negócio perdido,,,,,,,,,Timing; Maturação,,ARTECOLA QUÍMICA,Artecola Química,,Agendamento_Aceito,Artecola Química
13868666770,2023-06-26 15:03,2023-07-19 15:25,2023-06-29 13:29,,Agendamentos Aceitos (SAL),,,,,,,,,,,HOSPITAL MOINHOS,Hospital Moinhos de Vento,Hospital e cuidados de saúde ,Agendamento_Aceito,Hospital Moinhos de Vento
13804730662,2023-06-21 10:37,2023-07-19 15:17,2023-06-21 10:58,,Agendamentos Aceitos (SAL),,,,,,,,,,,PALLADIUM HOTEL,Palladium Hotel,,Agendamento_Aceito,Palladium Hotel
13716191897,2023-06-14 22:57,2023-07-20 11:39,2023-06-22 16:00,,Negócio perdido,,,,,,,,,Não é ICP; Nós Declinamos,,UNIMED,Unimed,"Saúde, bem-estar e fitness",Agendamento_Aceito,Unimed
13691308357,2023-06-13 14:16,2023-07-12 08:28,2023-07-10 15:24,,Agendamentos Aceitos (SAL),,,,,,,,,,,MELIÃ HOTELS,Meliá Hotels,Software de computador,Agendamento_Aceito,Meliá Hotels
13691851841,2023-06-13 12:26,2023-07-07 09:45,2023-07-04 16:44,,Negócio perdido,,,,,,,,,Maturação; Timing,2023-12-15 10:00,ECOGEN BRASIL,Ecogen Brasil,Petróleo e energia,Diagnostico,Ecogen Brasil
13690301517,2023-06-13 10:58,2023-06-21 12:13,2023-06-21 10:35,,Agendamentos Aceitos (SAL),,,,,,,,,,,PALLADIUM HOTEL,Palladium Hotel,Hotelaria ,Agendamento_Aceito,Palladium Hotel
13489361412,2023-05-29 12:49,2023-06-29 08:20,2023-06-29 08:20,,Agendamentos (MQL),,,,,,,,,,,HYDAC,Hydac,Maquinário,Agendamentos,Hydac
13422604381,2023-05-23 09:14,2023-07-19 10:21,2023-06-14 14:58,,Agendamentos Aceitos (SAL),,,,,,,,,,,COOXUPÉ,Cooxupé,Armazenamento,Agendamento_Aceito,Cooxupé - Ecommerce
13411720787,2023-05-22 09:34,2023-06-19 17:00,2023-06-05 19:27,,Negócio perdido,,,,,,,,,Maturação; Fechou com Concorrente,,VAGAS.COM,VAGAS.com,Software de computador,Negocios_Criados,VAGAS.com
13389429885,2023-05-19 13:51,2023-06-16 12:17,2023-06-14 10:03,,Agendamentos Aceitos (SAL),,,,,,,,,,,HEINEKEN,Heineken,Alimentos e bebidas,Agendamento_Aceito,Heineken
13357688177,2023-05-16 16:10,2023-06-28 14:29,2023-05-17 15:23,,Agendamentos Aceitos (SAL),,,,,,,,,,,COOXUPÉ,Cooxupé,Armazenamento,Agendamento_Aceito,Cooxupé
13356360793,2023-05-16 15:17,2023-05-16 15:23,2023-05-16 15:17,,Agendamentos (MQL),,,,,,,,,,,VENCE TUDO,Vence Tudo,Agricultura ,Agendamentos,Vence Tudo
13316079946,2023-05-12 15:06,2023-07-19 15:43,2023-05-30 15:49,,Negócio perdido,,,,,,,,,Financeiro; Sumiu,,SUPER MIX,Super Prix,,Agendamento_Aceito,Super Prix
13315910518,2023-05-12 14:24,2023-05-17 14:10,2023-05-17 14:10,,Agendamentos (MQL),,,,,,,,,,,GRUPO CURIMBABA,Grupo Curimbaba,,Agendamentos,Grupo Curimbaba
13279967134,2023-05-09 14:47,2023-07-19 15:13,2023-05-11 17:28,,Negócio perdido,,,,,,,,,Financeiro; Nós Declinamos,,BRASIL ATACADISTA,Brasil Atacadista,Atacado ,Agendamento_Aceito,Brasil Atacadista
13205725995,2023-05-02 11:32,2023-07-19 15:36,2023-05-19 15:03,,Negócio perdido,,,,,,,,,Sumiu; Nós Declinamos; Não é ICP,,SAÚDE PETROBRÁS,Saúde Petrobrás,Petróleo e energia ,Agendamento_Aceito,Saúde Petrobrás
13159599031,2023-04-27 12:10,2023-05-12 10:55,2023-05-09 10:53,,Agendamentos Aceitos (SAL),,,,,,,,,,,EUROBIKE,Eurobike,Automotivo,Agendamento_Aceito,Eurobike
13057235528,2023-04-19 10:03,2023-07-19 15:08,2023-05-31 10:30,,Negócio perdido,,,,,,,,,Timing; Nós Declinamos; Maturação,,COCAL,Cocal,Agricultura ,Agendamento_Aceito,Cocal
12993392541,2023-04-14 18:11,2023-07-16 23:57,2023-05-30 14:00,,Proposta Enviada (SQL),400000.0,,,,400000.0,400000.0,200000.0,200000.0,,,POSITIVO,Positivo,Serviços de instalações,Proposta,Positivo
12856570938,2023-04-05 17:08,2023-06-28 14:35,2023-04-14 12:07,,Agendamentos Aceitos (SAL),,,,,,,,,,,ITAÚ,Itaú,Bancário,Agendamento_Aceito,Itaú
12826723072,2023-04-03 16:53,2023-07-19 14:53,2023-04-10 15:36,,Negócio perdido,,,,,,,,,Nós Declinamos; Financeiro; Timing,,AGROGALAXY,Agrogalaxy,,Agendamento_Aceito,Agrogalaxy
12776263680,2023-03-29 10:26,2023-07-19 15:11,2023-03-28 14:30,2023-03-31 10:26,Negócio perdido,720000.0,,,,720000.0,720000.0,0.0,0.0,Financeiro; Fechou com Concorrente; Desinteresse/Declinou,,EUROCHEM,Eurochem,Produtos químicos ,Proposta,Eurochem
12754190484,2023-03-28 18:00,2023-07-04 16:54,2023-04-04 15:52,,Negócio perdido,,,,,,,,,Financeiro,,ISLA SEMENTES,Isla Sementes,Serviços financeiros,Agendamento_Aceito,Isla Sementes
12753468273,2023-03-28 16:05,2023-06-01 16:53,2023-04-25 12:04,,Negócio perdido,,,,,,,,,Financeiro,,SPORT CLUB,Sport Club Internacional,Esportes,Diagnostico,Sport Club Internacional
12688511828,2023-03-23 12:58,2023-07-04 16:52,2023-03-27 15:27,,Negócio perdido,,,,,,,,,Maturação; Timing,,VERDE AGRITECH,Verde AgriTech,Agricultura ,Agendamento_Aceito,Verde AgriTech
12627287415,2023-03-20 14:41,2023-06-01 16:54,2023-05-03 09:10,2023-03-31 14:40,Negócio perdido,,,,,,,,,Fechou com Concorrente; Financeiro,,GDM SEEDS,GDM Seeds,,Proposta,GDM Seeds
14266787179,2023-03-16 12:33,2023-07-24 09:40,2023-07-24 09:40,2023-07-31 12:32,Diagnóstico,147563.17,,,,147563.17,147563.17,59025.268,59025.268,,,SANTANDER,Santander - Novo Negócio,Bancário,Contato,Santander - Novo Negócio
12431223324,2023-03-07 10:01,2023-06-15 13:29,2023-03-15 10:22,,Agendamentos Aceitos (SAL),,,,,,,,,,,JOHN DEERE,John Deere,Maquinário,Agendamento_Aceito,John Deere
12334431491,2023-02-27 18:59,2023-07-19 14:44,2023-03-09 16:36,,Negócio perdido,,,,,,,,,Não é ICP; Maturação,,RESERVASVOTORANTIM,Reservas Votorantim,Atacado ,Agendamento_Aceito,Reservas Votorantim
12268878875,2023-02-22 12:30,2023-07-04 16:51,2023-03-01 11:34,,Negócio perdido,,,,,,,,,Financeiro,,VIBRA RESIDENCIAL,Vitta Residencial,,Agendamento_Aceito,Vitta Residencial
12135020909,2023-02-13 08:59,2023-07-19 15:24,2023-03-18 10:02,,Negócio perdido,,,,,,,,,Fechou com Concorrente; Maturação; Financeiro,,GRUPO SALTA,Grupo Salta Educação,,Diagnostico,Grupo Salta Educação
12087770387,2023-02-09 12:44,2023-05-02 03:00,2023-02-09 15:46,,Negócio perdido,,,,,,,,,Timing; Maturação,,GRUPO BERTOLINI,Grupo Bertolini ,Mobília,Agendamento_Aceito,Grupo Bertolini 
12070187587,2023-02-08 14:33,2023-07-19 15:38,2023-05-15 11:52,,Negócio perdido,,,,,,,,,Maturação; Timing; Desinteresse/Declinou,,LOJAS BENOIT,Lojas Benoit,Varejo ,Agendamento_Aceito,Lojas Benoit
12536215896,2023-01-14 00:00,2023-07-04 16:55,2023-03-08 14:30,,Negócio perdido,324000.0,,,,324000.0,324000.0,0.0,0.0,Maturação; Financeiro; Timing,,FORT ATACADISTA,Dom Atacadista,,Proposta,Dom Atacadista
11646251827,2023-01-10 09:48,2023-07-20 11:43,2023-02-16 15:30,,Negócio perdido,,,,,,,,,Sumiu; Financeiro,,DVA,DVA,Atacado,Diagnostico,DVA
12100866664,2023-01-08 00:00,2023-03-09 14:36,2023-02-03 16:00,,Agendamentos Aceitos (SAL),,,,,,,,,,,TEMBICI,Tembici,Esportes ,Agendamento_Aceito,Tembici
11557498281,2023-01-02 18:08,2023-04-03 09:34,2023-01-13 10:00,,Negócio perdido,,,,,,,,,Nós Declinamos,,CONVERSE,Converse,Vestuário e moda,Agendamento_Aceito,Converse
11369948255,2022-12-16 13:57,2023-04-03 09:39,2023-02-03 19:17,2022-12-31 13:57,Negócio perdido,,,,,,,,,Financeiro; Desinteresse/Declinou,,LOTS GROUP,LOTS Group,Transporte/caminhões/ferrovias,Proposta,LOTS Group
11266793340,2022-12-08 08:55,2023-05-30 15:49,2023-05-30 15:49,2022-12-31 08:54,Negócio perdido,,,,,,,,,Sumiu,,SUPER PRIX,SuperPrix,Varejo ,Agendamentos,SuperPrix
11234907490,2022-12-06 10:03,2023-03-09 14:37,2022-12-06 10:28,2022-12-31 10:02,Negócio perdido,,,,,,,,,Não é ICP,,FINTECHMAGALU,Fintechmagalu,,Negocios_Criados,Fintechmagalu
11156847374,2022-11-30 08:56,2023-04-12 09:52,2022-11-30 09:23,2022-11-30 08:55,Negócio perdido,,,,,,,,,Timing; Desinteresse/Declinou,,BRF,BRF,Produção de alimentos,Agendamento_Aceito,BRF
11146533800,2022-11-29 17:14,2023-06-21 19:48,2022-12-13 09:37,,Negócio perdido,,,,,,,,,Saiu da Empresa,,BANCO NEON,Banco next,Serviços financeiros,Agendamentos,Banco next
11074697233,2022-11-24 11:14,2023-07-20 11:09,2023-01-10 10:00,,Negócio perdido,,,,,,,,,Timing; Maturação,,CARREFOUR,Carrefour,Varejo,Diagnostico,Carrefour
11070312612,2022-11-23 21:27,2023-04-03 09:40,2022-12-01 09:04,,Negócio perdido,,,,,,,,,Nós Declinamos,,GRUPO AGRO,Grupo ATTO,Agricultura,Agendamentos,Grupo ATTO
11067648141,2022-11-23 18:01,2023-05-30 17:58,2022-12-02 11:25,2022-11-30 18:00,Negócio perdido,,,,,,,,,Financeiro,,ÁGUA DE,Agua de cheiro,,Negocios_Criados,Agua de cheiro
11027456697,2022-11-21 10:27,2023-07-19 15:02,2022-11-25 10:10,,Agendamentos (MQL),,,,,,,,,,,RENNOVA,Rennova,Biotecnologia ,Agendamento_Aceito,Rennova
10994423655,2022-11-18 09:54,2023-07-19 15:28,2022-11-22 10:13,,Negócio perdido,,,,,,,,,Maturação; Timing,,SARA,Stara,Agricultura ,Agendamento_Aceito,Stara
10995330926,2022-11-17 11:54,2023-03-09 14:36,2023-01-11 11:00,2022-11-30 11:53,Negócio perdido,,,,,,,,,Fechou com Concorrente; Financeiro,,AGROTOKEN,Agrotoken,,Proposta,Agrotoken
10980854596,2022-11-17 10:46,2023-07-20 11:14,2022-11-24 10:54,,Negócio perdido,,,,,,,,,Timing; Financeiro,,BEBIDAS POTY,Bebidas Poty,Alimentos e bebidas,Agendamento_Aceito,Bebidas Poty
10969649465,2022-11-16 16:38,2023-03-09 14:36,2022-11-29 15:28,2022-11-23 11:30,Negócio perdido,,,,,,,,,Não é ICP; Financeiro,,RUMO,Rumo,Transporte/caminhões/ferrovias ,Agendamentos,Rumo
10886978836,2022-11-10 16:39,2023-03-09 14:36,2022-11-22 12:47,2023-01-20 16:32,Negócio perdido,,,,,,,,,Maturação,,EVINO,Evino,,Agendamento_Aceito,Evino
10859783191,2022-11-08 16:46,2023-07-20 11:21,2022-11-09 19:33,,Negócio perdido,,,,,,,,,Saiu da Empresa,,HOSPITAL ALEMÃO,Hospital Alemão Oswaldo Cruz,Hospital e cuidados de saúde,Agendamento_Aceito,Hospital Alemão Oswaldo Cruz
10844814487,2022-11-07 15:23,2023-05-30 17:58,2022-11-21 14:57,,Agendamentos (MQL),,,,,,,,,,,AD'ORO,AD'ORO,,Agendamentos,AD'ORO
10766607698,2022-11-01 09:16,2023-07-19 14:59,2023-03-24 10:16,,Agendamentos (MQL),,,,,,,,,,,JUSSARA LATICINEOS, Jussara Laticineos,Alimentos e bebidas ,Agendamento_Aceito,Jussara Laticineos - Retomada
10677021007,2022-10-24 16:35,2023-04-03 09:34,2022-11-10 14:18,,Negócio perdido,,,,,,,,,Desinteresse/Declinou; Financeiro,,ACCOR,Accor,Hotelaria,Agendamento_Aceito,Accor
10630221896,2022-10-20 09:43,2023-04-03 09:41,2022-10-20 10:19,2022-10-31 09:41,Negócio perdido,,,,,,,,,Financeiro; Não é ICP,,WILEY,Wiley,Publicação,Agendamentos,Wiley
10619139943,2022-10-19 16:16,2023-06-26 10:51,2022-10-26 15:00,,Negócio perdido,,,,,,,,,Maturação; Nós Declinamos,,NESTLE,Nestlé,Alimentos e bebidas,Agendamento_Aceito,Nestlé
10615749476,2022-10-18 10:43,2023-04-03 09:41,2022-11-22 14:00,2022-10-31 10:42,Negócio perdido,,,,,,,,,Não é ICP,,SPRAY-TEC,SPRAYTEC,,Agendamentos,SPRAYTEC
10590690171,2022-10-17 09:55,2023-07-20 11:28,2022-11-08 11:30,,Negócio perdido,,,,,,,,,Não é ICP,,ZEN SA,Zensa,Automotivo,Agendamento_Aceito,Zensa
10358562966,2022-09-29 15:53,2023-07-04 16:55,2023-03-16 09:34,,Negócio perdido,,,,,,,,,Timing; Maturação,,NEW HOLLAND,New Holland - Construction,Maquinário,Diagnostico,New Holland - Construction
10289777579,2022-09-23 18:05,2023-03-13 15:03,2023-02-28 12:00,2022-11-24 12:07,Cliente,361995.96,,,,361995.96,361995.96,361995.96,361995.96,,,COCAMAR,Cocamar - Retomada,Produção de alimentos,Cliente,Cocamar - Retomada
10282208687,2022-09-22 21:56,2023-04-03 09:33,2022-10-11 10:47,,Negócio perdido,,,,,,,,,Timing; Desinteresse/Declinou,,KUAISHOU,Kuaishou,Software de computador,Agendamento_Aceito,Kuaishou
10277598247,2022-09-22 15:04,2023-07-20 11:48,2023-05-10 15:28,,Agendamentos (MQL),,,,,,,,,,,ENEL X, Enel X,Serviços de utilidade pública,Agendamento_Aceito,Enel X 
10268226307,2022-09-21 17:25,2023-07-19 15:26,2022-09-23 11:31,,Negócio perdido,,,,,,,,,Sumiu; Timing,,CNPBRASIL,CNN Brasil,,Agendamento_Aceito,CNN Brasil
10239355748,2022-09-19 15:09,2023-04-03 09:33,2022-10-13 17:24,,Negócio perdido,,,,,,,,,Maturação; Saiu da Empresa,,NISSAN,Nissan,Automotivo,Agendamento_Aceito,Nissan
10161938786,2022-09-12 16:40,2023-07-04 16:56,2022-09-20 15:30,,Negócio perdido,,,,,,,,,Maturação; Desinteresse/Declinou; Timing,,SONDA,HONDA,Software de computador,Agendamento_Aceito,HONDA
10161251850,2022-09-12 16:06,2023-07-20 11:11,2022-10-25 15:49,2023-01-20 16:27,Negócio perdido,,,,,,,,,Sumiu; Desinteresse/Declinou,,GAZIT,Gazin,,Proposta,Gazin
10160287395,2022-09-12 12:24,2023-07-20 11:24,2022-09-19 11:43,,Negócio perdido,,,,,,,,,Financeiro,,DPASCHOAL,Dpaschoal,Automotivo,Agendamento_Aceito,Dpaschoal
10117266732,2022-09-08 15:00,2023-07-20 11:10,2022-09-29 19:37,2023-01-20 16:27,Negócio perdido,,,,,,,,,Financeiro,,TEUTO,Teuto,Farmacêutica,Diagnostico,Teuto
10067849484,2022-09-05 11:44,2023-07-20 11:59,2022-09-20 09:36,2022-10-03 11:38,Negócio perdido,,,,,,,,,Financeiro; Não é ICP,,PORTOBELLO,Portobello,Materiais de construção,Agendamento_Aceito,Portobello - Pointer
9942666548,2022-08-26 09:52,2023-05-25 22:36,2022-10-10 11:36,,Agendamentos (MQL),,,,,,,,,,,PEPSICO,PepsiCo,Alimentos e bebidas,Agendamentos,PepsiCo
9922745002,2022-08-24 16:55,2023-07-19 14:58,2022-10-03 17:41,,Negócio perdido,,,,,,,,,Financeiro; Timing,,FOCO ALUGUEL,Foco Aluguel de Carro,,Agendamento_Aceito,Foco Aluguel de Carro
9910334978,2022-08-23 15:08,2023-07-19 15:07,2022-10-26 15:30,,Negócio perdido,,,,,,,,,Não é ICP,,GRUPO LÍDER,Grupo Líder,,Proposta,Grupo Líder
9907461386,2022-08-23 11:32,2023-03-30 17:08,2022-08-23 14:47,,Negócio perdido,,,,,,,,,Não é ICP,,WE PINK,We Pink,,Agendamento_Aceito,We Pink
9892494180,2022-08-22 08:28,2023-06-26 10:51,2023-04-12 15:00,,Proposta Enviada (SQL),,,,,,,,,,,JBS,JBS,Produção de alimentos,Proposta,JBS
9892391035,2022-08-22 08:28,2023-04-03 09:31,2022-08-23 14:30,,Negócio perdido,,,,,,,,,Não é ICP,,BAYER PHARMACEUTICALS,Bayer Pharmaceuticals,Farmacêutica,Agendamento_Aceito,Bayer Pharmaceuticals
9872374867,2022-08-19 17:03,2023-07-19 15:20,2023-03-20 09:30,,Negócio perdido,,,,,,,,,Desinteresse/Declinou; Timing,,PETZ, Petz - Retomada,,Diagnostico, Petz - Retomada
9849094535,2022-08-17 14:05,2023-04-03 09:40,2022-10-11 09:40,,Negócio perdido,,,,,,,,,Maturação; Timing,,NATURA&CO,Natura&CO,Cosméticos,Diagnostico,Natura&CO
9767065765,2022-08-09 09:24,2023-03-13 15:18,2022-09-13 09:29,2022-08-31 09:24,Negócio perdido,9142.1,,,,9142.1,9142.1,0.0,0.0,Desinteresse/Declinou,,DIGIO,Digio,Tecnologia da informação e serviços ,Proposta,Digio - Upsell III
9694270742,2022-08-03 23:52,2023-03-09 14:36,2022-10-04 15:03,2022-09-07 21:28,Cliente,404911.98,,,,404911.98,404911.98,404911.98,404911.98,,,MART MINAS,Mart Minas,Tecnologia da informação e serviços,Cliente,Mart Minas - Renovação 50%
9691251818,2022-08-03 14:24,2023-07-19 14:47,2022-08-11 14:31,,Negócio perdido,,,,,,,,,Timing; Saiu da Empresa; Não é ICP; Financeiro,,ZOOP,Zoop,Tecnologia da informação e serviços ,Agendamento_Aceito,Zoop
9671392000,2022-08-01 22:26,2023-04-03 09:32,2022-09-16 11:29,,Negócio perdido,,,,,,,,,Financeiro; Nós Declinamos,,GRUPO MULTITÉCNICA,Grupo Multitécnica,Produtos químicos,Agendamento_Aceito,Grupo Multitécnica
9556284505,2022-07-21 15:29,2023-03-09 14:36,2022-08-02 16:28,2022-10-07 14:44,Negócio perdido,,,,,,,,,Não é ICP,,ULTRAGAZ,Ultragaz,Petróleo e energia,Agendamento_Aceito,Ultragaz
9554698256,2022-07-21 12:54,2023-03-09 14:36,2022-08-11 15:33,,Negócio perdido,,,,,,,,,Timing; Maturação,,GRUPO ONCOCLINICAS,Grupo Oncoclinicas,Hospital e cuidados de saúde,Agendamento_Aceito,Grupo Oncoclinicas
9535985760,2022-07-19 17:08,2023-07-20 11:12,2022-07-22 14:27,,Negócio perdido,,,,,,,,,Financeiro; Timing,,WAP,WAP,Bens de consumo,Agendamento_Aceito,WAP
9533639733,2022-07-19 11:37,2023-04-03 09:30,2022-07-26 09:00,,Negócio perdido,,,,,,,,,Sumiu; Nós Declinamos,,MOURA DUBEUX,Moura Dubeux,Construção,Agendamento_Aceito,Moura Dubeux
9714001725,2022-07-15 11:49,2023-03-09 14:36,2022-08-12 09:00,2022-08-31 11:47,Negócio perdido,,,,,,,,,Desinteresse/Declinou; Timing,,PRIME CURSOS,Prime Cursos II  Upsell,Software de computador,Proposta,Prime Cursos II  Upsell
9492773640,2022-07-14 08:20,2023-03-09 14:36,2022-09-23 12:38,2022-10-19 18:30,Negócio perdido,622968.24,,,,622968.24,622968.24,0.0,0.0,Timing,,PAMPLONA ALIMENTOS,Pamplona Alimentos,Produção de alimentos,Proposta,Pamplona Alimentos
9458850179,2022-07-11 11:43,2023-03-13 15:18,2022-08-11 09:00,,Negócio perdido,,,,,,,,,Saiu da Empresa; Sumiu,,RENAULT,Renault,Automotivo,Diagnostico,Renault
9435779855,2022-07-08 15:22,2023-06-01 10:16,2022-08-30 15:10,,Negócio perdido,,,,,,,,,Financeiro,,MALLORY ELETROPORTÁTEIS,Mallory Eletroportáteis ,Eletrônicos de consumo,Diagnostico,Mallory Eletroportáteis 
9434955293,2022-07-07 12:09,2023-07-13 09:41,2022-08-12 10:36,2022-07-31 12:03,Negócio perdido,,,,,,,,,Nós Declinamos,,EMBELLEZE,Embelleze,Cosméticos,Diagnostico,Embelleze
9342483878,2022-06-29 10:46,2023-03-13 15:16,2022-09-15 11:28,,Negócio perdido,,,,,,,,,Desinteresse/Declinou; Financeiro,,ALPER SEGUROS,Alper Seguros,Seguro,Diagnostico,Alper Seguros
9335197262,2022-06-28 16:26,2023-03-09 14:36,2022-07-18 15:00,2022-08-10 13:41,Negócio perdido,,,,,,,,,Fechou com Concorrente; Financeiro,,MOSAIC BRASIL,Mosaic Brasil,Produtos químicos,Diagnostico,Mosaic Brasil
9335038859,2022-06-28 16:26,2023-03-09 14:36,2022-07-21 15:15,,Negociação,950000.0,,,,950000.0,950000.0,665000.0,665000.0,,,CENCOSUD,Cencosud,Varejo ,Proposta,Cencosud
9321003094,2022-06-27 15:25,2023-07-17 22:58,2022-10-03 17:40,,Negócio perdido,,,,,,,,,Maturação,,JACTO, Jacto,Maquinário,Diagnostico, Jacto
9320851333,2022-06-27 15:17,2023-07-19 15:26,2023-05-02 10:23,2022-08-10 13:43,Negócio perdido,,,,,,,,,Sumiu; Não é ICP,,MOTA SUPERMERCADOS,Sonda Supermercados,Varejo ,Proposta,Sonda Supermercados
9266863369,2022-06-21 18:39,2023-03-09 14:36,2022-07-15 16:00,,Negócio perdido,,,,,,,,,Desinteresse/Declinou; Sumiu,,LEITE DE,Leite de Rosas,"Saúde, bem-estar e fitness",Diagnostico,Leite de Rosas
9145229174,2022-06-09 18:22,2023-03-09 14:36,2022-06-22 10:46,2022-08-10 13:39,Negócio perdido,,,,,,,,,Financeiro; Maturação,,AYUMI SUPERMERCADOS,Ayumi Supermercados,,Agendamento_Aceito,Ayumi Supermercados
9142920225,2022-06-09 12:32,2023-07-19 15:09,2022-07-04 19:14,,Negócio perdido,510000.0,,,,510000.0,510000.0,0.0,0.0,Fechou com Concorrente; Financeiro,,BOMBRIL,Bombril ,Produtos químicos ,Proposta,Bombril 
9134056239,2022-06-08 16:10,2023-06-22 11:12,2022-07-07 18:27,2022-08-09 16:18,Negócio perdido,,,,,,,,,Financeiro,,ENXUTO SUPERMERCADOS, Enxuto Supermercados ,Varejo,Diagnostico, Enxuto Supermercados 
9059767372,2022-05-31 16:06,2023-03-09 14:36,2022-06-24 11:09,2022-08-10 13:41,Negócio perdido,,,,,,,,,Não é ICP,,ZENATUR,Zenatur,Logística e cadeia de suprimento,Diagnostico,Zenatur
8947390720,2022-05-18 15:02,2023-07-19 14:43,2022-06-03 11:00,2022-06-06 11:16,Negócio perdido,,,,,,,,,Financeiro; Não é ICP; Nós Declinamos,,CORDEIRO SUPERMERCADOS,Celeiro Supermercados,,Agendamento_Aceito,Celeiro Supermercados
8938556759,2022-05-17 16:41,2023-04-03 09:42,2022-06-01 11:00,2022-05-31 16:41,Negócio perdido,,,,,,,,,Sumiu,,BARRY CALLEBAUT,Barry Callebaut,Produção de alimentos,Agendamentos,Barry Callebaut
8891831424,2022-05-12 12:46,2023-07-19 15:09,2022-05-19 16:13,2022-05-31 16:02,Negócio perdido,,,,,,,,,Financeiro; Não é ICP,,PRIMA FOODS,Prima Foods ,Alimentos e bebidas ,Agendamento_Aceito,Prima Foods 
8860080758,2022-05-09 17:09,2023-03-09 14:37,2022-06-10 10:00,,Negócio perdido,,,,,,,,,Financeiro; Não é ICP,,IQUAGAMI SUPERMERCADOS,Iquegami Supermercados,,Agendamento_Aceito,Iquegami Supermercados
9185739073,2022-05-06 00:00,2023-05-12 10:13,2022-07-11 17:00,2022-11-11 11:34,Cliente,616536.0,,,,616536.0,616536.0,616536.0,616536.0,,,FARMADELIVERY,Farmadelivery II ,,Cliente,Farmadelivery II 
8785636688,2022-05-02 14:03,2023-03-09 14:37,2022-05-30 19:37,2023-02-09 10:04,Negócio perdido,720000.0,,,,720000.0,720000.0,0.0,0.0,Financeiro,,NK SEMENTES,NK Sementes (Syngenta) - Portal,Agricultura,Proposta,NK Sementes (Syngenta) - Portal
8784596653,2022-05-02 11:54,2023-04-03 09:29,2022-06-30 08:57,2022-05-17 16:42,Negócio perdido,,,,,,,,,Timing; Nós Declinamos,,VALMONT,Valmont,Maquinário,Agendamento_Aceito,Valmont
8808339045,2022-05-02 00:00,2023-03-09 14:36,2022-06-30 17:51,2022-07-04 19:01,Cliente,217872.0,,,,217872.0,217872.0,217872.0,217872.0,,,NIMGENETICS,Nim Genetics,Biotecnologia,Cliente,Nim Genetics
8521807490,2022-04-05 11:03,2023-03-09 14:36,2022-04-07 15:25,2022-04-20 12:13,Negócio perdido,,,,,,,,,Maturação,,GRUPO REDEBRASIL,Grupo Redebrasil,Serviços financeiros,Agendamento_Aceito,Grupo Redebrasil
8444212021,2022-04-01 17:47,2023-03-09 14:36,2022-04-08 10:45,2022-04-20 12:19,Negócio perdido,,,,,,,,,Financeiro; Não é ICP,,UNIPAR,Unipac,Ensino superior,Agendamento_Aceito,Unipac
8437713017,2022-04-01 15:20,2023-03-09 14:36,2022-04-06 11:49,2022-04-06 11:49,Negócio perdido,,,,,,,,,Financeiro; Não é ICP,,EUCATUR,EUCATUR,Transporte/caminhões/ferrovias,Agendamento_Aceito,EUCATUR
8401843003,2022-03-30 08:12,2023-07-19 14:47,2022-04-20 17:28,2022-05-17 16:42,Negócio perdido,,,,,,,,,Não é ICP,,CASTRILLON AUTOPEÇAS, Castrillon Autopeças,,Agendamento_Aceito, Castrillon Autopeças
8391202363,2022-03-29 16:42,2023-03-09 14:36,2022-04-10 15:35,2022-04-10 15:16,Negócio perdido,,,,,,,,,Timing; Maturação,,METALÚRGICA FEY,Metalúrgica Fey ,Engenharia mecânica ou industrial,Agendamento_Aceito,Metalúrgica Fey 
8344505364,2022-03-24 11:56,2023-07-20 11:25,2022-04-01 16:00,2022-04-20 12:13,Negócio perdido,,,,,,,,,Nós Declinamos; Não é ICP,,VETBR SAÚDE, VetBR Saúde Animal ,,Agendamento_Aceito, VetBR Saúde Animal 
8343752003,2022-03-24 09:36,2023-07-19 15:38,2022-11-21 14:57,2022-05-31 15:59,Negócio perdido,,,,,,,,,Fechou com Concorrente; Timing; Maturação,,AD'ORO,AD'ORO,Cosméticos ,Agendamento_Aceito,AD'ORO
8322344064,2022-03-23 11:39,2023-07-19 15:20,2022-07-08 18:02,2022-08-09 16:18,Negócio perdido,,,,,,,,,Sumiu; Desinteresse/Declinou,,GRUPOSEMAR,Grupo Semar Supermercados,,Diagnostico,Grupo Semar Supermercados
8304208765,2022-03-21 16:49,2023-07-19 14:50,2023-05-10 15:21,,Negócio perdido,307308.0,,,,307308.0,307308.0,0.0,0.0,Timing; Desinteresse/Declinou; Maturação,,SAS PLATAFORMA,SAS Plataforma de Educação,,Proposta,SAS Plataforma de Educação
8301515184,2022-03-21 12:03,2023-07-19 15:27,2022-03-28 14:05,2022-04-07 09:52,Negócio perdido,,,,,,,,,Não é ICP; Nós Declinamos,,GRUPO PRINER,Grupo Priner,,Agendamento_Aceito,Grupo Priner
8264520809,2022-03-18 17:35,2023-07-20 11:13,2022-04-04 16:00,2022-04-20 12:20,Negócio perdido,,,,,,,,,Nós Declinamos; Não é ICP,,APSA,APSA,Imobiliária,Agendamento_Aceito,APSA
8263921938,2022-03-18 16:58,2023-06-19 08:18,2022-07-14 11:38,2022-07-14 11:37,Negócio perdido,,,,,,,,,Timing; Sumiu,,LUNELLI,Lunelli,Vestuário e moda,Agendamentos,Lunelli
8253354841,2022-03-17 17:22,2023-03-09 14:37,2022-04-13 10:16,2022-06-13 08:50,Negócio perdido,,,,,,,,,Sumiu; Timing,,PRODAP,Prodap,Bens de consumo,Agendamento_Aceito,Prodap
8239766660,2022-03-16 10:16,2023-03-09 14:36,2022-03-23 14:43,2022-04-20 12:14,Negócio perdido,,,,,,,,,Maturação; Não é ICP; Timing,,SHOPPING RECIFE,Shopping Recife,Varejo,Agendamento_Aceito,Shopping Recife
8235144739,2022-03-15 22:01,2023-07-20 11:23,2022-08-10 08:00,2022-08-24 11:12,Proposta Enviada (SQL),445722.96,,,,445722.96,445722.96,222861.48,222861.48,,,PORTO ITAPOÁ, Porto Itapoá,Transporte/caminhões/ferrovias,Proposta, Porto Itapoá
8242183344,2022-03-15 16:39,2023-03-09 14:36,2022-04-28 14:50,2022-07-04 16:22,Negócio perdido,,,,,,,,,Timing; Não é ICP,,ALTERDATA SOFTWARE,Alterdata Software II,Software de computador,Proposta,Alterdata Software II
8230722315,2022-03-15 11:50,2023-07-19 15:12,2022-09-06 12:25,2022-10-19 18:30,Negócio perdido,,,,,,,,,Saiu da Empresa,,WISE SOLUÇÕES,Wiz Soluções,Serviços financeiros ,Proposta,Wiz Soluções
8230620996,2022-03-15 11:34,2023-06-26 10:50,2022-03-18 17:30,2022-04-20 12:17,Negócio perdido,,,,,,,,,Não é ICP,,VALEO, Vale,Automotivo,Agendamento_Aceito, Vale
8218762164,2022-03-14 11:21,2023-03-09 14:36,2022-03-21 11:00,2022-04-20 12:14,Negócio perdido,,,,,,,,,Não é ICP,,MEDABIL,Medabil,Construção,Agendamento_Aceito,Medabil
8218716681,2022-03-14 10:55,2023-07-19 15:45,2022-05-09 17:30,2022-05-09 17:32,Negócio perdido,,,,,,,,,Timing; Maturação,,FREITAS VAREJO,Freitas Varejo,Varejo ,Agendamento_Aceito,Freitas Varejo
8195134813,2022-03-11 09:59,2023-03-09 14:36,2022-04-08 10:00,2022-05-09 15:35,Negócio perdido,,,,,,,,,Não é ICP; Nós Declinamos,,HOSPITAL ERNESTO,Hospital Ernesto Dornelles,Hospital e cuidados de saúde,Agendamento_Aceito,Hospital Ernesto Dornelles
8188477081,2022-03-10 17:34,2023-03-09 14:36,2022-04-05 18:53,2022-07-01 16:36,Negócio perdido,,,,,,,,,Não é ICP; Sumiu,,7COMM,7COMm,Tecnologia da informação e serviços,Diagnostico,7COMm
8184437058,2022-03-10 10:56,2023-07-19 15:31,2022-03-15 16:42,2022-04-20 12:18,Negócio perdido,,,,,,,,,Maturação,,DAKI,Daki ,Varejo ,Agendamento_Aceito,Daki 
8184436663,2022-03-10 10:54,2023-07-19 15:33,2022-03-16 16:33,2022-05-31 16:00,Negócio perdido,,,,,,,,,Maturação; Timing,,NBCUNIVERSAL,NBCUniversal,,Agendamento_Aceito,NBCUniversal
8176898414,2022-03-09 13:43,2023-03-09 14:36,2022-02-09 15:00,2022-04-20 12:09,Negócio perdido,,,,,,,,,Nós Declinamos,,GRUPO GR,Grupo OR II - Upsell,Segurança e investigações,Negocios_Criados,Grupo OR II - Upsell
8169055888,2022-03-08 18:23,2023-07-19 14:42,2022-03-18 16:07,2022-05-17 16:42,Negócio perdido,,,,,,,,,Nós Declinamos; Financeiro,,UNIDASUL,UnidaSul,,Agendamento_Aceito,UnidaSul
8168954119,2022-03-08 17:08,2023-07-20 11:32,2023-04-15 12:29,2022-07-06 11:54,Cliente,636000.0,,,,636000.0,636000.0,636000.0,636000.0,,,DEEZER,Deezer,Software de computador,Cliente,Deezer
8165996143,2022-03-08 11:00,2023-07-20 11:14,2022-04-04 13:45,2022-05-04 14:18,Negócio perdido,,,,,,,,,Financeiro,,LIBERTY SEGUROS,Liberty Seguros,Seguro,Proposta,Liberty Seguros - Affinity
8126020723,2022-03-04 15:57,2023-07-20 11:53,2022-03-07 17:02,2022-05-17 16:42,Negócio perdido,,,,,,,,,Não é ICP; Nós Declinamos; Financeiro,,SCANSOURCE,ScanSource,Hardware de computador,Agendamento_Aceito,ScanSource
8105310560,2022-03-02 19:22,2023-07-19 15:00,2022-03-07 16:30,2022-04-07 10:07,Negócio perdido,,,,,,,,,Não é ICP; Nós Declinamos,,LANGUIRU,Languiru,Alimentos e bebidas ,Agendamento_Aceito,Languiru
8102366235,2022-03-02 13:30,2023-03-09 14:36,2022-03-03 17:00,2022-04-20 12:14,Negócio perdido,,,,,,,,,Não é ICP,,LOPES CONSULTORIA,Lopes Consultoria de Imóveis ,Imobiliária,Agendamento_Aceito,Lopes Consultoria de Imóveis 
7992981272,2022-02-22 13:09,2023-03-09 14:36,2022-05-17 17:31,2022-07-19 18:00,Negócio perdido,,,,,,,,,Desinteresse/Declinou; Sumiu,,REDE GRAAL,Rede Graal,Restaurantes,Agendamento_Aceito,Rede Graal
7992382761,2022-02-22 11:31,2023-07-20 11:13,2022-04-12 10:08,2022-04-28 14:26,Negócio perdido,,,,,,,,,Não é ICP; Sumiu; Nós Declinamos,,DONIZETE DISTRIBUIDORA,Donizete Distribuidora,Logística e cadeia de suprimento,Agendamento_Aceito,Donizete Distribuidora
7941424019,2022-02-18 10:23,2023-03-09 14:37,2022-04-05 19:03,2022-03-30 14:39,Proposta Enviada (SQL),269234.28,,,,269234.28,269234.28,134617.14,134617.14,,,UNICAMPO,Unicampo,Agricultura,Proposta,Unicampo
7874288537,2022-02-10 11:19,2023-07-20 11:53,2022-02-17 15:31,2022-04-20 12:14,Negócio perdido,,,,,,,,,Não é ICP,,GRUPO BARCELOS,Grupo Barcelos,Serviços jurídicos,Agendamento_Aceito,Grupo Barcelos
7857425845,2022-02-08 17:26,2023-07-19 15:05,2022-03-08 15:00,2022-05-04 14:18,Negócio perdido,,,,,,,,,Saiu da Empresa,,CNH INDUSTRIAL,CNH Industrial - New Holland,,Agendamento_Aceito,CNH Industrial - New Holland
7846319660,2022-02-07 15:52,2023-05-11 11:24,2023-05-11 11:24,2022-07-14 12:07,Cliente,717721.2,,,,717721.2,717721.2,717721.2,717721.2,,,CITROSUCO,Citrosuco,Produção de alimentos,Cliente,Citrosuco
7845344878,2022-02-07 13:51,2023-03-09 14:36,2022-02-10 14:49,2022-04-20 12:24,Negócio perdido,,,,,,,,,Não é ICP,,BUONNY,Buonny,Segurança e investigações,Agendamento_Aceito,Buonny
7843495456,2022-02-07 12:02,2023-07-19 15:01,2022-04-11 16:43,2022-05-17 16:20,Negócio perdido,,,,,,,,,Desinteresse/Declinou,,IRB BRASIL,AB Brasil,Seguro,Diagnostico,AB Brasil
7797871203,2022-02-02 14:08,2023-07-20 11:42,2022-04-13 11:43,2022-08-10 13:40,Negócio perdido,,,,,,,,,Timing; Desinteresse/Declinou; Maturação,,KWS GROUP,KWS Group,Agricultura,Agendamento_Aceito,KWS Group
7795634522,2022-02-02 11:27,2023-06-27 11:48,2023-01-19 11:23,,Negócio perdido,,,,,,,,,Maturação; Timing,,PIRELLI,Pirelli,Automotivo,Diagnostico,Pirelli
7789205783,2022-02-01 16:12,2023-03-09 14:36,2022-03-03 10:44,2022-03-03 10:43,Negócio perdido,,,,,,,,,Desinteresse/Declinou,,ESPORTE CLUBE, Esporte Clube Pinheiros,Esportes,Agendamento_Aceito, Esporte Clube Pinheiros
7751609754,2022-01-28 11:26,2023-07-20 11:30,2022-03-07 08:51,2022-04-07 10:16,Negócio perdido,,,,,,,,,Não é ICP; Timing; Nós Declinamos,,IC TRANSPORTES,IC Transportes,,Agendamento_Aceito,IC Transportes
7656709761,2022-01-21 14:15,2023-07-19 15:22,2022-02-26 14:00,2022-04-20 12:15,Negócio perdido,,,,,,,,,Não é ICP,,BLU LOGISTICS,Blu Logistics Brasil,Logística e cadeia de suprimento ,Agendamento_Aceito,Blu Logistics Brasil
7464886900,2022-01-10 13:27,2023-07-19 15:30,2022-01-14 14:00,2022-04-20 12:28,Negócio perdido,,,,,,,,,Maturação; Timing,,BROTO,Broto,,Diagnostico,Broto
7315686716,2021-12-22 10:05,2023-05-30 17:58,2022-05-31 10:55,2022-02-14 12:31,Negócio perdido,,,,,,,,,Sumiu,,BRADESCO SEGUROS,Bradesco Seguros,Seguro,Agendamentos,Bradesco Seguros
7274350383,2021-12-17 11:33,2023-04-18 17:48,2022-01-12 15:49,2022-04-20 12:22,Negócio perdido,,,,,,,,,Timing; Maturação,,SONEDA,Sonda,Tecnologia da informação e serviços ,Agendamento_Aceito,Sonda
7254907909,2021-12-15 10:14,2023-03-09 14:36,2021-12-22 11:12,,Negócio perdido,,,,,,,,,Sumiu,,STOCCHE FORBES,Stocche Forbes Advogados,Serviços jurídicos,Agendamento_Aceito,Stocche Forbes Advogados
7234053502,2021-12-13 11:46,2023-03-09 14:37,2022-01-07 16:48,2022-04-20 12:16,Negócio perdido,,,,,,,,,Desinteresse/Declinou; Saiu da Empresa,,SAPORE,Sapore,Restaurantes,Agendamento_Aceito,Sapore
7204413836,2021-12-09 15:08,2023-07-20 11:38,2021-12-16 13:32,,Negócio perdido,,,,,,,,,Não é ICP,,BSI,BSI,Consultoria de gestão,Agendamento_Aceito,BSI
7195219797,2021-12-08 13:14,2023-07-20 11:55,2022-04-12 16:06,2022-05-31 15:57,Negócio perdido,,,,,,,,,Sumiu; Maturação,,GOMES DA,Gomes da Costa (Grupo Calvo),Alimentos e bebidas,Agendamento_Aceito,Gomes da Costa (Grupo Calvo)
7069468764,2021-12-02 15:44,2023-03-09 14:36,2021-12-06 12:00,,Negócio perdido,,,,,,,,,Timing,,DELA FOODS,Arla Foods Ingredients,,Agendamento_Aceito,Arla Foods Ingredients
7058385200,2021-12-01 17:51,2023-03-09 14:36,2021-12-09 10:40,2022-04-20 12:11,Negócio perdido,,,,,,,,,Maturação; Timing,,NTT DATA,NTT DATA Corporation,Software de computador,Diagnostico,NTT DATA Corporation
7059246430,2021-12-01 17:43,2023-06-21 19:48,2021-11-26 18:00,2021-12-31 17:43,Negócio perdido,808140.0,,,,808140.0,808140.0,0.0,0.0,Timing; Desinteresse/Declinou,,BANCO NEON,Banco Next,Serviços financeiros,Negocios_Criados,Banco Next
7044610073,2021-11-30 09:49,2023-07-20 11:29,2022-02-16 15:00,2022-04-20 12:10,Negócio perdido,,,,,,,,,Maturação; Timing,,COPA AIRLINES,Copa Airlines,Linhas aéreas/aviação,Diagnostico,Copa Airlines
6992349113,2021-11-23 11:32,2023-03-09 14:36,2022-03-10 18:02,2022-07-01 16:37,Negócio perdido,,,,,,,,,Sumiu,,WEG,WEG,Fabricação elétrica/eletrônica,Diagnostico,WEG
6964380599,2021-11-19 19:22,2023-07-19 14:58,2021-11-19 19:24,2021-12-01 18:19,Negócio perdido,,,,,,,,,Desinteresse/Declinou; Timing,,BOM JESUS,Bom Jesus,Educação superior ,Agendamento_Aceito,Bom Jesus
6939016495,2021-11-16 17:20,2023-07-19 15:27,2022-05-13 09:24,2022-05-17 16:25,Negócio perdido,458150.16,,,,458150.16,458150.16,0.0,0.0,Fechou com Concorrente; Financeiro,,ORAL SIN,Oral Sin,"Saúde, bem-estar e fitness ",Proposta,Oral Sin
6908332884,2021-11-12 13:22,2023-07-19 14:57,2021-11-17 18:56,2022-04-20 12:16,Negócio perdido,,,,,,,,,Não é ICP; Financeiro,,START QUÍMICA,Start Química,Produtos químicos ,Diagnostico,Start Química
6899678592,2021-11-11 15:38,2023-04-13 17:10,2021-12-10 15:09,,Negócio perdido,,,,,,,,,Não é ICP,,KERRY,Kerry,Produção de alimentos,Agendamento_Aceito,Kerry
6873735277,2021-11-08 19:14,2023-07-19 15:37,2022-11-01 15:26,,Negócio perdido,,,,,,,,,Financeiro; Fechou com Concorrente,,URGO MEDICAL,Urgo Medical,,Proposta,Urgo Medical
6867874965,2021-11-08 09:47,2023-07-19 14:45,2021-11-18 14:20,2022-04-20 12:16,Negócio perdido,,,,,,,,,Maturação,,ROYAL DE,Royal De Heus,,Diagnostico,Royal De Heus
6831367721,2021-11-03 12:33,2023-05-02 10:36,2023-04-26 09:43,2021-12-01 18:19,Negócio perdido,,,,,,,,,Não é ICP; Nós Declinamos,,NUTANIX,Nutanix,Software de computador,Agendamento_Aceito,Nutanix
8002485392,2021-11-03 11:48,2023-06-23 18:08,2023-06-23 18:08,2022-02-28 11:47,Cliente,2500000.0,,,,2500000.0,2500000.0,2500000.0,2500000.0,,,SYNGENTA,Syngenta - Renovação 50%,,Cliente,Syngenta - Renovação 50%
6763861259,2021-10-27 11:20,2023-07-19 15:29,2021-11-12 11:43,2021-11-12 11:43,Negócio perdido,,,,,,,,,Financeiro,,DELTA SUCROENERGIA,Delta Sucroenergia,,Agendamento_Aceito,Delta Sucroenergia
6694150260,2021-10-19 13:08,2023-03-09 14:37,2021-10-01 16:27,2021-10-31 13:08,Negócio perdido,562721.4,,,,562721.4,562721.4,0.0,0.0,Desinteresse/Declinou; Sumiu,,ADORAR ALIMENTOS,Aurora Alimentos,,Proposta,Aurora Alimentos
6686799431,2021-10-18 19:36,2023-03-09 14:37,2021-10-27 19:23,2021-12-01 18:20,Negócio perdido,,,,,,,,,Não é ICP; Timing; Saiu da Empresa,,CONSÓRCIO EMBRACON,Consórcio Embracon,Serviços financeiros,Agendamento_Aceito,Consórcio Embracon
6633359955,2021-10-15 10:52,2023-03-09 14:36,2021-12-21 09:46,2022-04-20 12:08,Negócio perdido,179238.0,,,,179238.0,179238.0,0.0,0.0,Desinteresse/Declinou,,MYRA,Myra,Farmacêutica ,Proposta,Myra
6615095564,2021-10-13 19:52,2023-07-20 11:12,2021-10-18 15:00,2021-12-01 18:23,Negócio perdido,,,,,,,,,Saiu da Empresa,,SOPRA,Sopra,Software de computador,Agendamento_Aceito,Sopra
6560859939,2021-10-08 10:46,2023-05-30 17:58,2021-10-21 15:29,,Negócio perdido,,,,,,,,,Não é ICP; Sumiu,,MSA SAFETY,MSA Safety,Segurança pública,Agendamento_Aceito,MSA Safety
6346212167,2021-10-01 11:11,2023-07-20 11:52,2022-02-07 15:00,2022-04-20 12:10,Negócio perdido,,,,,,,,,Maturação; Timing,,CONTINENTAL,Continental,Automotivo,Diagnostico,Continental
6324349316,2021-09-28 20:51,2023-07-20 11:35,2021-12-01 16:00,2021-12-01 18:18,Negócio perdido,,,,,,,,,Não é ICP,,SAMARCO,Samarco,Mineração e metais,Agendamento_Aceito,Samarco
6316252465,2021-09-27 22:07,2023-07-20 10:28,2021-10-07 18:00,2022-04-20 12:22,Negócio perdido,,,,,,,,,Não é ICP,,BRADO,Brado,,Agendamento_Aceito,Brado
6312610066,2021-09-27 14:59,2023-07-19 15:42,2021-11-04 14:00,2021-12-01 18:18,Negócio perdido,,,,,,,,,Desinteresse/Declinou; Timing,,MARCOPOLO,Marcopolo,,Agendamento_Aceito,Marcopolo
6293527454,2021-09-24 17:28,2023-07-19 15:19,2021-09-27 10:00,2021-12-01 18:20,Negócio perdido,,,,,,,,,Timing,,KINGSPAN ISOESTE,Kingspan Isoeste ,,Agendamento_Aceito,Kingspan Isoeste 
6291157893,2021-09-24 11:36,2023-07-20 11:37,2021-11-16 14:00,2022-04-20 12:11,Negócio perdido,,,,,,,,,Maturação,,VERZANI &,Verzani & Sandrini,Tecnologia da informação e serviços,Diagnostico,Verzani & Sandrini
6276415809,2021-09-22 15:37,2023-07-19 14:55,2021-11-03 18:07,2021-11-10 16:50,Negócio perdido,,,,,,,,,Financeiro; Nós Declinamos,,KEPLER WEBER,Kepler Weber,Agricultura ,Agendamento_Aceito,Kepler Weber
6218954632,2021-09-15 09:54,2023-07-20 11:24,2021-09-22 15:30,2021-09-30 16:34,Negócio perdido,,,,,,,,,Não é ICP; Timing,,ENGINEERING BRASIL,Engineering Brasil,Software de computador,Agendamento_Aceito,Engineering Brasil
6212368466,2021-09-14 14:15,2023-07-20 11:41,2021-09-16 14:00,2021-10-21 02:46,Negócio perdido,,,,,,,,,Não é ICP; Financeiro,,MINI KALZONE,Mini Kalzone ,Restaurantes,Agendamento_Aceito,Mini Kalzone 
6180906591,2021-09-10 12:03,2023-05-30 17:58,2021-09-28 15:58,,Negócio perdido,,,,,,,,,Não é ICP; Financeiro,,JABIL,Jabil,Fabricação elétrica/eletrônica,Agendamento_Aceito,Jabil
6180188332,2021-09-10 10:23,2023-07-19 15:23,2022-03-10 17:53,2022-07-01 16:36,Negócio perdido,,,,,,,,,Sumiu,,ENGIE,ENGIE,,Agendamento_Aceito,ENGIE
6165872256,2021-09-08 14:57,2023-07-20 11:41,2021-09-16 11:33,2021-09-16 11:35,Negócio perdido,,,,,,,,,Timing,,INVITAE,Invitae,Biotecnologia,Agendamento_Aceito,Invitae
6127033456,2021-09-02 19:14,2023-06-30 08:44,2021-10-26 15:23,2022-04-20 12:11,Negócio perdido,,,,,,,,,Maturação,,DROGA RAIA,Drogaraia,Alimentos e bebidas,Diagnostico,Drogaraia
6088006146,2021-09-01 16:35,2023-03-09 14:36,2021-12-30 08:00,2021-12-01 18:22,Negócio perdido,,,,,,,,,Não é ICP; Timing,,AIR LIQUIDE,Air Liquide Brasil,Produtos químicos,Agendamento_Aceito,Air Liquide Brasil
6087747672,2021-09-01 16:16,2023-07-04 16:51,2023-03-09 10:30,2022-04-20 12:10,Negócio perdido,,,,,,,,,Não é ICP; Financeiro,,MACHADO MEYER,Machado Meyer,Serviços jurídicos,Diagnostico,Machado Meyer
6087887756,2021-09-01 16:13,2023-07-20 11:32,2021-09-30 17:25,2022-02-15 15:09,Negócio perdido,,,,,,,,,Timing,,BAT,BAT,Tabaco,Diagnostico,BAT
6084431894,2021-09-01 08:48,2023-03-09 14:36,2021-09-16 17:06,2021-12-01 18:18,Negócio perdido,,,,,,,,,Sumiu,,SPC BRASIL,SPAR Brasil,Serviços financeiros,Agendamento_Aceito,SPAR Brasil
6041976395,2021-08-26 19:42,2023-03-09 14:36,2021-09-28 20:25,2021-09-28 20:25,Negócio perdido,,,,,,,,,Sumiu,,SINTER FUTURA,Sinter Futura,Cosméticos,Agendamentos,Sinter Futura
6030678162,2021-08-25 11:48,2023-07-19 15:11,2021-10-05 08:00,2021-12-01 18:21,Negócio perdido,,,,,,,,,Maturação,,PETZ,Petz ,,Agendamento_Aceito,Petz 
5987555472,2021-08-19 11:53,2023-07-20 11:46,2022-03-10 18:53,2022-03-11 17:07,Negócio perdido,,,,,,,,,Sumiu,,SUPERA,SUPERA ,Farmacêutica,Agendamento_Aceito,SUPERA 
5938792470,2021-08-16 10:34,2023-07-20 11:59,2021-10-01 08:00,2021-12-01 18:23,Negócio perdido,,,,,,,,,Timing; Maturação,,AGROPALMA, Agropalma,Petróleo e energia,Agendamento_Aceito, Agropalma
5902794385,2021-08-10 22:03,2023-06-14 15:49,2021-08-10 16:15,2021-09-10 19:19,Cliente,15488.68,,,,15488.68,15488.68,15488.68,15488.68,,,APSEN FARMACÊUTICA,Apsen Farmacêutica,Farmacêutica,Cliente,Apsen Farmacêutica - Quintal Dev 30%
5898899895,2021-08-10 11:19,2023-03-09 14:36,2021-11-11 17:47,2022-03-11 17:07,Negócio perdido,,,,,,,,,Não é ICP,,JAMES DELIVERY,James Delivery,Software de computador,Agendamento_Aceito,James Delivery
5870630303,2021-08-06 15:17,2023-07-19 14:57,2022-10-06 09:05,2021-09-27 14:35,Negócio perdido,,,,,,,,,Maturação,,SIM REDE,SIM Rede de Postos,Varejo ,Agendamento_Aceito,SIM Rede de Postos
5868404302,2021-08-06 10:58,2023-07-19 15:10,2023-05-30 15:54,2021-10-29 18:48,Negociação,127874.04,,,,127874.04,127874.04,89511.828,89511.828,Financeiro,,FRÍSIA,Frísia,,Proposta,Frísia
5838111343,2021-08-03 10:01,2023-07-20 11:29,2022-04-12 16:40,2022-08-10 13:42,Negócio perdido,928021.56,,,,928021.56,928021.56,0.0,0.0,Desinteresse/Declinou; Maturação; Timing,,NEOGRID,Neogrid,Software de computador,Proposta,Neogrid
5804109126,2021-07-29 17:52,2023-03-09 14:36,2022-04-18 19:37,2022-10-26 16:17,Negócio perdido,,,,,,,,,Sumiu,,COLGATE-PALMOLIVE,Colgate-Palmolive,,Diagnostico,Colgate-Palmolive
5730054705,2021-07-20 19:09,2023-03-09 14:37,2021-11-03 18:07,2021-08-04 13:54,Negócio perdido,,,,,,,,,Timing,,KEPLER WEBER,Kepler Weber,,Agendamentos,Kepler Weber
5721626449,2021-07-19 17:22,2023-07-19 15:42,2022-03-10 17:45,2022-03-11 17:00,Negócio perdido,317610.12,,,,317610.12,317610.12,0.0,0.0,Sumiu,,EUROCHEM,Eurochem - Fertilizantes Tocantins,,Proposta,Eurochem - Fertilizantes Tocantins
5692550038,2021-07-15 14:11,2023-07-20 11:47,2021-10-15 14:07,2021-10-18 15:21,Cliente,144000.0,,,,144000.0,144000.0,144000.0,144000.0,,,INMETRICS,Inmetrics,Software de computador,Cliente,Inmetrics
5691537816,2021-07-15 10:53,2023-03-09 14:36,2022-03-16 14:46,2022-02-15 15:09,Negócio perdido,,,,,,,,,Sumiu,,MERCK,Merck,Farmacêutica,Diagnostico,Merck
5685480874,2021-07-14 15:57,2023-07-19 15:41,2021-08-23 10:19,2021-09-30 09:10,Negócio perdido,,,,,,,,,Desinteresse/Declinou; Não é ICP,,COFCO,COFCO,Agricultura ,Agendamento_Aceito,COFCO
5666050879,2021-07-12 10:22,2023-03-09 14:36,2021-10-29 18:53,2022-03-11 17:03,Negócio perdido,,,,,,,,,Saiu da Empresa,,LA MODA,La Moda,Vestuário e moda,Diagnostico,La Moda
5635001694,2021-07-07 19:41,2023-03-09 14:36,2021-08-13 08:00,2021-09-30 10:17,Negócio perdido,,,,,,,,,Não é ICP; Timing; Financeiro,,META,Meta,Tecnologia da informação e serviços,Agendamento_Aceito,Meta
5623783283,2021-07-06 15:15,2023-07-19 15:44,2021-10-01 08:00,2021-10-21 02:47,Negócio perdido,,,,,,,,,Não é ICP; Desinteresse/Declinou,,ATOS,Atvos,,Agendamento_Aceito,Atvos
5616532641,2021-07-05 15:44,2023-07-19 15:09,2022-03-10 18:53,2021-07-23 16:02,Negócio perdido,,,,,,,,,Timing,,PIRACANJUBA,Piracanjuba ,Alimentos e bebidas ,Agendamento_Aceito,Piracanjuba 
5616367132,2021-07-05 14:46,2023-07-20 11:44,2022-05-24 16:34,,Negócio perdido,804696.8,,,,804696.8,804696.8,0.0,0.0,Desinteresse/Declinou; Financeiro; Sumiu,,LUMEN TECHNOLOGIES,Lumen Technologies,Tecnologia da informação e serviços,Proposta,Lumen Technologies
5613586184,2021-07-05 09:31,2023-05-10 15:23,2023-05-10 15:22,,Negócio perdido,282109.2,,,,282109.2,282109.2,0.0,0.0,Sumiu; Saiu da Empresa,,MADESA MÓVEIS,Madesa Móveis,Mobília ,Agendamentos,Madesa Móveis
5565405728,2021-06-29 10:52,2023-07-19 14:57,2021-10-05 08:00,2021-10-21 02:47,Negócio perdido,,,,,,,,,Não é ICP,,ACQIO,Acqio,Serviços financeiros ,Agendamento_Aceito,Acqio
5557094673,2021-06-28 11:12,2023-07-19 14:46,2021-08-11 12:28,2021-08-23 12:17,Negócio perdido,,,,,,,,,Desinteresse/Declinou,,DELIVERY CENTER,Delivery Center,Varejo ,Proposta,Delivery Center
5536620117,2021-06-25 14:07,2023-05-10 16:59,2021-08-31 15:45,2021-08-31 12:10,Negócio perdido,53796.6,,,,53796.6,53796.6,0.0,0.0,Fechou com Concorrente,,EUROFARMA,Eurofarma,Farmacêutica ,Proposta,Eurofarma - Genéricos
5516116233,2021-06-23 13:13,2023-07-19 15:03,2021-07-02 14:30,2021-07-02 14:17,Negócio perdido,,,,,,,,,Não é ICP,,ADECOAGRO,Adecoagro,Agricultura ,Agendamento_Aceito,Adecoagro
5514116482,2021-06-23 10:13,2023-07-20 11:34,2021-08-13 08:00,2021-12-01 18:21,Negócio perdido,,,,,,,,,Maturação,,SEGUROS SURA,Seguros SURA ,Seguro,Agendamento_Aceito,Seguros SURA 
5496370183,2021-06-21 14:52,2023-07-20 11:10,2021-07-01 10:00,2021-09-30 10:10,Negócio perdido,,,,,,,,,Não é ICP; Timing; Nós Declinamos,,GUARIDA IMÓVEIS,Guarida Imóveis,Imobiliária,Agendamento_Aceito,Guarida Imóveis
5480327742,2021-06-18 09:40,2023-03-09 14:36,2021-10-05 08:00,2021-12-01 18:23,Negócio perdido,,,,,,,,,Não é ICP,,RANDON S.A.,RANDON S.A.,Automotivo,Agendamento_Aceito,RANDON S.A.
5470511669,2021-06-16 18:10,2023-07-19 15:36,2021-10-05 09:45,2021-10-21 02:47,Negócio perdido,,,,,,,,,Não é ICP; Nós Declinamos,,GRUPO BERLANDA,Lojas Berlanda,Varejo ,Agendamento_Aceito,Grupo Berlanda
5442109042,2021-06-11 18:05,2023-07-20 11:42,2023-02-06 11:37,2022-03-11 17:03,Negócio perdido,,,,,,,,,Sumiu,,INGRAM MICRO,Ingram Micro,Tecnologia da informação e serviços,Diagnostico,Ingram Micro
5440817686,2021-06-11 11:32,2023-03-09 14:36,2021-06-24 08:18,2021-09-30 10:00,Negócio perdido,,,,,,,,,Nós Declinamos; Não é ICP,,JLL,JLL,Imobiliária,Agendamento_Aceito,JLL
5417136532,2021-06-07 09:40,2023-07-20 11:36,2021-07-13 13:46,2021-08-09 11:37,Negócio perdido,128898.71,,,,128898.71,128898.71,0.0,0.0,Financeiro,,NISSIN FOODS,Nissin Foods,Alimentos e bebidas,Proposta,Nissin Foods
5382207351,2021-06-01 11:14,2023-03-09 14:36,2023-03-07 15:11,2021-06-08 11:51,Negócio perdido,,,,,,,,,Maturação,,UISA,Uisa,Construção ,Agendamento_Aceito,Uisa
5381991819,2021-06-01 10:43,2023-07-20 11:06,2021-08-24 14:34,2021-09-22 14:02,Negócio perdido,251055.6,,,,251055.6,251055.6,0.0,0.0,Financeiro; Desinteresse/Declinou,,OTTOBOCK,Ottobock,Farmacêutica,Cliente,Ottobock
5359330094,2021-05-27 15:34,2023-05-10 16:59,2021-10-05 15:47,2022-03-11 17:03,Negócio perdido,296439.72,,,,296439.72,296439.72,0.0,0.0,Timing,,EUROFARMA,Eurofarma,Farmacêutica ,Proposta,Eurofarma - MAQ
5358144081,2021-05-27 11:40,2023-07-20 11:25,2022-04-28 14:50,2022-03-16 16:39,Negócio perdido,194676.0,,,,194676.0,194676.0,0.0,0.0,Financeiro; Timing,,ALTERDATA SOFTWARE,Alterdata Software,Software de computador,Proposta,Alterdata Software
5357537637,2021-05-27 08:43,2023-07-20 11:22,2022-01-17 11:57,2021-06-01 17:26,Negócio perdido,,,,,,,,,Maturação,,YARABRASIL,Yara Brasil,Produtos químicos,Agendamento_Aceito,Yara Brasil
5346694803,2021-05-25 12:14,2023-03-09 14:36,2022-04-11 14:48,2022-02-15 15:09,Negócio perdido,,,,,,,,,Sumiu,,UNIVERSIDADE DE,Universidade la salle,Ensino superior,Agendamento_Aceito,Universidade la salle
5346264983,2021-05-25 11:28,2023-07-19 15:03,2022-03-04 19:29,2022-03-11 17:02,Negócio perdido,238082.76,,,,238082.76,238082.76,0.0,0.0,Financeiro,,MRS LOGÍSTICA,MRS Logistica,Transporte/caminhões/ferrovias ,Proposta,MRS Logistica
5315347558,2021-05-21 09:09,2023-07-20 11:35,2021-12-14 10:00,2022-02-14 15:14,Negócio perdido,120000.0,,,,120000.0,120000.0,0.0,0.0,Desinteresse/Declinou,,COTY,Coty Paixão,"Saúde, bem-estar e fitness",Diagnostico,Coty 
5301798719,2021-05-19 19:48,2023-06-07 10:04,2021-10-05 08:00,2021-12-01 18:21,Negócio perdido,,,,,,,,,Financeiro,,SHOULDER,Shoulder,Varejo,Agendamento_Aceito,Shoulder
5293157493,2021-05-18 17:41,2023-07-20 11:37,2021-08-24 09:49,2022-02-15 15:08,Negócio perdido,1021110.12,,,,1021110.12,1021110.12,0.0,0.0,Sumiu,,PANASONIC,Panasonic,Fabricação elétrica/eletrônica,Proposta,Panasonic
5253626756,2021-05-13 10:46,2023-07-20 11:23,2021-09-21 08:00,2022-03-11 17:03,Negócio perdido,,,,,,,,,Maturação,,LIBERTY SEGUROS,Liberty Seguros,Seguro,Diagnostico,Liberty Seguros
5239041433,2021-05-12 11:02,2023-06-23 18:08,2023-06-23 18:08,2021-06-21 14:25,Cliente,187500.0,,,,187500.0,187500.0,187500.0,187500.0,,,SYNGENTA,Syngenta,Agricultura ,Cliente,Syngenta - Plano Culturas
5220031161,2021-05-10 09:17,2023-07-19 14:55,2023-05-15 11:52,2021-06-21 11:06,Negócio perdido,201000.0,,,,201000.0,201000.0,0.0,0.0,Maturação,,LOJAS BENOIT,Lojas Benoit,Varejo ,Proposta,Lojas Benoit
5192868276,2021-05-06 16:22,2023-03-09 14:36,2021-05-25 16:00,2021-06-01 16:08,Negócio perdido,18404.4,,,,18404.4,18404.4,0.0,0.0,Financeiro; Nós Declinamos,,CAT PESA,CAT PESA,Maquinário,Proposta,CAT PESA
5129855612,2021-04-29 16:12,2023-05-10 16:59,2021-07-01 19:19,2021-06-18 11:17,Cliente,436085.8,,,,436085.8,436085.8,436085.8,436085.8,,,EUROFARMA,Eurofarma,Farmacêutica ,Cliente,Eurofarma - Moviment C
5127424545,2021-04-29 11:51,2023-06-23 18:08,2023-06-23 18:08,2022-02-14 15:14,Negócio perdido,3084000.0,,,,3084000.0,3084000.0,0.0,0.0,Desinteresse/Declinou,,SYNGENTA,Syngenta,Agricultura ,Proposta,Syngenta - Portal Unbranded
5110682725,2021-04-27 11:30,2023-03-16 12:06,2023-03-16 12:06,2022-03-11 17:01,Negócio perdido,233431.8,,,,233431.8,233431.8,0.0,0.0,Financeiro,,ASSURANT,Assurant,Seguro,Proposta,Assurant
5104893010,2021-04-26 16:52,2023-03-09 14:36,2021-05-25 18:50,2021-06-21 18:09,Negócio perdido,,,,,,,,,Sumiu,,SERVENG CIVILSAN,Serveng Civilsan,Construção,Agendamentos,Serveng Civilsan
5043158529,2021-04-19 12:36,2023-03-13 15:04,2023-02-28 12:00,2021-07-27 12:40,Cliente,183483.72,,,,183483.72,183483.72,183483.72,183483.72,,,COCAMAR,Cocamar,Produção de alimentos,Cliente,Cocamar
4985313037,2021-04-12 14:41,2023-06-01 23:01,2023-02-07 10:20,2021-05-31 12:47,Negócio perdido,227936.16,,,,227936.16,227936.16,0.0,0.0,Fechou com Concorrente; Financeiro,,SANTA HELENA,Santa Helena Indústria de Alimentos S/A,Produção de alimentos,Proposta,Santa Helena Indústria de Alimentos S/A
4960833048,2021-04-08 16:29,2023-03-13 15:17,2022-08-17 16:41,2021-06-25 14:46,Cliente,861128.21,,,,861128.21,861128.21,861128.21,861128.21,Desinteresse/Declinou,,DIGIO,Digio,Tecnologia da informação e serviços ,Negocios_Criados,Digio
4850918233,2021-03-26 15:55,2023-07-20 11:38,2021-06-03 12:31,2021-07-15 10:50,Negócio perdido,,,,,,,,,Sumiu,,BANCO DAYCOVAL,Banco Daycoval,Bancário,Agendamento_Aceito,Banco Daycoval
4827350932,2021-03-25 19:06,2023-04-06 17:52,2021-04-09 15:38,2021-03-29 15:09,Negócio perdido,,,,,,,,,Não é ICP,,PETROBRAS,Eletrobras,Petróleo e energia,Agendamento_Aceito,Eletrobras
4790799739,2021-03-23 15:58,2023-03-09 14:36,2021-03-23 11:00,2021-06-18 19:39,Negócio perdido,138925.43,,,,138925.43,138925.43,0.0,0.0,Desinteresse/Declinou; Financeiro,,CARTÃO DE,Cartão de Todos,"Saúde, bem-estar e fitness ",Proposta,Cartão de Todos
4791125254,2021-03-23 14:55,2023-03-09 14:36,2022-10-04 15:03,2021-09-22 19:59,Cliente,793482.72,,,,793482.72,793482.72,793482.72,793482.72,,,MART MINAS,Mart Minas,Tecnologia da informação e serviços,Cliente,Mart Minas
4712384671,2021-03-18 15:29,2023-07-20 11:26,2023-02-14 14:46,2021-08-23 14:47,Negócio perdido,,,,,,,,,Maturação,,AL5 BANK,AL5 Bank,Bancário,Diagnostico,AL5 Bank
4668934210,2021-03-15 17:45,2023-05-10 16:59,2021-04-05 11:01,2021-07-15 12:10,Negócio perdido,276000.0,,,,276000.0,276000.0,0.0,0.0,Nós Declinamos,,EUROFARMA,Eurofarma,Farmacêutica ,Proposta,Eurofarma - Perlatte
4610928009,2021-03-10 19:12,2023-07-19 15:01,2023-02-14 14:46,2022-02-15 15:08,Negócio perdido,384438.0,,,,384438.0,384438.0,0.0,0.0,Financeiro,,AMAGGI,Amaggi ,Agricultura ,Proposta,Amaggi 
4610570597,2021-03-10 17:19,2023-05-10 16:59,2021-06-28 10:02,2021-04-08 14:52,Cliente,11000.0,,,,11000.0,11000.0,11000.0,11000.0,,,EUROFARMA,Eurofarma,Farmacêutica ,Cliente,Eurofarma - Fortice
4608132510,2021-03-10 09:34,2023-07-19 15:23,2021-03-24 10:01,2021-04-19 10:08,Negócio perdido,,,,,,,,,Saiu da Empresa,,VIVARA,Vivara,Varejo ,Agendamento_Aceito,Vivara
4577929902,2021-03-08 15:38,2023-04-06 17:52,2022-03-11 16:57,2021-04-27 11:33,Negócio perdido,354988.44,,,,354988.44,354988.44,0.0,0.0,Financeiro,,EVONIK,Evonik,Produtos químicos,Proposta,Evonik - Novo negócio
4531467448,2021-03-05 19:52,2023-04-06 17:52,2021-03-19 16:00,2021-04-27 11:30,Negócio perdido,,,,,,,,,Sumiu,,AMBEV,Ambev,Alimentos e bebidas,Agendamentos,Ambev
4269224969,2021-02-21 20:04,2023-04-06 17:52,2022-11-10 13:27,2021-05-07 09:26,Cliente,174000.0,,,,174000.0,174000.0,174000.0,174000.0,,,STOLLER DO,Stoller,Agricultura,Cliente,Stoller - Renovação
4181316962,2021-02-18 22:48,2023-04-06 17:52,2021-05-12 17:09,2021-05-12 17:10,Negócio perdido,166324.2,,,,166324.2,166324.2,0.0,0.0,Fechou com Concorrente,,DENSO,DENSO,Automotivo,Proposta,DENSO - Concorrência
4169278268,2021-02-17 15:39,2023-04-06 17:52,2021-05-12 17:09,2021-03-29 17:22,Negócio perdido,12770.3,,,,12770.3,12770.3,0.0,0.0,Fechou com Concorrente,,DENSO,Denso,Automotivo,Proposta,Denso - Criação KV
4127018290,2021-02-10 20:50,2023-04-06 17:52,2021-05-11 11:37,2021-03-18 21:53,Negócio perdido,85138.57,,,,85138.57,85138.57,0.0,0.0,Sumiu,,CARGILL,Cargill,Produção de alimentos,Proposta,Cargill - Vídeos LatAm
4120219333,2021-02-09 11:52,2023-04-06 17:52,2022-05-16 20:31,2021-03-18 21:51,Negócio perdido,40139.28,,,,40139.28,40139.28,0.0,0.0,Financeiro,,BARRY CALLEBAUT,Barry Callebaut,Produção de alimentos,Proposta,Barry Callebaut - Dashboards
4070221690,2021-02-01 15:09,2023-03-09 14:36,2021-11-10 16:52,2022-03-11 16:59,Negócio perdido,361949.76,,,,361949.76,361949.76,0.0,0.0,Saiu da Empresa,,SUPERCAMPO,Supercampo,Agricultura ,Cliente,Supercampo
4014966192,2021-01-19 22:56,2023-05-10 16:59,2021-03-22 21:48,2021-03-29 21:21,Cliente,7286.0,,,,7286.0,7286.0,7286.0,7286.0,,,EUROFARMA,Eurofarma,Farmacêutica ,Cliente,Eurofarma - AltaD
4011819536,2021-01-19 12:58,2023-07-20 11:51,2021-06-07 14:10,2021-03-18 21:52,Negócio perdido,,,,,,,,,Maturação,,VOLVO,Volvo,Automotivo,Diagnostico,Volvo - E-commerce
3453054574,2020-11-20 14:31,2023-04-06 17:52,2022-02-23 16:37,2021-01-12 14:41,Negócio perdido,93070.04,,,,93070.04,93070.04,0.0,0.0,Fechou com Concorrente,,INTERNATIONAL COMMITTEE,International Committee of the Red Cross,Organização cívica e social,Proposta,International Committee of the Red Cross - Novo negócio
3362452546,2020-11-10 16:08,2023-04-06 17:52,2022-07-27 11:10,2021-01-12 14:33,Negócio perdido,189838.68,,,,189838.68,189838.68,0.0,0.0,Não era decisor,,FUNDAÇÃO ESTUDAR,Fundação Estudar,Gestão de organizações sem fins lucrativos,Cliente,Fundação Estudar - Novo negócio
3269625040,2020-10-29 17:27,2023-05-10 16:59,2021-06-28 10:02,2021-02-01 12:27,Negócio perdido,60000.0,,,,60000.0,60000.0,0.0,0.0,Fechou com Concorrente,,EUROFARMA,Eurofarma,Farmacêutica ,Proposta,Eurofarma - Cogmax
3142655559,2020-10-13 12:50,2023-04-06 17:52,2021-02-25 12:54,2021-02-25 12:40,Negócio perdido,192268.08,,,,192268.08,192268.08,0.0,0.0,Nós Declinamos,,EMBRAMACO,Embramaco,Materiais de construção,Proposta,Embramaco - Consulting
3086522280,2020-10-08 14:56,2023-05-10 17:00,2020-10-08 15:26,2021-01-12 14:34,Negócio perdido,20964.0,,,,20964.0,20964.0,0.0,0.0,Não era decisor,,EUROFARMA,Eurofarma,Farmacêutica ,Cliente,Eurofarma - Programática
2980707361,2020-09-23 11:44,2023-04-06 17:52,2020-09-28 14:09,2020-09-25 18:10,Cliente,8459.15,,,,8459.15,8459.15,8459.15,8459.15,,,THYSSENKRUPP SPRINGS,thyssenkrupp Springs & Stabilizers,Mineração e metais,Cliente,thyssenkrupp Springs & Stabilizers
2459718282,2020-07-21 14:17,2023-03-09 14:37,2021-01-28 17:00,2022-09-21 17:53,Negócio perdido,993341.96,,,,993341.96,993341.96,0.0,0.0,Desinteresse/Declinou; Sumiu,,UNIVERSIDADE DE,Universidade de São Paulo,Ensino superior,Negocios_Criados,Universidade de São Paulo - Novo negócio
14196370523,2023-07-17 15:22,2023-07-17 15:22,2023-07-17 15:22,,Agendamentos (MQL),,,,,,,,,,,,Negócio Dentsply Sirona - Paula,,Agendamentos,Negócio Dentsply Sirona - Paula
14058826584,2023-07-11 10:36,2023-07-11 10:38,2023-07-11 10:36,,Agendamentos (MQL),,,,,,,,,,,, Kärcher,Maquinário ,Agendamentos,Negócio Kärcher - Davi
14046310302,2023-07-10 14:59,2023-07-19 14:56,2023-07-13 09:30,,Agendamentos Aceitos (SAL),,,,,,,,,,,,MRV&Co,,Agendamento_Aceito,MRV&Co
14044264861,2023-07-10 11:28,2023-07-10 15:01,2023-07-10 11:28,2023-07-10 15:01,Negócio perdido,,,,,,,,,Timing,,,Negócio Bombril - Gustavo,,Agendamentos,Negócio Bombril - Gustavo
13971262043,2023-07-03 00:00,2023-07-21 09:50,2023-07-20 18:59,,Proposta Enviada (SQL),300000.0,,,,300000.0,300000.0,150000.0,150000.0,,,,Dalben,Varejo ,Agendamento_Aceito,Dalben
13834896405,2023-06-23 15:11,2023-06-30 10:06,2023-06-27 11:23,,Agendamentos Aceitos (SAL),,,,,,,,,,,,Condor Super Center,,Agendamento_Aceito,Condor Super Center
13128409450,2023-04-24 22:39,2023-07-19 11:11,2023-04-28 08:01,,Negócio perdido,,,,,,,,,Nós Declinamos; Financeiro,,,Banco Carrefour,,Agendamento_Aceito,Banco Carrefour
12972876903,2023-04-13 16:08,2023-07-17 22:58,2023-05-29 09:24,,Agendamentos (MQL),,,,,,,,,,,,Negócio Jacto - Arêta,,Agendamentos,Negócio Jacto - Arêta
12972551455,2023-04-13 14:25,2023-05-30 17:58,2023-04-13 14:25,,Agendamentos (MQL),,,,,,,,,,,, Grupo Bertolini,Mobília ,Agendamentos,Negócio Grupo Bertolini - Diego
13265384065,2023-04-08 00:00,2023-05-30 23:37,2023-05-29 13:30,,Contrato Enviado,200000.0,,,,200000.0,200000.0,190000.0,190000.0,,,,IAS,Segurança e investigações ,Proposta,IAS
13514421933,2023-02-28 00:00,2023-07-16 23:55,2023-05-29 16:30,,Contrato Enviado,921850.0,,,,921850.0,921850.0,875757.5,875757.5,,,,Citrosuco Renovação ,Alimentos e bebidas ,Negocios_Criados,Citrosuco Renovação 
12330851164,2023-02-27 14:43,2023-03-09 14:36,2023-03-06 10:30,,Agendamentos (MQL),,,,,,,,,,,,Negócio ITX Gamer - Ana Lu,,Agendamentos,Negócio ITX Gamer - Ana Lu
12086241635,2023-02-09 12:17,2023-05-30 17:58,2023-04-13 14:28,,Agendamentos (MQL),,,,,,,,,,,, Vibra,Logística e cadeia de suprimento ,Agendamento_Aceito,Negócio Vibra - Sergio
12053554105,2023-02-07 16:22,2023-05-30 17:58,2023-02-13 09:31,,Agendamentos (MQL),,,,,,,,,,,, Amaggi,Agricultura ,Agendamentos,Negócio Amaggi - Renê
12053254730,2023-02-07 16:21,2023-05-30 17:58,2023-02-07 16:21,,Agendamentos (MQL),,,,,,,,,,,, Amaggi,Agricultura ,Agendamentos,Negócio Amaggi - Erika
11995742584,2023-02-02 18:59,2023-05-30 17:58,2023-02-02 18:59,,Agendamentos (MQL),,,,,,,,,,,,Negócio JLL - Helder,,Agendamentos,Negócio JLL - Helder
11995618419,2023-02-02 18:51,2023-05-30 17:58,2023-02-02 18:51,,Agendamentos (MQL),,,,,,,,,,,, RANDON S.A.,Automotivo ,Agendamentos,Negócio RANDON S.A. - Sheila
11995548005,2023-02-02 18:46,2023-05-30 17:58,2023-02-02 18:46,,Agendamentos (MQL),,,,,,,,,,,, Ottobock,"Saúde, bem-estar e fitness ",Agendamentos,Negócio Ottobock - Rebeca
11961457848,2023-02-01 09:02,2023-06-01 16:54,2023-05-09 10:17,2023-02-28 09:01,Negócio perdido,,,,,,,,,Timing; Nós Declinamos,,,Imply Rental,,Proposta,Imply Rental
13515773783,2023-01-30 00:00,2023-07-16 23:56,2023-05-30 23:43,,Negociação,275000.0,,,,275000.0,275000.0,192500.0,192500.0,,,,MRS,Transporte/caminhões/ferrovias ,Negocios_Criados,MRS
11765199794,2023-01-19 13:45,2023-07-19 14:45,2023-03-02 11:36,,Negócio perdido,,,,,,,,,Timing; Maturação,,,BRF Pet,,Diagnostico,BRF Pet
12100865450,2023-01-08 00:00,2023-05-17 16:00,2023-02-03 10:00,2023-04-03 10:13,Cliente,236280.0,,,,236280.0,236280.0,236280.0,236280.0,,,,Cocamar Ecomm,,Cliente,Cocamar Ecomm
11370793629,2022-12-15 15:45,2023-03-29 18:44,2023-03-29 18:44,2022-12-31 15:45,Agendamentos Aceitos (SAL),,,,,,,,,,,,Eurochem (Retorno),,Agendamento_Aceito,Eurochem (Retorno)
11222170137,2022-12-05 08:56,2023-07-13 19:39,2022-12-05 09:43,2022-12-31 08:56,Negócio perdido,,,,,,,,,Timing; Nós Declinamos,,,Pottencial Seguradora,,Agendamento_Aceito,Pottencial Seguradora
10984262837,2022-11-17 15:09,2023-05-30 17:58,2023-04-20 09:41,,Agendamentos (MQL),,,,,,,,,,,, Lord Brasil,Engenharia mecânica ou industrial ,Agendamentos,Negócio Lord Brasil - Maria
10615291916,2022-10-19 09:15,2023-05-30 17:58,2022-10-19 09:15,,Agendamentos (MQL),,,,,,,,,,,,Negócio KWS Group - Bianca,,Agendamentos,Negócio KWS Group - Bianca
10554387775,2022-10-13 15:27,2023-03-21 10:04,2023-03-21 10:00,,Diagnóstico,,,,,,,,,,,,Loja Cocamar,,Diagnostico,Loja Cocamar
10423344008,2022-10-03 10:27,2023-06-06 13:13,2022-11-21 14:09,,Negócio perdido,,,,,,,,,Saiu da Empresa; Desinteresse/Declinou,,,EMS,,Diagnostico,EMS
10279522896,2022-09-22 17:07,2023-07-19 15:25,2023-02-13 08:00,2022-10-26 16:16,Negócio perdido,,,,,,,,,Maturação,,,3M ,,Diagnostico,3M 
10288664398,2022-09-16 11:47,2023-03-13 15:12,2022-10-31 12:16,2022-11-11 11:34,Cliente,463387.59,,,,463387.59,463387.59,463387.59,463387.59,,,,Evera by Citrosuco,,Cliente,Evera by Citrosuco
10194908756,2022-09-15 11:54,2023-07-19 15:28,2022-09-29 20:33,2023-01-20 16:27,Negócio perdido,,,,,,,,,Não é ICP,,,CBC,Armazenamento ,Agendamento_Aceito,CBC
10070324108,2022-09-05 13:47,2023-05-30 17:58,2022-09-13 15:24,,Agendamentos (MQL),,,,,,,,,,,,Negócio Eletrobras - Renata,,Agendamentos,Negócio Eletrobras - Renata
10070151285,2022-09-05 13:45,2023-07-19 14:59,2022-10-07 09:00,,Negócio perdido,,,,,,,,,Financeiro; Maturação,,,Rede Sim de Postos,Varejo ,Agendamento_Aceito,Rede Sim de Postos
9943275788,2022-08-26 11:53,2023-05-30 17:58,2022-09-27 16:00,,Agendamentos (MQL),,,,,,,,,,,,Arlan,Produtos químicos ,Agendamentos,Arlan
9850189662,2022-08-17 15:15,2023-07-17 23:00,2023-05-04 14:01,,Negócio perdido,,,,,,,,,Maturação,,,Lupo,,Agendamentos,Lupo
9781871227,2022-08-10 15:12,2023-06-28 14:35,2022-10-06 14:41,2023-03-21 11:54,Cliente,390961.92,,,,390961.92,390961.92,390961.92,390961.92,,,,Hospital Sírio-Libanês,,Cliente,Hospital Sírio-Libanês
9534720436,2022-07-19 14:08,2023-07-20 11:33,2023-05-10 17:21,,Negócio perdido,,,,,,,,,Maturação; Desinteresse/Declinou; Timing,,,Chopp Brahma Express,,Proposta,Chopp Brahma Express
9403380807,2022-07-05 16:11,2023-07-20 11:54,2023-05-15 10:42,,Negócio perdido,,,,,,,,,Maturação; Timing; Desinteresse/Declinou,,,BRB,Bancário ,Diagnostico,BRB - Banco de Brasília
9367902616,2022-07-01 17:45,2023-03-13 15:17,2022-09-13 09:29,2022-07-01 17:48,Cliente,10145.28,,,,10145.28,10145.28,10145.28,10145.28,,,,Digio Upsell III,,Agendamentos,Digio Upsell III
9152980401,2022-06-10 10:06,2023-04-03 09:31,2022-08-09 16:15,,Negócio perdido,,,,,,,,,Não é ICP,,,Oracle | GA4,,Agendamento_Aceito,Oracle | GA4
8988575343,2022-05-23 16:10,2023-05-30 17:58,2022-06-01 17:07,,Negócio perdido,,,,,,,,,Timing; Maturação,,,Gillette Venus,,Agendamento_Aceito,Gillette Venus
8725975888,2022-04-26 18:16,2023-03-09 14:36,2022-05-11 08:28,2022-05-10 16:55,Negócio perdido,,,,,,,,,Não é ICP,,,Tintas Eucatex II,,Diagnostico,Tintas Eucatex II
8525141673,2022-04-05 15:00,2023-07-19 15:21,2022-05-24 15:25,2022-05-31 15:57,Negócio perdido,,,,,,,,,Não é ICP,,,Rocha,Agricultura ,Agendamento_Aceito,Rocha Terminais Portuários e Logística
8510171833,2022-04-04 13:44,2023-06-21 13:27,2022-07-07 11:53,2023-01-20 16:27,Negócio perdido,,,,,,,,,Desinteresse/Declinou; Sumiu,,,Calçados Bibi,Vestuário e moda ,Diagnostico,Calçados Bibi
8509054492,2022-04-04 12:30,2023-07-19 15:40,2023-04-19 08:27,,Negócio perdido,,,,,,,,,Saiu da Empresa; Timing; Desinteresse/Declinou,,,Leão ,,Proposta,Leão 
8176775086,2022-03-09 13:43,2023-03-13 15:17,2022-09-13 09:29,2022-06-07 10:41,Cliente,30557.45,,,,30557.45,30557.45,30557.45,30557.45,,,,Digio II - Upsell (GA + LP + GD),,Negocios_Criados,Digio II - Upsell (GA + LP + GD)
8168985964,2022-03-08 18:13,2023-03-09 14:37,2022-04-13 14:33,2022-05-17 16:20,Negócio perdido,,,,,,,,,Timing; Desinteresse/Declinou,,,Tilibra / ACCO Brands ,Não Achei,Diagnostico,Tilibra / ACCO Brands 
8025843616,2022-02-25 16:16,2023-05-03 22:26,2022-03-04 19:29,2022-03-04 17:07,Negócio perdido,,,,,,,,,Financeiro,,,MRS II,,Proposta,MRS II
7922933409,2022-02-16 09:49,2023-07-19 14:54,2022-05-17 10:06,2022-06-13 08:43,Negócio perdido,,,,,,,,,Financeiro; Timing,,,Jussara,,Proposta,Jussara
7807798195,2022-02-03 13:53,2023-07-19 15:23,2022-02-11 15:00,2022-04-20 12:17,Negócio perdido,,,,,,,,,Maturação,,,Otis Elevadores,Maquinário ,Agendamento_Aceito,Otis Elevadores
7751338290,2022-01-28 10:32,2023-03-09 14:36,2022-03-21 12:07,2022-03-02 14:41,Negócio perdido,1013610.24,,,,1013610.24,1013610.24,0.0,0.0,Financeiro,,,Comitê Internacional da Cruz Vermelha,Organização cívica e social ,Agendamentos,Comitê Internacional da Cruz Vermelha
7276813832,2021-12-17 15:16,2023-04-27 19:11,2021-12-17 15:16,2022-04-20 12:15,Negócio perdido,,,,,,,,,Maturação; Timing,,,Banco Safra,Bancário ,Agendamento_Aceito,Banco Safra
6912322909,2021-11-12 20:22,2023-03-30 18:47,2022-01-13 12:16,2022-04-20 12:15,Negócio perdido,,,,,,,,,Não é ICP; Nós Declinamos,,,Assaí ,Atacado ,Agendamento_Aceito,Assaí 
6686826805,2021-10-18 20:14,2023-07-20 11:38,2021-11-29 19:27,2021-12-01 18:22,Negócio perdido,,,,,,,,,Timing,,,Kroton,Educação superior ,Agendamento_Aceito,Kroton
5691587426,2021-07-15 10:49,2023-03-09 14:36,2021-09-28 21:25,2022-02-15 15:10,Negócio perdido,,,,,,,,,Sumiu,,,Nidera,Agricultura ,Diagnostico,Nidera
5596910186,2021-07-02 19:04,2023-05-30 16:22,2021-10-05 08:00,,Negócio perdido,,,,,,,,,Sumiu,,,Trasmontano Saúde,,Agendamento_Aceito,Trasmontano Saúde
5575860547,2021-06-30 16:17,2023-03-13 15:12,2022-12-06 19:33,2021-09-15 10:04,Negócio perdido,98680.0,,,,98680.0,98680.0,0.0,0.0,Sumiu; Timing; Desinteresse/Declinou,,,Omron,,Proposta,Omron
5383807092,2021-06-01 17:08,2023-04-27 19:12,2021-09-28 21:27,2021-09-28 21:28,Negócio perdido,,,,,,,,,Timing,,,Grupo NotreDame Intermédica,"Saúde, bem-estar e fitness ",Diagnostico,Grupo NotreDame Intermédica
4877547103,2021-03-30 12:50,2023-04-06 17:52,2021-04-12 18:38,2021-04-12 18:39,Negócio perdido,,,,,,,,,Desinteresse/Declinou,,,Bradesco,Bancário ,Agendamento_Aceito,Bradesco
4697563018,2021-03-17 12:39,2023-03-09 14:36,2021-03-17 14:09,2021-08-23 14:50,Negócio perdido,67200.0,,,,67200.0,67200.0,0.0,0.0,Sumiu,,,UOL Ads (40% Inside Sales),Tecnologia da informação e serviços ,Proposta,UOL Ads (40% Inside Sales)
4610927467,2021-03-10 19:00,2023-07-20 11:48,2021-05-12 17:11,2021-04-29 11:46,Negócio perdido,,,,,,,,,Não é ICP,,,Caterpillar Inc.,Maquinário ,Diagnostico,Caterpillar Inc.
4435660878,2021-03-01 19:25,2023-07-20 11:44,2021-04-15 16:44,2021-04-16 13:09,Negócio perdido,,,,,,,,,Sumiu,,,GTFoods,Alimentos e bebidas ,Diagnostico,GTFoods
4171694807,2021-02-17 16:51,2023-04-06 17:52,2021-04-16 13:20,2021-04-16 13:09,Negócio perdido,,,,,,,,,Desinteresse/Declinou,,,Bistek,Varejo ,Agendamento_Aceito,Bistek
4078663637,2021-02-03 08:44,2023-06-14 15:50,2021-04-27 19:10,2021-04-28 10:02,Negócio perdido,,,,,,,,,Desinteresse/Declinou,,,Myralis Pharma,Farmacêutica ,Agendamento_Aceito,Myralis Pharma
4076605269,2021-02-02 19:59,2023-06-14 15:49,2021-07-23 12:42,2021-05-27 17:08,Cliente,1704000.0,,,,1704000.0,1704000.0,1704000.0,1704000.0,,,,Apsen,Farmacêutica ,Cliente,Apsen - Concorrência Digital
4059518702,2021-01-29 19:40,2023-07-19 15:43,2021-10-29 19:12,2021-06-09 22:01,Negócio perdido,101000.0,,,,101000.0,101000.0,0.0,0.0,Sumiu,,,Esmaltec Eletrodomésticos,Eletrônicos de consumo ,Proposta,Esmaltec Eletrodomésticos
4026644143,2021-01-22 11:05,2023-06-29 12:40,2023-06-29 12:39,2021-05-06 15:45,Cliente,296715.06,,,,296715.06,296715.06,296715.06,296715.06,,,,Bunge Profissional,Alimentos e bebidas ,Cliente,Bunge Profissional - Bid (75% FM)
3565923730,2020-12-04 19:18,2023-04-06 17:52,2021-02-10 22:49,2021-03-18 21:52,Negócio perdido,,,,,,,,,Maturação,,,Raízen (Shell Box),Petróleo e energia ,Diagnostico,Raízen (Shell Box)
3530577142,2020-11-26 17:27,2023-04-06 17:52,2022-04-26 15:09,2021-04-23 12:44,Negócio perdido,240000.0,,,,240000.0,240000.0,0.0,0.0,Desinteresse/Declinou,,,Tintas Eucatex,Materiais de construção ,Proposta,Tintas Eucatex
3488625670,2020-11-23 21:30,2023-04-06 17:52,2021-05-11 11:37,2021-03-18 21:51,Negócio perdido,147831.87,,,,147831.87,147831.87,0.0,0.0,Desinteresse/Declinou,,,Cargill Food Service,Alimentos e bebidas ,Proposta,Cargill Food Service - Site Desenvolvimento
3084963555,2020-10-08 13:42,2023-04-06 17:52,2022-01-10 11:36,2021-03-16 17:47,Negócio perdido,120000.0,,,,120000.0,120000.0,0.0,0.0,Sumiu,,,Cargill Genuine,Alimentos e bebidas ,Proposta,Cargill Genuine - Full Service
3037214969,2020-10-01 18:27,2023-04-06 17:52,2021-07-07 09:49,2021-02-03 18:02,Cliente,287280.0,,,,287280.0,287280.0,287280.0,287280.0,,,,Assurant BemMais Seguro,Seguro ,Cliente,Assurant BemMais Seguro - Full Service
2967535660,2020-09-21 12:03,2023-04-06 17:52,2021-05-11 11:37,2020-12-08 09:56,Negócio perdido,171242.75,,,,171242.75,171242.75,0.0,0.0,Desinteresse/Declinou,,,Cargill Food Service,Alimentos e bebidas ,Proposta,Cargill Food Service - Mídias Sociais e Site
