"Record ID","Nome da empresa","Proprietário da empresa","Data de criação","Número de telefone","Data da última atividade","Cidade","País/Região","Setor","Valor da venda recente","Valor total dos negócios abertos"
"10403719745","be_air","Leonardo Marinzek","2022-12-20 11:53","","2023-01-13 09:49","","Antigua and Barbuda","","",""
"10371305541","Buckman","","2022-12-16 10:15","9012780330","2022-12-16 11:35","Memphis","United States","Produtos químicos","",""
"10355355419","LOTS GROUP","","2022-12-14 17:29"," +46 8 553 500 00","2023-02-03 19:17","Stockholm","Sweden","Transporte/caminhões/ferrovias","",""
"10300769881","aesaccounting.net","","2022-12-09 18:24","","2022-12-12 08:54","","","","",""
"10217698076","Malizia Cidadania","","2022-12-01 09:30"," +1 212-714-0177","2022-12-01 09:50","New York","United States","","",""
"10215219735","Mariasemvergonha","","2022-12-01 00:22","","2022-12-01 09:44","","Brazil","","",""
"10210044590","ZOOBA LIVE MKT","","2022-11-30 12:53","","2022-12-07 10:03","","Brazil","","",""
"10202350229","Fintechmagalu","","2022-11-29 15:48","","2022-12-06 10:28","","Brazil","","",""
"10190411308","Viesgestaoagro","","2022-11-28 10:47","","2022-11-28 12:46","","","","",""
"10155565331","nãotem.com.br","","2022-11-22 10:23","","","","","","",""
"10154450749","Tech Mahindra Limited","","2022-11-22 08:40","","","Pune","India","","",""
"10154503995","psbetim.com.br","","2022-11-22 08:40","","","","","","",""
"10141560879","Sihmma Tecnologia","","2022-11-21 10:13","","2022-11-23 17:57","","Brazil","","",""
"10132093225","DNA de Vendas","","2022-11-19 08:21"," +55 11 2384-1502","2022-11-21 08:34","São Paulo","Brazil","Treinamento profissional e coaching","",""
"10123943806","Agrotoken","","2022-11-18 11:52","","2023-01-11 11:00","Buenos Aires","Argentina","","",""
"10113469752","diamondoffice.com.br","","2022-11-17 15:09","","2023-04-10 13:11","","Brazil","","",""
"10104707726","Industrias Colombo","","2022-11-17 09:29"," +55 17 3572-9000","2022-11-17 09:29","ADEL","Brazil","","",""
"10069835094","weme","","2022-11-14 12:07"," +55 19 3045-8300","2022-11-15 12:22","São Paulo","Brazil","Projeto","",""
"10056198801","MultiruralSC","","2022-11-11 16:06","","2022-11-14 09:35","","","","",""
"10054551333","Kalmar Global","","2022-11-11 11:52","","2022-11-28 17:47","Helsingfors","","Maquinário","",""
"10054301459","Agroceres","","2022-11-11 11:07","","","","Brazil","","",""
"10054112432","Yanmar","","2022-11-11 11:07","","","Osaka","Japan","Maquinário","",""
"10054356244","Massey Ferguson","","2022-11-11 11:07","","","Kenilworth","United Kingdom","","",""
"10054117453","Araguaia","Julia Borges","2022-11-11 11:07","","","","Brazil","","",""
"10054366622","Betfair","","2022-11-11 11:07","442088348000","","London","United Kingdom","Software de computador","",""
"10048403748","Sportingbet","","2022-11-10 17:03"," +44 20 7184 1800","","London","United Kingdom","Jogos de azar e cassinos","",""
"10047558004","Betfair","","2022-11-10 16:59","","","","Brazil","","",""
"10043557900","Eaiburguer","","2022-11-10 09:34","","","","Brazil","","",""
"10028629872","Concremat","","2022-11-08 13:33"," +55 71 3351-0795","2023-04-03 10:00","Rio De Janeiro","Brazil","Engenharia civil","",""
"10028787229","Zurich-Santander","","2022-11-08 13:33","","","","","","",""
"10028764781","MAHLE GmbH","","2022-11-08 13:33","","2023-01-11 14:44","Stuttgart","","Automotivo","",""
"10028683787","AXA","","2022-11-08 13:33"," +1 212-554-1234","","New York","United States","Seguro","",""
"10021912901","Cazamba","","2022-11-07 17:45","","2022-11-07 18:22","","","","",""
"10019917170","Csptech","","2022-11-07 15:18","","","","","","",""
"9976752702","Vivas Idiomas","","2022-11-04 11:29","","2022-11-04 14:05","","Brazil","","",""
"9950325889","bebidaspoty.com","","2022-11-01 16:18","","2022-11-24 09:39","","","","",""
"9940443250","Diva´s roupas e acessorias","","2022-10-31 17:45","","","","","","",""
"9936528172","Cirúrgica Mafra","","2022-10-31 08:13","","","","Brazil","Farmacêutica","",""
"9916911899","CNH Industrial","","2022-10-27 12:33","","","London","United Kingdom","","",""
"9912452775","Rojemac","Israel Tischler","2022-10-26 22:39","","2022-10-27 09:27","São Paulo","Brazil","","",""
"9906384195","Dinâmica Consultoria","","2022-10-26 12:24","","","Maringá","Brazil","Engenharia mecânica ou industrial","",""
"9905197835","L'Oréal","","2022-10-26 08:40","","","Montréal","","Bens de consumo","",""
"9863875637","Omny","","2022-10-21 12:10","","","","","","",""
"9842816142","monday.com","","2022-10-19 06:39","","2022-10-27 11:35","Bnei Brak","Israel","","",""
"9838211621","PagBank","Valéria Silva","2022-10-18 18:33","","","São Paulo","Brazil","","",""
"9835708439","InterConnect Brasil","","2022-10-18 13:58","","","São Paulo","Brazil","","",""
"9811547441","Wiley","","2022-10-14 11:48"," +1 201-748-6000","2022-10-20 10:19","Hoboken","United States","Publicação","",""
"9811306285","F.C. Internazionale Milano","","2022-10-14 11:03"," +39 02 2630 3235","","Milano","Italy","","",""
"9810741131","hapiseeds.com","","2022-10-14 10:34","","","","","","",""
"9801786166","Provitima","","2022-10-13 11:56","","","","","","",""
"9794842923","Nosso Meio","","2022-10-12 21:52","","2022-10-13 09:24","Curitiba","Brazil","","",""
"9755371116","Groubusiness","","2022-10-06 20:53","","2022-10-07 22:16","Itagüí","Colombia","","",""
"9745583894","Cervejaria Cidade Imperial","Gustavo Paulista","2022-10-05 17:42","55 24 2220 4800","2023-06-15 10:29","Petrópolis","Brazil","","",""
"9738679148","Crediario alves","","2022-10-05 08:19","","","","","","",""
"9729473111","Drogaria Fármaco Drogas","","2022-10-04 10:51","","","","","","",""
"9729012995","TMF Fertilizantes","","2022-10-04 08:51","","2022-10-19 11:07","","Brazil","","",""
"9702585219","Medquímica","","2022-09-30 10:38","55 32 3224 4087","","Juiz De Fora","Brazil","Farmacêutica","",""
"9702574745","legrandonline.com.br","","2022-09-30 10:38","","","Campinas","Brazil","Farmacêutica","",""
"9702240790","Laboratorio Neo Quimica","","2022-09-30 10:38","55 11 3627 4242","","Anápolis","Brazil","Farmacêutica","",""
"9694422371","New Holland","Leonardo Marinzek","2022-09-29 15:53","","2023-03-16 09:34","Turin","Italy","Maquinário","",""
"9694352821","Pacifil","","2022-09-29 15:38","","2023-02-28 12:42","","Brazil","","",""
"9686854932","SPRAY-TEC","","2022-09-28 17:18","","2022-11-22 14:00","Shelbyville","Brazil","","",""
"9685302050","Reckitt Benckiser Group","","2022-09-28 14:50","","","Slough","United Kingdom","","",""
"9674714026","Dafra Motos","","2022-09-27 09:59","","","Manaus","Brazil","Automotivo","",""
"9674170023","Grupo Globo","Pedro Alvim","2022-09-27 09:59","55 21 2540 2000","","Rio De Janeiro","Brazil","","",""
"9674617091","Subway","","2022-09-27 09:59","","","Goi?nia","Brazil","Restaurantes","",""
"9674187190","jaguar land rover","","2022-09-27 09:59","","","Coventry","","Automotivo","",""
"9647873048","Marispan Implementos Agricolas","","2022-09-22 17:12"," +551140039011","","","Brazil","Maquinário","",""
"9629585589","Levita","","2022-09-20 14:50","","","","","","",""
"9628233002","Vocedm","","2022-09-20 13:22","","","","Brazil","","",""
"9610684512","Nomo","","2022-09-16 20:01","","2022-09-19 09:01","","Brazil","","",""
"9608082579","Eleve Life","","2022-09-16 10:59","","","","Brazil","","",""
"9601147460","Lidershopping","","2022-09-15 09:58","","2022-09-28 12:05","","","","",""
"9598224252","Gethash","","2022-09-14 21:50","","2022-09-15 09:19","","","","",""
"9582737163","Concessionária Rota das Bandeiras SA","","2022-09-13 12:22","","","Itatiba","Brazil","","",""
"9582690648","Humanitarian Calçados","","2022-09-13 12:22","","","Bragança Paulista","Brazil","Varejo","",""
"9577709393","Kuaishou","Leonardo Marinzek","2022-09-12 15:37","","2022-10-11 10:47","Beijing","China","Software de computador","",""
"9574293344","Aegea","","2022-09-12 11:36"," +55 11 3818-8150","","São Paulo","Brazil","","",""
"9574113871","Banco Toyota","Leonardo Marinzek","2022-09-12 11:36","55 11 5504 2000","2022-10-10 10:24","São Paulo","Brazil","Bancário","",""
"9573622191","AVIVAR IncentiveWorks S.A.","","2022-09-12 10:08","","","Lisboa","Portugal","Marketing e publicidade","",""
"9573609497","Câmara de Comércio Brasil-Canadá","","2022-09-12 09:49","55 11 4058-0400","2022-11-01 15:39","São Paulo","Brazil","","",""
"9552921362","Stoneham Golf Club","","2022-09-08 13:36","","2022-09-11 16:10","Southampton","Australia","","",""
"9515240252","Pointer","","2022-09-02 17:14","","2022-09-20 08:18","Marechal Deodoro","Brazil","Construção","",""
"9512756241","BluePex","","2022-09-02 11:36","0800 771 71 72","2022-09-02 11:47","Limeira","Brazil","Tecnologia da informação e serviços","",""
"9505065062","Via Lacteos Transportes","Lucas Galante","2022-09-01 10:56","","2022-09-22 09:00","","Brazil","","",""
"9500209068","Ficar de Bem","","2022-08-31 15:25","","2022-09-01 11:12","","Brazil","","",""
"9500168272","Lactalis Nestle","","2022-08-31 15:09","7168236262","2022-09-15 09:17","Redhill","United Kingdom","","",""
"9446248504","Ballagro Agro Tecnologia","","2022-08-24 13:45","","","","Brazil","","",""
"9445046593","Snap Inc.","","2022-08-24 12:05"," +1 310-399-3339","","Santa Monica","United States","Software de computador","",""
"9444412770","Kwai","","2022-08-24 12:05","","","Beijing","China","","",""
"9445063478","Alibaba Group","","2022-08-24 12:05","","","Hangzhou Shi","China","","",""
"9445046592","nestle","","2022-08-24 12:05","","","Vevey","","Alimentos e bebidas","",""
"9437974296","B.done","","2022-08-23 15:26","","2023-04-11 15:00","","Brazil","","",""
"9431177533","Robert Walters","Leonardo Marinzek","2022-08-22 18:04","","2022-09-27 16:00","London","United Kingdom","Pessoal e recrutamento","",""
"9428251254","We Pink","Lucas Galante","2022-08-22 11:41","","2022-08-23 14:47","","Brazil","","",""
"9417650856","3M Company","","2022-08-19 11:58"," +1 651-733-1474","2022-10-14 11:14","Saint Paul","United States","Produtos químicos","",""
"9417284761","Remessa Online","","2022-08-19 10:34"," +55 11 4280-4659","2022-08-19 15:26","São Paulo","Brazil","","",""
"9409881911","McDonald's Brazil","","2022-08-18 14:59","","","Brasilia","Brazil","Alimentos e bebidas","",""
"9406209349","CHA Social","","2022-08-18 08:23"," +55 11 98795-5200","2022-08-18 08:40","","Brazil","","",""
"9368136842","Prime Cursos","Thiago Gui Pereira","2022-08-12 11:59","(47) 3037-4150","2022-08-15 13:16","Blumenau","Brazil","Software de computador","",""
"9367421215","BlaBlaCar","","2022-08-12 09:56"," +33 1 80 96 02 33","","Paris","France","Software de computador","",""
"9367314728","Audi do Brasil","Julia Borges","2022-08-12 09:12","","","Sao Paulo","Brazil","Automotivo","",""
"9351306285","Itaponews","","2022-08-09 22:48","","2022-08-10 10:50","","Brazil","","",""
"9345342759","Americanas","Valéria Silva","2022-08-09 10:34","","","Rio De Janeiro","Brazil","","",""
"9338457714","plantprospect.com.br","","2022-08-08 13:46","","","","","","",""
"9336140179","Rzkdigital","","2022-08-08 07:12","","","","","","",""
"9321695128","Arco Educação","","2022-08-05 08:43"," +55 1 130472655","","Sao Paulo","Brazil","","",""
"9321644300","Kärcher Brasil","","2022-08-05 08:43"," +55 (81) 3228-5178","","Recife","Brazil","","",""
"9321655330","Superiorgruposeb","","2022-08-05 08:43","","","","Brazil","","",""
"9321534750","Kuhnbrasil","","2022-08-05 08:31","","","","Brazil","","",""
"9319646110","MEU TUDO","","2022-08-05 04:42"," +5511995468686","","Ceará","Brazil","","",""
"9290143544","potenciaagricola.com","","2022-08-02 11:33","","2022-08-03 09:00","","","","",""
"9288738443","Andrade Gutierrez","","2022-08-02 09:45"," +55 11 5502-2003","","Belo Horizonte","Brazil","Construção","",""
"9288315033","ioasys","","2022-08-02 09:45"," +55 31 4141-5148","","Belo Horizonte","Brazil","Software de computador","",""
"9288332111","mmartan","","2022-08-02 09:45"," +55 11 3060-9022","","Vinhedo","Brazil","","",""
"9283610455","Zubale","","2022-08-01 21:10","","","San Francisco","United States","","",""
"9283797771","Vidalink do Brasil SA","","2022-08-01 21:10","","","São Caetano Do Sul","Brazil","Saúde, bem-estar e fitness","",""
"9283701144","Rei do Pitaco","","2022-08-01 21:10","","","São Paulo","Brazil","","",""
"9283581851","KION Group","","2022-08-01 21:10","","","Wiesbaden","","","",""
"9283782450","5Asecbrasil","","2022-08-01 21:10","","","","Brazil","","",""
"9283790983","Cushman & Wakefield","","2022-08-01 21:10"," +1 212-841-7500","","Chicago","United States","","",""
"9283825727","Willis Towers Watson","","2022-08-01 21:10","","","London","","","",""
"9283697522","2W Energia","","2022-08-01 21:10"," +55 11 3957-9400","","","Brazil","","",""
"9283790982","safbfr.com.br","","2022-08-01 21:10","","2022-08-26 09:21","","","","",""
"9258496432","Marluvas Calçados Profissionais","","2022-07-28 16:33","","","Dores de Campos","Brazil","Comércio internacional e desenvolvimento","",""
"9256069205","BBC Digital","","2022-07-28 11:54","","","","Brazil","","",""
"9256033185","Betway Group","","2022-07-28 11:54","","","London","United Kingdom","","",""
"9247895589","dcastro.adv.br","","2022-07-27 10:53","","2022-07-27 15:59","","","","",""
"9243221594","Kawasaki Motores do Brasil","","2022-07-26 21:31","","","Manaus","Brazil","Automotivo","",""
"9243248485","Bajaj","","2022-07-26 21:31"," +1 877 638 4878","","St. Albert","Canada","","",""
"9243170157","Estrella Galicia Brasil","","2022-07-26 21:31"," +55 11 2368-5876","2022-08-03 12:56","","Brazil","Alimentos e bebidas","",""
"9231142470","Cencosud","","2022-07-25 13:44","","2023-06-02 14:44","","Brazil","","",""
"9206950984","Enel X","Pedro Alvim","2022-07-22 13:48","","2023-05-10 15:28","Andover","United States","Serviços de utilidade pública","",""
"9208721252","Santillana","","2022-07-22 13:48","","","","Brazil","Redação e edição","",""
"9207436656","granconcursosonline.com.br","","2022-07-22 13:48","","","","","","",""
"9203469996","Lockton","","2022-07-22 11:14"," +1 816-960-9703","","Kansas City","United States","Seguro","",""
"9203330861","Paypal","","2022-07-22 11:14"," +1 408-967-1000","","San Jose","United States","Serviços financeiros","",""
"9203456144","Voiter","","2022-07-22 11:14","","","","Brazil","","",""
"9176499878","Angeloni","","2022-07-20 11:41","","2022-07-20 11:41","Gaston","United States","","",""
"9166267990","Grupo Baston Aerossol","","2022-07-19 13:42"," +55 42 3252-1705","","Palmeira","Brazil","Produtos químicos","",""
"9166433193","Intelli","","2022-07-19 13:42","","","","Brazil","","",""
"9166327987","Igus","","2022-07-19 13:42"," +55 11 3531-4487","","","Brazil","Automação industrial","",""
"9165727066","Tecnoset","","2022-07-19 13:42","","","São Paulo","Brazil","Tecnologia da informação e serviços","",""
"9166267989","CCAA","","2022-07-19 13:42","","","Ipanema","Brazil","Gerenciamento educacional","",""
"9166234888","Royal Palm Hotels & Resorts","","2022-07-19 13:42","","","Campinas","Brazil","","",""
"9166320187","Quadra Realty","","2022-07-19 13:34","","","","Brazil","","",""
"9165394500","Zecompany","","2022-07-19 11:32","","2022-09-12 11:04","","Denmark","","",""
"9139378600","Ourofino Agrociência","","2022-07-15 11:11","55 34 3326 2000","","São Paulo","Brazil","","",""
"9138066536","Reservasvotorantim","","2022-07-15 09:29","","2023-03-09 16:01","","","","",""
"9135527498","WAP","Lucas Galante","2022-07-15 00:43","55 41 3513 9600","2022-07-22 14:27","São José Dos Pinhais","Brazil","Bens de consumo","",""
"9136384400","Agrofy S.A.","","2022-07-15 00:43"," +5511993780443","2022-07-22 15:04","ACQ","Argentina","","",""
"9136378795","Armazem do Grão","","2022-07-15 00:43"," +55 (24) 2237-3078","2022-07-26 16:09","Petrópolis","Brazil","","",""
"9136369957","FCA Latam","Leonardo Marinzek","2022-07-15 00:43","","","Hoofddorp","Netherlands","","",""
"9136321042","QI Escolas e Faculdades","","2022-07-15 00:43","","","Porto Alegre","Brazil","","",""
"9127949396","Panini Brasil","","2022-07-13 16:35","","","Barueri","Brazil","","",""
"9127885980","Jovem Pan","","2022-07-13 15:59","","2022-07-14 11:29","","Brazil","","",""
"9119576350","Guga Kuerten","","2022-07-12 21:19","","","","Brazil","","",""
"9106805587","Via Varejo SA","","2022-07-11 15:08","","","São Caetano do Sul","Brazil","","",""
"9106918827","redemaisrn.com","","2022-07-11 15:08","","","","","","",""
"9106191901","Cloudezbr","","2022-07-11 13:40","","2022-08-10 08:15","Dover","United States","","",""
"9084032862","Makita Brazil","","2022-07-08 11:27","","2022-07-21 16:37","Sao Paulo","Brazil","Maquinário","",""
"9083990022","ABB","","2022-07-08 11:27"," +551136889111","2022-08-04 16:23","Zürich","Switzerland","Fabricação elétrica/eletrônica","",""
"9083990021","Schneider Electric","","2022-07-08 11:27"," +551134685791","2022-08-04 16:22","Palatine","United States","","",""
"9084107801","Bosch América Latina","","2022-07-08 11:27","","","Taquarituba","Brazil","Automotivo","",""
"9083998321","Duracell","","2022-07-08 11:27"," +1 800-498-8666","","Bethel","United States","Bens de consumo","",""
"9054266702","Galpão Centro-Oeste","","2022-07-05 10:09","","2022-07-05 11:49","Taguatinga","Brazil","","",""
"9051681165","Grupo Travelex Confidence","","2022-07-04 21:19","","","Barueri","Brazil","","",""
"9035935343","Congregazione dei Padri Rogazionisti","","2022-07-01 17:47","","","","France","","",""
"9025445717","Krafheinz","","2022-06-30 08:54","","","","","","",""
"9016175130","Ns-Group","","2022-06-29 10:02","","","","Brazil","","",""
"9006384797","Umbro","","2022-06-28 09:09"," +1 212-730-0030","","New York","United States","","",""
"9006426419","Reebok","","2022-06-28 09:09"," +1 781-401-5000","","Boston","United States","Bens de consumo","",""
"8983705780","American Express Company","","2022-06-24 19:00"," +1 212-640-2000","","New York","United States","Bancário","",""
"8983527316","Nestlé","Valéria Silva","2022-06-24 18:38","","2022-10-26 15:00","Vevey","","Alimentos e bebidas","",""
"8983525687","Agrosul","Leonardo Marinzek","2022-06-24 17:49","","2022-07-01 10:07","","Brazil","","",""
"8981917066","John Deere","","2022-06-24 15:30"," +1 309-765-8000","2022-08-24 11:42","Moline","United States","Maquinário","",""
"8981833382","c-a.com","","2022-06-24 14:48","","","Vilvoorde","Belgium","","",""
"8980776616","Tenable","","2022-06-24 11:05","4108720555","","Columbia","United States","Software de computador","",""
"8974209948","Todeschini SA","Gustavo Paulista","2022-06-23 12:41","","","Bento Gonçalves","Brazil","","",""
"8974209947","Burberry","","2022-06-23 12:41"," +1 212-707-6683","","New York","United States","Vestuário e moda","",""
"8974619259","DIOR","","2022-06-23 12:41","","","Paris","France","Vestuário e moda","",""
"8974215055","Grupo Olfar","","2022-06-23 12:41"," +55 54 2106-2600","","Erechim","Brazil","","",""
"8972931905","Smart Traduções Técnicas -","","2022-06-23 09:35","","","","Brazil","","",""
"8969944993","BUDDEMEYER","","2022-06-22 16:33","55 80 0643 1951","","Sao Bento Do Sul","Brazil","Têxteis","",""
"8969918835","Le Creuset","","2022-06-22 16:33","","","Fresnoy-le-Grand","France","Bens de consumo","",""
"8969978679","Dohler SA","","2022-06-22 16:33","","","Joinville","Brazil","Software de computador","",""
"8968558185","Atem","","2022-06-22 15:19","","2022-07-13 12:05","","Brazil","","",""
"8965601643","Famix","","2022-06-22 12:59","","2022-06-22 15:49","","Brazil","","",""
"8965312675","Petra Consultoria","","2022-06-22 11:55","","2022-06-22 17:02","Americana","Brazil","Engenharia civil","",""
"8957554226","BASF","Valéria Silva","2022-06-21 12:36","","","Ludwigshafen am Rhein","","Produtos químicos","",""
"8957439870","Sherwin Williams","","2022-06-21 12:36"," +1 216-566-2200","","Cleveland","United States","Produtos químicos","",""
"8957532502","Dexco","Julia Borges","2022-06-21 12:36","","","","","","",""
"8956826920","Redes Tecnologia","","2022-06-21 10:42","","2022-06-22 16:51","Lavras","Brazil","","",""
"8951513421","Reservas Votorantim","Israel Tischler","2022-06-20 15:22","","2023-03-09 16:36","São Paulo","Brazil","","",""
"8951528488","Taurus","Israel Tischler","2022-06-20 15:20"," +55 5 130213000","","Sao Leopoldo","Brazil","Automação industrial","",""
"8951492905","Tekbond","","2022-06-20 15:20"," +55 11 4785-6600","","Embu Das Artes","Brazil","Produtos químicos","",""
"8920343452","Tapps Ventures","","2022-06-15 09:03","","2022-08-02 16:38","","Brazil","","",""
"8916005508","Omni55","","2022-06-14 15:39","","2022-08-12 06:50","São Paulo","Brazil","","",""
"8915947529","Investfarma","","2022-06-14 15:39","","2023-03-01 10:53","","Brazil","","",""
"8914312016","Villaamericanaeventos","","2022-06-14 12:12","","2022-06-22 16:20","","","","",""
"8913887903","Ericsson","","2022-06-14 11:31"," +46 926 671 07","","Kista","Sweden","Telecomunicações","",""
"8913953200","Shell","Leonardo Marinzek","2022-06-14 11:31","","","Den Haag","","Petróleo e energia","",""
"8913881402","ABB","","2022-06-14 11:31","","","Zürich","Switzerland","Fabricação elétrica/eletrônica","",""
"8913705603","Auto Avaliar","","2022-06-14 10:12","","2022-07-05 14:20","São Paulo","Brazil","Software de computador","",""
"8906816179","BRB","Leonardo Marinzek","2022-06-13 16:35","556133221515","2023-05-15 10:42","Bras?lia","Brazil","Bancário","",""
"8906879745","santanter.com.br","","2022-06-13 16:35","","","","","","",""
"8906791975","Itaú Unibanco","","2022-06-13 16:35"," +55 1 150199986","","Sao Paulo","Brazil","Bancário","",""
"8906783028","Barilla","","2022-06-13 16:21"," +1 847-405-7552","2022-06-21 16:21","Northbrook","United States","Produção de alimentos","",""
"8906887006","Yakult S/A Indústria e Comércio","","2022-06-13 16:21","55 11 3281 9900","2022-06-20 16:20","São Paulo","Brazil","","",""
"8906159915","Oetker","","2022-06-13 16:21","","","","Brazil","Software de computador","",""
"8906798764","Alimentos Zaeli","Julia Borges","2022-06-13 16:21","","","Umuarama","Brazil","Alimentos e bebidas","",""
"8905987993","Aplipack","","2022-06-13 15:29"," +55 19 3471-8270","2022-06-22 17:59","Americana","Brazil","","",""
"8906630579","Gruponos","","2022-06-13 15:25","","","","","","",""
"8906054054","Investprev Seguradora","","2022-06-13 15:25","55 51 3083 2300","","Porto Alegre","Brazil","Seguro","",""
"8905610124","Grupo Carrefour","Israel Tischler","2022-06-13 15:25","","2023-01-10 10:00","","Brazil","","",""
"8882779189","Globo","Valéria Silva","2022-06-09 12:20","552125402711","2022-08-23 10:11","Rio de Janeiro","Brazil","Meios de difusão","",""
"8877396234","upperbr.com","","2022-06-08 16:25","","","","","","",""
"8877349730","Fundación Purina, S.C.","","2022-06-08 16:25","","","Mexico","Mexico","","",""
"8877252189","Natura","","2022-06-08 16:25","","","Sao Paulo","Brazil","Cosméticos","",""
"8870349973","Singleone","","2022-06-07 19:26","","2022-06-07 19:37","","","","",""
"8868561255","littlemonster.com.br","","2022-06-07 14:28","","","","","","",""
"8866151520","Rglongana","","2022-06-07 11:16","","2022-08-15 17:14","","","","","346703.31"
"8865760659","Grupokochsa","","2022-06-07 11:03","","2022-06-29 12:03","","","","",""
"8859281980","MAPFRE Brasil","","2022-06-06 13:28","","","Majadahonda","Spain","Seguro","",""
"8857923441","Sandoz","","2022-06-06 10:55","","","Holzkirchen","","Farmacêutica","",""
"8843766627","Seguradora Líder-DPVAT","","2022-06-03 13:34","","","Rio De Janeiro","Brazil","Seguro","",""
"8844842562","RecargaPay","","2022-06-03 13:34","","","Sao Paulo","Brazil","Software de computador","",""
"8841980533","M.L.Gomes","","2022-06-03 10:11"," +55 (11) 3115-4157","2022-06-13 10:32","São Paulo","Brazil","Serviços jurídicos","",""
"8841882783","Yooper","","2022-06-03 09:53"," +55 11 95271-8088","","São Paulo","Brazil","Marketing e publicidade","",""
"8835502652","Quimivita","","2022-06-02 15:33","","2022-06-02 16:57","","Brazil","","",""
"8825610343","Bausch + Lomb","","2022-06-01 09:59"," +1 908-927-0568","","","United States","Dispositivos médicos","",""
"8825570170","AlmapBBDO","","2022-06-01 09:59"," +55 11 2395-4000","","Sao Paulo","Brazil","Marketing e publicidade","",""
"8825629033","Grupo Zanchetta","","2022-06-01 09:59","","2022-06-24 16:02","","Brazil","","",""
"8820282191","Zenatur","","2022-05-31 16:06","","2022-06-24 11:09","Diadema","Brazil","Logística e cadeia de suprimento","",""
"8819073031","Volvo Cars","Israel Tischler","2022-05-31 14:08","","","Göteborg","Sweden","Automotivo","",""
"8819034157","Renault","","2022-05-31 14:08","","2022-08-11 09:00","Boulogne-Billancourt","","Automotivo","",""
"8819137625","Groupe PSA","","2022-05-31 14:08","","","Hoofddorp","Netherlands","Automotivo","",""
"8819117989","Porsche","","2022-05-31 14:08","","","Santo Amaro","Brazil","Automotivo","",""
"8819141267","Mercedes-Benz USA, LLC","","2022-05-31 14:08"," +1 205-507-3359","","Atlanta","United States","Automotivo","",""
"8817691038","Pier","","2022-05-31 11:19","","","","Brazil","","",""
"8815360269","Cooby","","2022-05-31 02:46"," +1 707-563-1611","","San Francisco","United States","","",""
"8814562454","BIOTRONIK, Inc.","","2022-05-30 20:00","","","Berlin","","Dispositivos médicos","",""
"8813542045","Clear Corretora","","2022-05-30 14:13","55 11 3957 9000","","São Paulo","Brazil","Serviços financeiros","",""
"8811687680","Super Passarela","","2022-05-30 08:48","","","Concórdia","Brazil","","",""
"8811687608","supermercadomaringa.com.br","","2022-05-30 08:48","","","","","","",""
"8811616579","Rede Correia Supermercados","","2022-05-30 08:48","","","","Brazil","","",""
"8811603206","Grupo Amarelinha","","2022-05-30 08:48","","","","Brazil","","",""
"8811666253","Agricer Supermercados","","2022-05-30 08:48","","","","Brazil","Varejo","",""
"8811658420","Comercial Zaffari Ltda","Enzo Cabau","2022-05-30 08:48","","","","","","",""
"8801434779","Ativa","","2022-05-27 17:15","","2022-06-02 17:12","","","","",""
"8793889670","Take and Go","","2022-05-26 16:53","","2022-05-26 16:54","Ribeirao Preto","Brazil","","",""
"8790058108","McCain Foods","Valéria Silva","2022-05-26 09:40","","2022-05-26 09:41","","Brazil","Produção de alimentos","",""
"8786146304","Senna","","2022-05-25 17:11","7024892889","","Las Vegas","United States","","",""
"8782615902","Blackpar","","2022-05-25 10:28","","2022-06-02 17:26","","","","",""
"8782479134","Vianense","","2022-05-25 10:00"," +55 21 2668-5669","","Rio De Janeiro","Brazil","","",""
"8782096236","ASUSTek Computer Inc.","","2022-05-25 09:18","","","Taipei","","","",""
"8782016141","Asus","Lucas Galante","2022-05-25 08:05","","","Fremont","","Hardware de computador","",""
"8774929932","Comercial De Alimentos Itatico","","2022-05-24 14:08","","","","","","",""
"8773536151","Fila","","2022-05-24 12:05"," +1 410-773-3053","","Sparks Glencoe","United States","Vestuário e moda","",""
"8765633902","Supersaojudas","","2022-05-23 16:22","","","","Brazil","","",""
"8766276656","Ball Corporation","","2022-05-23 16:00"," +1 303-469-5511","","Westminster","United States","Embalagens e recipientes","",""
"8765403705","Stanley Black & Decker","","2022-05-23 15:26","","","New Britain","United States","Bens de consumo","",""
"8747371324","Grupo Malwee","Julia Borges","2022-05-20 14:24","","","Jaraguá Do Sul","Brazil","Vestuário e moda","",""
"8742743681","Academia BAI","","2022-05-20 09:09"," +244 227 281 000","","Luanda","Angola","Gerenciamento educacional","",""
"8742252575","Grupo Extrabom Supermercado","Lucas Galante","2022-05-20 09:09"," +552731980300","","Vitória","Brazil","Supermercados","",""
"8742759287","Hiperideal Supermercados","","2022-05-20 09:09","","","Salvador","Brazil","","",""
"8742740328","Istv","","2022-05-20 08:53","","","","Brazil","","",""
"8738627117","Cosan","","2022-05-19 16:07"," +55 11 3897-9797","","Sao Paulo","Brazil","Transporte/caminhões/ferrovias","",""
"8738632063","Flipcrm","","2022-05-19 15:35","","","","Brazil","","",""
"8730472576","NK Sementes","Fabricio Macias","2022-05-18 21:55","","2022-05-30 19:37","","","Agricultura","",""
"8715035277","Lopes Supermercados Ltda","","2022-05-17 11:40","","","","Brazil","","",""
"8690726566","Palomax","","2022-05-13 13:42","","","","Brazil","","",""
"8690719800","Ayumi Supermercados","Leonardo Marinzek","2022-05-13 13:42","","2022-06-22 10:46","","Brazil","","",""
"8690726565","Center Box","","2022-05-13 13:42"," +55 (85) 3482-0008","","Fortaleza","Brazil","","",""
"8690703622","Giga","","2022-05-13 13:42","","","","Brazil","","",""
"8690279205","Compre Bem Supermercados","","2022-05-13 13:42","","","","Brazil","","",""
"8650718036","yarabrasil","","2022-05-10 15:34"," +55 51 3230-1300","","Port Ategre","Brazil","Produtos químicos","",""
"8644842262","Mante","","2022-05-10 10:06","","","Rio De Janeiro","Brazil","Farmacêutica","",""
"8645314332","Johnson e johnson","Julia Borges","2022-05-10 10:06"," +1 843-577-1444","2022-09-30 08:40","New Brunswick","United States","Farmacêutica","",""
"8636733541","Rutech","","2022-05-09 16:10","","2022-05-09 16:12","","Brazil","","",""
"8635286101","Iquagami Supermercados","Leonardo Marinzek","2022-05-09 13:51","","2022-06-10 10:00","","Brazil","","",""
"8634096910","Infracommerce","","2022-05-09 13:01"," +55 11 3848-1300","2022-05-13 12:45","São Paulo","Brazil","Software de computador","",""
"8619493656","Fazendamarambaia","","2022-05-06 13:54","","2022-06-24 11:54","","Brazil","","",""
"8617301540","Andorinha Hipercenter","","2022-05-06 11:29","","2022-06-01 10:57","São Paulo","Brazil","","",""
"8617299328","smalvorada.net","","2022-05-06 11:26","","","","","","",""
"8617318657","BIG BOX","","2022-05-06 11:26"," +55 (61) 3321-3021","2022-07-13 11:18","Brasília","Brazil","Varejo","",""
"8617763385","Supermercados Inter","","2022-05-06 11:26","","","","Brazil","Supermercados","",""
"8617840691","SEFA","","2022-05-06 11:26","","","Santo Antônio de Jesus","Brazil","","",""
"8599777825","NIMGenetics","","2022-05-04 13:54"," +34 910 37 83 54","2022-09-20 10:26","Madrid","Spain","Biotecnologia","217872.0",""
"8583472504","Agrogalaxy","Leonardo Marinzek","2022-05-02 16:53","","2023-04-10 15:36","","","","",""
"8583529773","Caramuru Alimentos","","2022-05-02 16:53"," +55 11 3021-4830","","Itumbiara","Brazil","Alimentos e bebidas","",""
"8580492060","Syngenta","","2022-05-02 14:03","","2022-05-30 19:37","Wilmington","United States","","",""
"8551871649","Pagaleve","Carlos Vinicius Navarrete (Deactivated User)","2022-04-28 16:33","","2023-01-10 13:06","","","Serviços financeiros","",""
"8546950583","Gluglu / I9 distribuidora de rações","","2022-04-27 21:01"," +55 21 3938-5075","2022-04-28 10:48","Rio De Janeiro","Brazil","","",""
"8526139170","Coopsp","","2022-04-25 11:09","","","","Brazil","","",""
"8526168161","Negrao","","2022-04-25 11:09","","","","Brazil","","",""
"8526106145","Ipiranga","","2022-04-25 11:09","","","Rio de Janeiro","Brazil","","",""
"8526112550","smboa.com.br","","2022-04-25 11:09","","2022-05-17 14:43","","","","",""
"8498261276","Cooperativa COMIGO","","2022-04-20 16:06","","","","Brazil","","",""
"8498268805","Coasul","","2022-04-20 16:06","","","São João","Brazil","Agricultura","",""
"8489143970","Prima Foods","Pedro Alvim","2022-04-19 10:52","","2022-05-19 16:13","","","","",""
"8489158788","Grupo Montesanto Tavares","","2022-04-19 10:52"," +55 31 3308-6201","","Belo Horizonte","Brazil","","",""
"8489070091","Alibem Alimentos S.A","","2022-04-19 10:52","55 51 2123 5000","2022-05-17 14:08","Porto Alegre","Brazil","Produção de alimentos","",""
"8489011754","AESC","","2022-04-19 10:17","","","Caxias Do Sul","Brazil","","",""
"8457294361","Auroracoop","","2022-04-13 15:46","","","","Brazil","","",""
"8446760726","Lojaemporioh","","2022-04-12 09:42","","2022-04-28 10:45","","","","",""
"8419949746","Eumais","","2022-04-07 19:47","","2022-04-07 20:03","","Brazil","","",""
"8411324021","superagro.agr.br","","2022-04-06 22:46","","2022-04-10 15:57","","","","",""
"8371798959","Almee","","2022-04-01 15:28","","2022-04-01 15:28","","","","",""
"8345069910","Aperam","","2022-03-29 19:48","","","Luxembourg","","Mineração e metais","",""
"8345238333","Egali Intercâmbio","","2022-03-29 19:48","","","Porto Alegre","Brazil","Lazer, viagens e turismo","",""
"8345212704","NotCo","","2022-03-29 19:48","","","New York","United States","Biotecnologia","",""
"8345172918","SNEF BRASIL","","2022-03-29 19:48","","","Belo Horizonte","Brazil","Engenharia civil","",""
"8345149722","Reframax Engenharia","","2022-03-29 19:48"," +55 31 3029-8002","2022-04-28 23:48","Belo Horizonte","Brazil","Engenharia mecânica ou industrial","",""
"8345132898","Kallan Calçados","Gustavo Paulista","2022-03-29 19:48","","","São Paulo","Brazil","Varejo","",""
"8345172917","Buser","","2022-03-29 19:48","","","São Paulo","Brazil","","",""
"8345105670","Zanini Renk","","2022-03-29 19:48","","","Cravinhos","Brazil","Engenharia mecânica ou industrial","",""
"8345056176","MCM Montagens Industriais","","2022-03-29 19:48","","","","Brazil","Engenharia mecânica ou industrial","",""
"8345097911","Tequaly","","2022-03-29 19:48","","","","Brazil","","",""
"8345205141","Brasif","","2022-03-29 19:48","55 21 2197 4855","","Rio De Janeiro","Brazil","","",""
"8335506262","Arteris","","2022-03-28 15:53","","","São Paulo","Brazil","Transporte/caminhões/ferrovias","",""
"8335535716","Eletrofrio","","2022-03-28 15:53","","","Curitiba","Brazil","Recursos humanos","",""
"8335529907","Grupo Mueller","Gustavo Paulista","2022-03-28 15:53","","","Timbó","Brazil","Fabricação elétrica/eletrônica","",""
"8335834403","ASSA ABLOY Brasil","","2022-03-28 15:53","","","São Paulo","Brazil","Construção","",""
"8335519807","Inter Construtora","","2022-03-28 15:53","","","Juiz De Fora","Brazil","","",""
"8335829840","Grupo Comolatti S.A.","","2022-03-28 15:53","","","Sao Paulo","Brazil","","",""
"8335545870","Kuhn","Leonardo Marinzek","2022-03-28 15:53","","2022-04-08 11:05","Saverne","","Maquinário","",""
"8335529906","Gelopar Refrigeração Paranaense Ltda","","2022-03-28 15:53","","","Araucaria","Brazil","Fabricação elétrica/eletrônica","",""
"8335826774","Scheffer","","2022-03-28 15:53","55 65 33831464","","","Brazil","","",""
"8335826773","Unipac","Israel Tischler","2022-03-28 15:53"," +55 14 3405-2100","2022-04-08 10:45","","Brazil","Maquinário","",""
"8335607067","Baldan","","2022-03-28 15:53","55 16 3221 6500","","Matão","Brazil","Maquinário","",""
"8335597885","Alupar","","2022-03-28 15:53","551121849676","","1855","Brazil","Serviços de utilidade pública","",""
"8335501204","Ciser","","2022-03-28 15:53"," +554734413423","2022-08-22 16:09","Joinville","Brazil","Engenharia mecânica ou industrial","",""
"8335369831","B & Q Eletrificação Ltda","","2022-03-28 15:53","","","","Brazil","Serviços de instalações","",""
"8335807886","Metalúrgica Fey","Israel Tischler","2022-03-28 15:53","55 47 3281 7000","2022-04-10 15:35","Indaial","Brazil","Engenharia mecânica ou industrial","",""
"8335594024","VLI","","2022-03-28 15:53","","","São Paulo","Brazil","","",""
"8335506261","Paraibuna Embalagens","","2022-03-28 15:53","","","","Brazil","Papel e produtos florestais","",""
"8311277212","RB biocosméticos","","2022-03-24 11:05","","","Curitiba","Brazil","","",""
"8310544646","MPX Brokers","","2022-03-24 10:56","","2022-03-24 20:40","","Brazil","","",""
"8297549593","Bioxxi","","2022-03-22 22:03","","2022-04-13 14:51","Rio De Janeiro","Brazil","Hospital e cuidados de saúde","",""
"8297560645","Hospital Dom Alvarenga","","2022-03-22 22:03"," +55 11 2163-1700","","São Paulo","Brazil","","",""
"8297549592","Med Imagem","","2022-03-22 22:03","","","","Brazil","Hospital e cuidados de saúde","",""
"8296445012","Credpago","","2022-03-22 22:03","","","","Brazil","","",""
"8296407901","Grupo AUSTA","","2022-03-22 22:03","","","São José Do Rio Preto","Brazil","Hospital e cuidados de saúde","",""
"8297527619","Sorridents Clínicas Odontológicas","","2022-03-22 22:03"," +55 (21) 2671-4721","","Duque De Caxias","Brazil","Hospital e cuidados de saúde","",""
"8297474061","Silimed","","2022-03-22 22:03","","","SANTA BARBARA","United States","","",""
"8297486080","Fasano","","2022-03-22 22:03","","2023-03-06 14:34","Cerqueira Csar","Brazil","Hotelaria","",""
"8296394653","Hospital_EV","","2022-03-22 22:03","","","São Paulo","Brazil","Hospital e cuidados de saúde","",""
"8297486009","Hospital Casa de Saúde","","2022-03-22 22:03","55 13 3202 2500","","Santos","Brazil","Hospital e cuidados de saúde","",""
"8296461948","Hospital Angelina Caron","Israel Tischler","2022-03-22 22:03","","","Campina Grande","Brazil","","",""
"8297560644","Sinaf Seguros","","2022-03-22 22:03","","2022-08-09 08:41","Rio De Janeiro","Brazil","Seguro","",""
"8297486008","Brasil Brokers RJ","","2022-03-22 22:03","","","São Paulo","Brazil","Imobiliária","",""
"8297560643","Labchecap","","2022-03-22 22:03","","","Salvador","Brazil","Hospital e cuidados de saúde","",""
"8296407900","Carsystem","","2022-03-22 22:03","","","","Brazil","Serviços de instalações","",""
"8292233912","Brangels","","2022-03-22 11:46","","","","","","",""
"8292141739","Grupo Lunelli","","2022-03-22 11:46","","","","","","",""
"8291881364","IRB Brasil Resseguros SA","","2022-03-22 11:46"," +55 2 122720200","","Rio De Janeiro","Brazil","Seguro","",""
"8291812707","Sanar","","2022-03-22 11:46","","","","Brazil","","",""
"8291975944","Europ Assistance","","2022-03-22 11:46"," +55 11 4133-9060","","Barueri","Brazil","","",""
"8292063258","MOTOROLA SOLUTIONS","","2022-03-22 11:46","","","Burwood East","","Sem fio","",""
"8291975941","Desenvolvido por Dígito Zero","","2022-03-22 11:46","","2022-10-27 14:58","","Brazil","","",""
"8282903683","Citigroup Inc","","2022-03-21 21:25"," +1 212-559-1000","","New York","United States","Bancário","",""
"8282792285","Grupo Redebrasil","Pedro Alvim","2022-03-21 21:25","","2022-04-07 15:25","Porto Alegre","Brazil","Serviços financeiros","",""
"8282949897","HS PREVENT","","2022-03-21 21:25","","","São Paulo","Brazil","Serviços financeiros","",""
"8282949896","PREVI","","2022-03-21 21:25","","","","Brazil","Gestão de investimentos","",""
"8282824337","J A Rezende","","2022-03-21 21:25","","","São Paulo","Brazil","Serviços financeiros","",""
"8282792284","Credishop S/A","","2022-03-21 21:25","","2022-11-07 09:28","Teresina","Brazil","Serviços financeiros","",""
"8282717010","Up Brasil","Israel Tischler","2022-03-21 21:25","","","","Brazil","","",""
"8283076426","DMCard","","2022-03-21 21:25","","","São José Dos Campos","Brazil","Serviços financeiros","",""
"8282748326","Bellinati Perez","","2022-03-21 21:25"," +55 41 3311-9291","","Curitiba","Brazil","Prática de direito","",""
"8282748325","Sabemi","","2022-03-21 21:25","","","Porto Alegre","Brazil","Serviços financeiros","",""
"8282764064","CREDIT SUISSE GROUP","","2022-03-21 21:25","","","Zürich","","Bancário","",""
"8282870611","Crefaz","","2022-03-21 21:25","","","","Brazil","","",""
"8282981396","Will Bank","","2022-03-21 21:25","","","","Brazil","","",""
"8282963358","Azul Seguros","","2022-03-21 21:25","556130353535","","Rio De Janeiro","Brazil","Seguro","",""
"8282949895","Soulisto","","2022-03-21 21:25","","","","Brazil","","",""
"8282963357","Intervalor","","2022-03-21 21:25"," +55 11 3304-7000","","Sao Paulo","Brazil","Serviços financeiros","",""
"8282981395","Bevioficial","","2022-03-21 21:25","","","","Brazil","","",""
"8283012869","Grant Thornton LLP","","2022-03-21 21:25"," +1 312-602-8310","","Chicago","United States","","",""
"8273857286","Phiocare","","2022-03-21 12:07","","2022-03-24 14:16","","","","",""
"8273825365","rmicos E AcÃºsticos RemovÃveis E ReutilizÃ¡veis 16265 Fale conosco!","","2022-03-21 11:44","","2022-03-28 09:21","","","Construção","",""
"8226703522","Colomboagroindustria","","2022-03-18 11:29","","","","Brazil","","",""
"8227148346","Adeste","","2022-03-18 11:29","","","São Paulo","Brazil","Produção de alimentos","",""
"8226797372","Cialne","","2022-03-18 11:29","","","","Brazil","Produção de alimentos","",""
"8227113829","Abbott","","2022-03-18 11:29"," +1 224-667-6100","","","United States","Farmacêutica","",""
"8227148345","Alisul Alimentos S/A","","2022-03-18 11:29","55 51 2123 1400","","São Leopoldo","Brazil","Produção de alimentos","",""
"8226731898","Grupocrm","","2022-03-18 11:29","","","São Paulo","Brazil","","",""
"8226463757","clubmensalon.com.br","","2022-03-18 10:28","","2022-05-20 10:41","","","","",""
"8215228705","Mauricea Alimentos Facebook instagram","","2022-03-17 16:03","","","Carpina","Brazil","","",""
"8215069258","RAR","","2022-03-17 16:03","","2023-02-03 17:18","","Brazil","","",""
"8215123540","Guaraves","","2022-03-17 16:03","","","","Brazil","Alimentos e bebidas","",""
"8215242411","Divino Fogão","","2022-03-17 16:03","","2023-01-31 08:46","S?o Paulo","Brazil","Restaurantes","",""
"8215224348","Grupo Dellys","Valéria Silva","2022-03-17 16:03","","","","Brazil","","",""
"8214000045","Rica Alimentos","","2022-03-17 16:03","","","JACAREPAGUA","Brazil","","",""
"8215165768","Fribal","","2022-03-17 16:03","","","","Brazil","Alimentos e bebidas","",""
"8193983138","AFC - Ascensus Full Commerce","","2022-03-16 13:11","","2022-03-23 10:03","","","","",""
"8192343387","alegra.com.br","","2022-03-16 11:10","","","","","","",""
"8192546430","CALÇADOS ITAPUÃ","","2022-03-16 11:10","552721247750","","Vila Velha","Brazil","","",""
"8192487498","Drogaria Moderna","Lucas Galante","2022-03-16 11:10"," +55 (24) 2252-3028","","Três Rios","Brazil","Ensino superior","",""
"8192510308","Lojas MM","","2022-03-16 11:10","558006442014","","2252","Brazil","Software de computador","",""
"8192510307","Padre Cícero Auto Peças","","2022-03-16 11:10"," +55 (85) 3433-6688","","Fortaleza","Brazil","","",""
"8192546429","AD'ORO","Pedro Alvim","2022-03-16 11:10","","2022-11-21 14:57","","Brazil","","",""
"8192343385","Farmácias Morifarma","","2022-03-16 11:10","","","Curitiba","Brazil","","",""
"8192487496","Empreendimentos Pague Menos S.A.","","2022-03-16 11:10","","","Cidade Dos Funcionrios","Brazil","","",""
"8192448513","Oggi Sorvetes","Julia Borges","2022-03-16 11:10","","","São Paulo","Brazil","Alimentos e bebidas","",""
"8192257295","Lojas Becker","Gustavo Paulista","2022-03-16 11:10","","","","Brazil","","",""
"8192460803","Rosa Branca","","2022-03-16 11:10","","","Canoas","Brazil","","",""
"8178428582","Bariservice","","2022-03-15 14:38","","","","","","",""
"8178308254","SECULUS","","2022-03-15 14:38","","","Belo Horizonte","Brazil","","",""
"8178244990","Bettanin","","2022-03-15 14:38","","","Esteio","Brazil","Administração governamental","",""
"8178656377","HStern","Gustavo Paulista","2022-03-15 14:38","552122200077","","Rio de Janeiro","Brazil","Varejo","",""
"8178408995","Prodap","Israel Tischler","2022-03-15 14:38"," +55 31 3555-0800","2022-04-13 10:16","Belo Horizonte","Brazil","Bens de consumo","",""
"8178656376","Guide","","2022-03-15 14:38"," +55 11 3003-5015","","São Paulo","Brazil","Lazer, viagens e turismo","",""
"8154313873","Whido","","2022-03-12 15:36","","2022-04-01 11:16","","Brazil","","",""
"8147896237","Grupo Bem Barato","","2022-03-11 11:19","","2022-04-25 08:12","","Brazil","","",""
"8147871508","AutoZone","","2022-03-11 11:19"," +1 901-495-6500","","Memphis","United States","Automotivo","",""
"8147906931","Super Muffato","","2022-03-11 11:19","554521021800","2022-08-01 16:22","Cambé","Brazil","Supermercados","",""
"8147892554","Todimo","","2022-03-11 11:19","","2022-12-12 09:04","Cuiaba","Brazil","","",""
"8147914591","Mercado Car","Israel Tischler","2022-03-11 11:19","","2023-05-29 15:16","So Paulo","Brazil","Varejo","",""
"8147965219","Grupo Destro","","2022-03-11 11:19","","","São Paulo","Brazil","Atacado","",""
"8147941290","Madeiranit","Israel Tischler","2022-03-11 11:19","","","São Paulo","Brazil","","",""
"8147900548","Grupo Canopus","","2022-03-11 11:19","","","Cuiabá","Brazil","","",""
"8147978388","Di Santinni","Enzo Cabau","2022-03-11 11:19","551140032157","","104","Brazil","Varejo","",""
"8147892553","loja eletrica ltda.","","2022-03-11 11:19","","","Belo Horizonte","Brazil","","",""
"8147961739","Supermercado Carone","","2022-03-11 11:19"," +55 (27) 3382-3050","2022-04-28 13:37","Vitória","Brazil","Supermercados","",""
"8147195819","risotolÂndia","","2022-03-11 07:43","","","Araucária","Brazil","Produção de alimentos","",""
"8147182127","Mania de Churrasco","Julia Borges","2022-03-11 07:43"," +55 (11) 5181-2078","","São Paulo","Brazil","Restaurantes","",""
"8147168693","Tibério Construções e Incorporações S/A","","2022-03-11 07:43","55 11 3051 9999","","Sao Paulo","Brazil","Imobiliária","",""
"8147182126","Brookfield Energia Renovável","","2022-03-11 07:42","","","","Brazil","","",""
"8147133844","Navistar","","2022-03-11 07:42","","","","","","",""
"8147179082","Grupo Padrão","","2022-03-11 07:42"," +55 11 3125-2244","","São Paulo","Brazil","Publicação","",""
"8147121310","Wam","","2022-03-11 07:42","","","","Brazil","","",""
"8147157409","Fogás","","2022-03-11 07:42"," +55 68 2106-9292","","Rio Branco","Brazil","Automotivo","",""
"8147157408","Plena Alimentos ","Israel Tischler","2022-03-11 07:42","","","Vila Velha","Brazil","Produção de alimentos","",""
"8147211871","Editora Paralela","","2022-03-11 07:42","","","São Paulo","Brazil","Publicação","",""
"8147182125","Forship Engenharia","","2022-03-11 07:42","55 21 3970 8900","","Rio De Janeiro","Brazil","","",""
"8147172181","Omega Energia","","2022-03-11 07:42","","","Belo Horizonte","Brazil","","",""
"8147220632","Piccadilly","Valéria Silva","2022-03-11 07:42","55 51 3549 9600","2023-07-05 07:47","Igrejinha","Brazil","Bens de consumo","",""
"8147106860","Mercadofavo","","2022-03-11 07:42","","","","","","",""
"8147195817","HSM","","2022-03-11 07:42","551146896600","","989","Brazil","","",""
"8147209305","Prime Vacation","","2022-03-11 07:42","","","","Brazil","","",""
"8147139122","Círculo S/A","","2022-03-11 07:42","55 47 3331 9500","","Gaspar","Brazil","Têxteis","",""
"8147217435","Khronos Distribuidora","Lucas Galante","2022-03-11 07:42","","","São José","Brazil","Segurança e investigações","",""
"8147106859","Dela Foods","","2022-03-11 07:42","","","Londrina","Brazil","","",""
"8147157407","Adar Tecidos","","2022-03-11 07:42"," +55 11 3202-5000","","São Paulo","Brazil","Têxteis","",""
"8147228191","Valenet","Israel Tischler","2022-03-11 07:42","","","","Brazil","","",""
"8147137369","Agrodanieli","","2022-03-11 07:42","","","Tapejara","Brazil","","",""
"8147225754","Exal Excelência em Alimentação","","2022-03-11 07:42","","","Curitiba","Brazil","Restaurantes","",""
"8147106858","Tuper","","2022-03-11 07:42","","","Feira De Santana","Brazil","","",""
"8147137368","Rosset Têxtil","Valéria Silva","2022-03-11 07:42","55 11 3226 8801","","Sao Paulo","Brazil","","",""
"8147137367","Cabo Telecom","","2022-03-11 07:42"," +55 (84) 2010-2010","2022-03-25 10:52","Natal","Brazil","Telecomunicações","",""
"8147223216","Grupo Apisul","","2022-03-11 07:42"," +55 (51) 2121-9000","","Porto Alegre","Brazil","Seguro","",""
"8147161196","Tópico","","2022-03-11 07:42"," +55 800 120 1200","","Sao Paulo","Brazil","","",""
"8147097116","Empiricus","","2022-03-11 07:42","","","Sao Paulo","Brazil","Serviços financeiros","",""
"8147121308","Autotrac","","2022-03-11 07:42","","","Brasilia","Brazil","","",""
"8147209304","DAF Trucks N.V.","","2022-03-11 07:42","","2022-05-11 10:29","Eindhoven","Netherlands","Automotivo","",""
"8147228190","Cataguases","","2022-03-11 07:42"," +55 32 99971-5205","","Cataguases","Brazil","Têxteis","",""
"8147189175","Santo Antônio Energia","","2022-03-11 07:42"," +55 11 3702-2250","","São Paulo","Brazil","","",""
"8147149438","REMAX Brasil","","2022-03-11 07:42"," +55 11 4210-3609","","Barueri","Brazil","Imobiliária","",""
"8147142262","CJ Corporation","","2022-03-11 07:42","","","Seoul","Korea, Republic of","Biotecnologia","",""
"8147185674","CONSIGAZ","","2022-03-11 07:42","","","Sao Paulo","Brazil","Petróleo e energia","",""
"8147182123","Itsseg","","2022-03-11 07:42","","","São Paulo","Brazil","","",""
"8147121307","Greal","","2022-03-11 07:42","","","","Brazil","","",""
"8147154250","Armac Locação","","2022-03-11 07:42","","2022-04-13 10:47","São Paulo","Brazil","Logística e cadeia de suprimento","",""
"8147192479","Aviva","","2022-03-11 07:42","","","","Brazil","","",""
"8124736855","Trilhadacomunicacao","","2022-03-08 10:42","","2022-03-09 19:13","","","","",""
"8124614792","Grupo Araunah","","2022-03-08 10:12","","2022-03-18 18:28","Uberaba","Brazil","","",""
"8119442524","ACCO Brands","","2022-03-07 18:46"," +1 847-541-9500","2022-04-13 14:33","Lake Zurich","United States","Bens de consumo","",""
"8118810779","Ascensus Group","","2022-03-07 16:33"," +55 11 2609-1571","2022-03-23 10:03","São Paulo","Brazil","","",""
"8117127212","Sherwin-Williams","","2022-03-07 12:26","55 47 88 65 99","2022-03-08 16:17","Sao Paulo","Brazil","Produtos químicos","",""
"8115542919","gadoholandesrs.com.br","","2022-03-07 09:04","","","","","","",""
"8086390576","Di Gaspi","Gustavo Paulista","2022-03-04 11:24","","","São Paulo","Brazil","Varejo","",""
"8085708860","Farma Ponte","Enzo Cabau","2022-03-04 11:24","","","Sao Paulo","Brazil","","",""
"8086943747","Drogão Super","","2022-03-04 11:24"," +55 16 3913-3300","","Ribeirão Prêto","Brazil","","",""
"8086236971","Castrillon Autopeças","Israel Tischler","2022-03-04 11:24"," +55 65 3645-4400","2022-04-20 17:28","","Brazil","","",""
"8086206271","Titanlat","","2022-03-04 11:24","","","","Brazil","","",""
"8086932832","Loghaus","","2022-03-04 11:24","","","Blumenau","Brazil","","",""
"8086298968","La-Bridgestone","","2022-03-04 11:24","","2022-03-18 17:12","","United States","","",""
"8086288562","Grupo OVD","","2022-03-04 11:24","","","","Brazil","Engenharia mecânica ou industrial","",""
"8086288556","Carvalima Transportes","","2022-03-04 11:24","","","Cuiabá","Brazil","Logística e cadeia de suprimento","",""
"8084491834","Iteris Consultoria","","2022-03-04 08:52","","2023-05-17 15:00","Sao Paulo","Brazil","Tecnologia da informação e serviços","",""
"8084284825","DBC","","2022-03-04 08:52"," +555130928400","","Porto Alegre","Brazil","Tecnologia da informação e serviços","",""
"8084305032","Casa dos Ventos","","2022-03-04 08:52","55 11 4084 4200","","São Paulo","Brazil","Renováveis ​​e meio ambiente","",""
"8084869707","Colormaq","","2022-03-04 08:52","","","São Paulo","Brazil","Bens de consumo","",""
"8084475413","Home Doctor","","2022-03-04 08:52","","","São Paulo","Brazil","Hospital e cuidados de saúde","",""
"8083706472","Keeggo","","2022-03-04 08:52","","","","Brazil","","",""
"8084960526","Geap Saúde","","2022-03-04 08:52","556721064310","","","Brazil","Saúde, bem-estar e fitness","",""
"8084518960","Atlas Eletrodomésticos","Gustavo Paulista","2022-03-04 08:52","","","","Brazil","Bens de consumo","",""
"8084830904","Pluris Mídia","","2022-03-04 08:52","","","São Paulo","Brazil","Serviços ao consumidor","",""
"8083706471","Betha Sistemas","Leonardo Marinzek","2022-03-04 08:52"," +55 48 3431-0733","","Criciúma","Brazil","Software de computador","",""
"8084460824","Credit Cash Assessoria Financeira","","2022-03-04 08:52","","","","Brazil","Serviços financeiros","",""
"8084885299","Service IT","","2022-03-04 08:52"," +55 11 2595-1400","","Sao Paulo","Brazil","Software de computador","",""
"8084284822","Gupy","","2022-03-04 08:52","","2022-09-28 16:53","São Paulo","Brazil","Pessoal e recrutamento","",""
"8084305030","DIMEP","","2022-03-04 08:52","","","São Paulo","Brazil","Fabricação elétrica/eletrônica","",""
"8084960525","Brascabos Componentes Elétricos e Eletrônicos Ltda.","","2022-03-04 08:52","","","São Paulo","Brazil","Engenharia mecânica ou industrial","",""
"8084916867","CBSI","","2022-03-04 08:52","","","","Brazil","","",""
"8084991140","SIN Sistema de Implante Nacional Ltda.","","2022-03-04 08:52","55 11 2169 3000","2022-03-23 14:16","São Paulo","Brazil","Saúde, bem-estar e fitness","",""
"8083706470","Allonda","","2022-03-04 08:52","","","Barueri","Brazil","Serviços ambientais","",""
"8084960524","VIASOFT Softwares Empresariais","","2022-03-04 08:52","55 46 2101 7777","","Pato Branco","Brazil","Software de computador","",""
"8084475410","RD Station","Lucas Galante","2022-03-04 08:52"," +55 48 3037-3600","","Florianópolis","Brazil","","",""
"8084389507","Bio Extratus","Lucas Galante","2022-03-04 08:52","","","Cascavel","Brazil","Saúde, bem-estar e fitness","",""
"8084460823","Liderança Capitalização SA","","2022-03-04 08:52","","2022-03-18 17:23","Sao Paulo","Brazil","","",""
"8084491831","Ndd","","2022-03-04 08:52","","","Lages","Brazil","Software de computador","",""
"8084475409","Romagnole S.A.","","2022-03-04 08:52","","","Mandaguari","Brazil","Serviços de utilidade pública","",""
"8084885298","ISH Tecnologia","","2022-03-04 08:52","","","Vitória","Brazil","Tecnologia da informação e serviços","",""
"8084408082","Omint","","2022-03-04 08:52","40044011","","Sao Paulo","Brazil","Seguro","",""
"8084306438","Braspine","","2022-03-04 08:52","55 51 3346 3166","","Porto Alegre","Brazil","","",""
"8084408081","Brasil Risk","","2022-03-04 08:52","","","São Paulo","Brazil","Consultoria de gestão","",""
"8084408080","Le Postiche","Gustavo Paulista","2022-03-04 08:52"," +55 (61) 3328-0643","","São Paulo","Brazil","Projeto","",""
"8084960522","Marchesan S.A.","","2022-03-04 08:52","55 16 3382 8282","","Matao","Brazil","","",""
"8084885297","Cebrace","","2022-03-04 08:52","55 12 3954 9000","","Jacareí","Brazil","","",""
"8070124401","Ramper","","2022-03-03 10:41","","","São Paulo","Brazil","Software de computador","",""
"8061493773","123Milhas","","2022-03-02 15:15","","","","Brazil","","",""
"8061465352","Grupo Líder","Israel Tischler","2022-03-02 15:15"," +55 91 4008-1003","2022-10-26 15:30","Belém","Brazil","","",""
"8061501198","Atakadão Atakarejo","","2022-03-02 15:15","","2022-03-25 11:13","Salvador","Brazil","","",""
"8061538904","Hebron S.A.","","2022-03-02 15:15","","","Recife","Brazil","Farmacêutica","",""
"8061449753","Daiichi Sankyo Brasil","Pedro Alvim","2022-03-02 15:15","","","","","","",""
"8061549389","Centrosul","","2022-03-02 15:15","","","","","","",""
"8061493772","Clima Rio","","2022-03-02 15:15","","","","Brazil","","",""
"8061473811","Dislab","","2022-03-02 15:15","","","","Brazil","Farmacêutica","",""
"8061417332","Zydus Brasil","","2022-03-02 15:15","","","","Brazil","","",""
"8061480031","Tecar","","2022-03-02 15:15","","","Belo Horizonte","Brazil","Varejo","",""
"8061523377","Livrarias Curitiba","","2022-03-02 15:15","","","Curitiba","Brazil","Varejo","",""
"8061557055","JSB Distribuidora","","2022-03-02 15:15","","","Fortaleza","Brazil","Transporte/caminhões/ferrovias","",""
"8061563530","Diagnósticos do Brasil","","2022-03-02 15:15","","","","Brazil","Ensino superior","",""
"8061563529","Jorlan Sa Veiculos Automotores Importacao E Comercio","","2022-03-02 15:15","","","Brasilia","Brazil","","",""
"8061538903","VITAMEDIC","","2022-03-02 15:15","","","","Brazil","","",""
"8062046355","Multilab","","2022-03-02 15:15","55 51 3651 5114","","Sao Jeronimo","Brazil","Farmacêutica","",""
"8061424400","Solfarma Distribuidora","","2022-03-02 15:15","","2022-03-18 17:51","São Paulo","Brazil","Farmacêutica","",""
"8045606581","Languiru","Israel Tischler","2022-02-28 23:43","","2022-03-07 16:30","","Brazil","","",""
"8050042664","Eurosono","Gustavo Paulista","2022-02-28 23:43","","2022-03-18 18:06","Recife","Brazil","","",""
"8045786413","Trombini","","2022-02-28 23:43","55 41 2169 1100","","Curitiba","Brazil","Papel e produtos florestais","",""
"8044621212","Strattner","","2022-02-28 23:43","","","Rio De Janeiro","Brazil","Dispositivos médicos","",""
"8045680253","Mãe de Deus","","2022-02-28 23:43","","","Porto Alegre","Brazil","Hospital e cuidados de saúde","",""
"8045651224","Colchões Castor","","2022-02-28 23:43"," +55 (47) 3349-5005","","Itajaí","Brazil","","",""
"8046577289","Medley","","2022-02-28 23:43","551921178227","","Campinas","Brazil","Farmacêutica","",""
"8045811298","Grupo Bigfer","","2022-02-28 23:43"," +55 54 2109-2940","","","Brazil","Mobília","",""
"8046503045","Oaz","","2022-02-28 23:42","","","São Paulo","Brazil","","",""
"8046525271","VetBR Saúde Animal","Pedro Alvim","2022-02-28 23:42","","2022-04-01 16:00","","Brazil","","",""
"8046554423","Citycol","","2022-02-28 23:42","","","","Brazil","","",""
"8046612484","Arauco","","2022-02-28 23:42","","2022-03-25 10:50","Reston","Brazil","","",""
"8046688931","Fibraplac","","2022-02-28 23:42","55 51 3216 6466","","Porto Alegre","Brazil","Materiais de construção","",""
"8045580183","Pet Care","Leonardo Marinzek","2022-02-28 23:42","55 11 3050 2273","","Ibirapuera","Brazil","Hospital e cuidados de saúde","",""
"8046663567","Minalba Brasil","","2022-02-28 23:42","","","","Brazil","","",""
"8049965114","Damyller","","2022-02-28 23:42","","","Brasília","Brazil","Varejo","",""
"8045606579","Lojas Nalin","","2022-02-28 23:42","","","","Brazil","Varejo","",""
"8016049427","Ilumisol Energia Solar","","2022-02-25 11:16","","","","Brazil","Renováveis ​​e meio ambiente","",""
"8016703893","Banparanet","","2022-02-25 11:16","","2022-03-25 11:27","","Brazil","","",""
"8016730505","Carajás","Israel Tischler","2022-02-25 11:16"," +55 (83) 4009-3600","","Cabedelo","Brazil","","",""
"8016670809","Samedil Servico De Atendimento Medico","","2022-02-25 11:16","","","","Brazil","Saúde, bem-estar e fitness","",""
"8016703892","Pellegrino Distribuidora de Autopeças Ltda","","2022-02-25 11:16","55 11 2171 7900","","Sao Paulo","Brazil","Atacado","",""
"8016617778","DPK","","2022-02-25 11:16","","2022-03-24 17:09","","Brazil","Automotivo","",""
"8016670808","Cobra Rolamentos e Autopeças","","2022-02-25 11:16"," +55 800 16 3333","","Sao Paulo","Brazil","Automotivo","",""
"8016770440","Grupo Elizabeth","","2022-02-25 11:16","","","Conde","Brazil","Construção","",""
"8006320006","Nouryon","","2022-02-24 16:21","","","","Brazil","","",""
"8001719688","Altamogiana","","2022-02-24 10:10"," +551638101000","","São Joaquim Da Barra","Brazil","Produtos químicos","",""
"8001788015","CBN","","2022-02-24 10:10","","","","Brazil","Software de computador","",""
"8001788013","Grupo Priner","Pedro Alvim","2022-02-24 10:10"," +55 2 135443100","2022-03-28 14:05","Rio De Janeiro","Brazil","","",""
"8001764534","Network1","","2022-02-24 10:10"," +55 (11) 3049-0300","","São Paulo","Brazil","Redes de computadores","",""
"8001793802","CHINA CONSTRUCTION BANK","","2022-02-24 10:10","","","Beijing","Brazil","Bancário","",""
"8001726630","LG lugar de gente","","2022-02-24 10:10","","","Aparecida De Goiânia","Brazil","Software de computador","",""
"8001751615","Banestes","","2022-02-24 10:10","","","Vila Velha","Brazil","Bancário","",""
"8001824048","HM","Israel Tischler","2022-02-24 10:10","","","Barretos","Brazil","","",""
"8001811883","Pacaembu Autopeças","","2022-02-24 10:10","551136185800","","Sao Paulo","Brazil","Automotivo","",""
"8001782549","Pósitron","","2022-02-24 10:10","","","Campinas","Brazil","Automotivo","",""
"8001804944","Ciplan","","2022-02-24 10:10","","2022-03-25 11:17","Setor Santa Genoveva","Brazil","Materiais de construção","",""
"8001739130","EPTV","","2022-02-24 10:10","55 19 3776 6400","2022-03-25 12:06","Campinas","Brazil","","",""
"8001804943","MAHLE GmbH","","2022-02-24 10:10","","","Stuttgart","","Automotivo","",""
"8001757846","Grupo Barigui","","2022-02-24 10:10","","","Curitiba","Brazil","Automotivo","",""
"8001811881","A casa brasileira","Lucas Galante","2022-02-24 10:10","","","","Brazil","","",""
"8001799260","Arteb","","2022-02-24 10:10","55 11 4341 9896","","Sao Bernardo Do Campo","Brazil","Automotivo","",""
"8001739129","Domingues e Pinho Contadores","","2022-02-24 10:10"," +55 21 3231-3700","2022-03-18 08:28","","Brazil","Contabilidade","",""
"8001739128","Fras-le","","2022-02-24 10:10"," +551138713676","2022-07-14 17:27","Northville","Brazil","Automotivo","",""
"8001782548","Unipar Sert Metal","","2022-02-24 10:10","","","Paducah","Brazil","Produtos químicos","",""
"8001744181","Voepass","","2022-02-24 10:10","551733226772","","Ribeirao Preto","Brazil","Linhas aéreas/aviação","",""
"8001764532","Inframerica S/A","","2022-02-24 10:10","","","","Brazil","","",""
"8001770931","Aeroporto Internacional de Viracopos","","2022-02-24 10:10","55 19 3725 5000","","Campinas","Brazil","","",""
"8001793800","Mangels Industrial S.A.","","2022-02-24 10:10","","2022-03-28 18:23","Manaus","Brazil","","",""
"8001739127","natto-br.com","","2022-02-24 10:10","","","","","","",""
"8001714023","Rede Bahia","","2022-02-24 10:10","","","Salvador","Brazil","","",""
"8001690287","SK Automotive","","2022-02-24 10:10","","","São Paulo","Brazil","Automotivo","",""
"8001757845","Maxion Structural Components","","2022-02-24 10:10","","","Cruzeiro","Brazil","Automotivo","",""
"7990394526","Oakberry","","2022-02-23 11:23","","","Fairfield","Brazil","","",""
"7990353003","Naia Capital","","2022-02-23 11:22"," +55 11 3508-9033","2022-02-23 13:52","","Brazil","","",""
"7982801077","Neoway","","2022-02-22 15:16","","2022-04-08 10:26","Florianópolis","Brazil","Software de computador","",""
"7983414174","AASP","","2022-02-22 15:16","","","São Paulo","Brazil","Serviços jurídicos","",""
"7984177291","Mazars","","2022-02-22 15:16"," +55 11 3524-4500","2022-03-18 17:44","Sao Paulo","Brazil","","",""
"7983461205","Adimax","","2022-02-22 15:16","","","","Brazil","","",""
"7983367088","Amcham-Brasil","","2022-02-22 15:16","","","Braslia","Brazil","","",""
"7984175258","Involves","","2022-02-22 15:16"," +55 48 3733-0500","","","Brazil","Software de computador","",""
"7983507255","Votorantim Energia","","2022-02-22 15:16","","","São Paulo","Brazil","Petróleo e energia","",""
"7983382456","Beep Saúde","","2022-02-22 15:16","","","Rio De Janeiro","Brazil","","",""
"7983289358","MIP Engenharia S/A","","2022-02-22 15:02","55 31 3036 5400","","Belo Horizonte","Brazil","Construção","",""
"7982799276","Medabil","","2022-02-22 15:02","","2022-03-21 11:00","Porto Alegre","Brazil","Construção","",""
"7983298890","Grupo NPE","","2022-02-22 15:02","","","","Brazil","","",""
"7982863733","Patrimar","Israel Tischler","2022-02-22 15:02","","","Belo Horizonte","Brazil","Imobiliária","",""
"7983435783","Marisol","Valéria Silva","2022-02-22 15:02","554733726137","","Jaragua do Sul","Brazil","Têxteis","",""
"7981000108","KPMG","","2022-02-22 10:01","","2022-04-27 12:39","Sao Paulo","Brazil","","",""
"7980933542","Sistema de Ensino Positivo","","2022-02-22 10:01","","","Curitiba","Brazil","Publicação","",""
"7981020977","Siemens","Julia Borges","2022-02-22 10:01"," +49 89 63632474","","Munich","Germany","Fabricação elétrica/eletrônica","",""
"7981040455","Bio Ritmo","Israel Tischler","2022-02-22 10:01","","2022-03-25 16:25","Sao Paulo","Brazil","Instalações e serviços recreativos","",""
"7981574820","PETRO RIO S.A.","","2022-02-22 10:01"," +55 2 137213800","","Rio De Janeiro","Brazil","","",""
"7980933541","VAGAS.com","","2022-02-22 10:01","","2023-06-01 10:00","São Paulo","Brazil","Software de computador","",""
"7980926812","Edupass","","2022-02-22 10:01"," +55 11 4780-4898","2022-03-17 19:14","","Brazil","","",""
"7980921985","Ford Motor Company","","2022-02-22 10:01"," +1 313-322-3000","","Dearborn","United States","Automotivo","",""
"7980987717","CNN","Israel Tischler","2022-02-22 10:01","","2022-09-23 11:31","São Paulo","Brazil","","",""
"7981034005","PwC","Leonardo Marinzek","2022-02-22 10:01","","","London","","Contabilidade","",""
"7981027854","Femme laboratórios","Julia Borges","2022-02-22 10:01","","","Sao Paulo","Brazil","Hospital e cuidados de saúde","",""
"7980967968","Ticket","","2022-02-22 10:01","","","Barueri","Brazil","Bancário","",""
"7980961287","hyundai-brasil","Lucas Galante","2022-02-22 10:01","","","São Paulo","Brazil","","",""
"7981000107","Ultracargo","","2022-02-22 10:01","55 11 3177 6215","","São Paulo","Brazil","Logística e cadeia de suprimento","",""
"7980967967","ANBIMA","Leonardo Marinzek","2022-02-22 10:01","","2023-04-24 10:18","São Paulo","Brazil","Mercados de capitais","",""
"7980980592","Platos Educação","Pedro Alvim","2022-02-22 10:01","","2022-03-14 13:03","","Brazil","","",""
"7980994093","Booking.com","","2022-02-22 10:01","","","Amsterdam","Netherlands","Lazer, viagens e turismo","",""
"7981034004","Promon S.A.","","2022-02-22 10:01","","","São Paulo","Brazil","","",""
"7975981475","Grupo Hospitalar Conceição","","2022-02-21 17:41","","","","Brazil","","",""
"7975743300","Construtora Canopus","","2022-02-21 16:14","","2022-03-17 19:38","Belo Horizonte","Brazil","Construção","",""
"7975842981","EMBRAED Empreendimentos","","2022-02-21 16:14","","","Balneário Camboriú","Brazil","Construção","",""
"7975291397","MAC Construtora e Incorporadora","","2022-02-21 16:14"," +55 11 3817-0080","","São Paulo","Brazil","Construção","",""
"7975743297","Cesbe S.A.","","2022-02-21 16:14"," +55 41 3330-4700","","Curitiba","Brazil","Construção","",""
"7975250467","Lyon Engenharia","","2022-02-21 16:14","","","","Brazil","","",""
"7975215024","Blukit","Israel Tischler","2022-02-21 16:14"," +55 47 99279-6519","","Blumenau","Brazil","Bens de consumo","",""
"7975876021","Lafaete","","2022-02-21 16:14","","","","Brazil","Construção","",""
"7975776155","Camargo Corrêa Infra","","2022-02-21 16:14","","","","Brazil","","",""
"7975291396","Carvalho Hosken S.A.","","2022-02-21 16:14","55 21 3416 9430","","Barra Da Tijuca","Brazil","Construção","",""
"7975833658","Lyx","","2022-02-21 16:14","","","","Brazil","","",""
"7975853382","Prestes","","2022-02-21 16:14","","","","Brazil","","",""
"7975743295","ADN Construtora e Incorporadora","","2022-02-21 16:14","","","","Brazil","","",""
"7975842979","Vitacon","Leonardo Marinzek","2022-02-21 16:14"," +55 11 3588-4101","","São Paulo","Brazil","Imobiliária","",""
"7966413454","Vianense","","2022-02-20 20:36"," +55 21 2668-5669","2022-03-17 19:11","","Brazil","","",""
"7966413453","PinheiroSupermercado","","2022-02-20 20:36","(85) 4008.2418","","Fortaleza","Brazil","","",""
"7966392954","Asun Supermercados","Julia Borges","2022-02-20 20:36","","2022-08-18 15:16","Gravataí","Brazil","","",""
"7966404904","Plasútil","","2022-02-20 20:36","","","Bauru","Brazil","Plásticos","",""
"7966072736","Grupo Vanguarda","","2022-02-20 20:36","","2022-04-04 14:27","","Brazil","","",""
"7951508810","Patriani","Julia Borges","2022-02-18 11:09"," +55 11 4318-0333","2022-08-24 11:11","São Paulo","Brazil","Imobiliária","",""
"7951366462","Imóveis Crédito Real","","2022-02-18 11:09","","2022-08-29 16:41","Porto Alegre","Brazil","Imobiliária","",""
"7951508809","Sonepar Brazil","","2022-02-18 11:09"," +55 11 2165-8244","","São Paulo","Brazil","Consultoria de gestão","",""
"7951525993","Grupo Kallas","","2022-02-18 11:09","55 11 3046 8499","","Sao Paulo","Brazil","","",""
"7951349288","Momentum Empreendimentos","","2022-02-18 11:09"," +55 15 4062-9398","","São Paulo","Brazil","Imobiliária","",""
"7951543222","Foxter","","2022-02-18 11:09"," +55 (51) 3083-7700","2022-03-07 13:33","Porto Alegre","Brazil","Imobiliária","",""
"7951492417","APSA","Camila Tribst (Deactivated User)","2022-02-18 11:09","","2022-04-04 16:00","Rio De Janeiro","Brazil","Imobiliária","",""
"7951349287","RNI","","2022-02-18 11:09","","","São Paulo","Brazil","Imobiliária","",""
"7951519822","Grupo GPS","Valéria Silva","2022-02-18 11:09","","2023-07-05 13:47","São Paulo","Brazil","","",""
"7951486734","Brio Incorporadora","","2022-02-18 11:09","","","Ribeirão Preto","Brazil","","",""
"7951537477","Nimbi","","2022-02-18 11:09"," +55 11 3135-8000","","Rio De Janeiro","Brazil","Logística e cadeia de suprimento","",""
"7951549022","Diálogo Engenharia","","2022-02-18 11:09"," +55 11 3506-0000","","","Brazil","Engenharia civil","",""
"7951543220","Unitapajos","","2022-02-18 11:09","","","","Brazil","","",""
"7951503242","Jtexpress","","2022-02-18 11:09","","","","Brazil","","",""
"7951508806","Wilson, Sons Limited","","2022-02-18 11:09","552121264222","","Hamilton Hm","Brazil","","",""
"7940861349","Cooperativa Agroindustrial dos Produtores Rurais do Sudoeste Goiano","","2022-02-17 10:32","","","Rio Verde","Brazil","Agricultura","",""
"7940797042","Sportradar","","2022-02-17 10:32","41 71 517 72 00","","St. Gallen","Switzerland","Software de computador","",""
"7940797041","Universal Music Group","","2022-02-17 10:32"," +1 310-865-5000","2022-03-10 19:13","Santa Monica","United States","Música","",""
"7940898970","Glu Mobile","","2022-02-17 10:32"," +1 415-800-6100","","San Francisco","United States","Software de computador","",""
"7940904477","BSBIOS","","2022-02-17 10:32","55 54 2103 7100","","Passo Fundo","Brazil","","",""
"7940848522","Rede Globo","","2022-02-17 10:32","551133622000","","São Paulo","Brazil","","",""
"7940898969","Daki","Pedro Alvim","2022-02-17 10:32","","2022-03-15 16:42","São Paulo","Brazil","","",""
"7940828498","Nortox SA","","2022-02-17 10:32","55 43 3274 8585","","Arapongas","Brazil","","",""
"7940898967","Bob´s","Julia Borges","2022-02-17 10:32","552125367500","2022-10-07 11:33","Rio de Janeiro","Brazil","Alimentos e bebidas","",""
"7940904476","Grupo Petrópolis","Julia Borges","2022-02-17 10:32","","","Petrópolis","Brazil","Alimentos e bebidas","",""
"7940873219","Agrex","Israel Tischler","2022-02-17 10:32","55 62 3018 2700","2022-08-29 16:37","Goiania","Brazil","","",""
"7940841115","IICA","","2022-02-17 10:32","","","San Isidro","Costa Rica","Ensino superior","",""
"7940835590","HBO","","2022-02-17 10:32","4042396600","","New York","United States","Meios de difusão","",""
"7940823569","tereos","","2022-02-17 10:32"," +33 3 28 38 79 30","","Origny-Sainte-Benoite","France","Produção de alimentos","",""
"7940803995","Gelnex Gelatin","","2022-02-17 10:32","3125774275","","Chicago","Brazil","Alimentos e bebidas","",""
"7940904475","Conservas Oderich SA","","2022-02-17 10:32"," +55 5 136351609","","Sao Sebastiao Do Cai","Brazil","","",""
"7940873218","Usina Alto Alegre S/A","","2022-02-17 10:32","55 44 3340 8000","","Colorado","Brazil","","",""
"7940835589","Dália Alimentos","","2022-02-17 10:32","(51) 3751.9000","","Encantado","Brazil","Alimentos e bebidas","",""
"7940978702","Kof","","2022-02-17 10:32","","","","Mexico","","",""
"7940892573","Galliance","","2022-02-17 10:32","","","","France","","",""
"7940848521","Band","Valéria Silva","2022-02-17 10:32","55 51 2101 0010","","Porto Alegre","Brazil","","",""
"7940873217","Uniggel Sementes","","2022-02-17 10:32","","","Chapadão Do Céu","Brazil","","",""
"7940873216","Asa Branca Industrial Comerc","","2022-02-17 10:32","","","Rio de Janeiro","Brazil","Logística e cadeia de suprimento","",""
"7940772366","Grupo Los Grobo","","2022-02-17 10:32","54 23 9545 9000","","Carlos Casares","Argentina","Produção de alimentos","",""
"7940828497","NBCUniversal","Pedro Alvim","2022-02-17 10:32","55 21 2503 7631","2022-03-16 16:33","Rio De Janeiro","Brazil","","",""
"7940978701","avinealimentos.com.br","","2022-02-17 10:32","","","","","","",""
"7932314172","Librelato S.A. Implementos Rodoviários","","2022-02-16 11:34","","","Orleans","United States","Transporte/caminhões/ferrovias","",""
"7932116298","KUEHNE + NAGEL INC","","2022-02-16 11:34","","","Feusisberg","","Logística e cadeia de suprimento","",""
"7931744432","Luft Logistics","","2022-02-16 11:34","","","Barueri","Brazil","Logística e cadeia de suprimento","",""
"7932116297","GEODIS","","2022-02-16 11:34"," +551126432000","2022-08-26 11:25","Levallois-Perret","France","Logística e cadeia de suprimento","",""
"7932137507","Expeditors","","2022-02-16 11:34"," +1 206-674-3400","2022-03-25 10:49","Seattle","United States","Logística e cadeia de suprimento","",""
"7932216928","Brink's Brazil","","2022-02-16 11:34","","","São Paulo","Brazil","Segurança e investigações","",""
"7931976783","Festval","","2022-02-16 11:34","","2022-03-03 12:17","Curitiba","Brazil","Varejo","",""
"7932312845","DSV","","2022-02-16 11:34","","2022-03-24 17:16","Hedehusene","Denmark","Entrega de pacotes/frete","",""
"7931795473","Grupo Jacomar","","2022-02-16 11:34","","","","Brazil","","",""
"7932137506","Reval","","2022-02-16 11:34","55 14 3664 9811","","Itapui","Brazil","Logística e cadeia de suprimento","",""
"7924889007","Tradimaq","","2022-02-15 16:06","","2022-03-25 10:48","","Brazil","Logística e cadeia de suprimento","",""
"7925009756","GYLOG","","2022-02-15 16:06"," +55 11 4205-8800","","","Brazil","","",""
"7925079383","MOVVI","","2022-02-15 16:06","","","","Brazil","","",""
"7924915530","TORA","","2022-02-15 16:06"," +55 31 2191-2466","","Contagem","Brazil","Transporte/caminhões/ferrovias","",""
"7925031782","TRANSPES","","2022-02-15 16:06"," +55 31 4009-0200","2022-03-18 18:19","B E T I M","Brazil","Logística e cadeia de suprimento","",""
"7925086607","Donizete Distribuidora","Israel Tischler","2022-02-15 16:06","","2022-04-12 10:08","Eusébio","Brazil","Logística e cadeia de suprimento","",""
"7924889005","Medicamental Distribuidora","","2022-02-15 16:06","","","Itumbiara","Brazil","Logística e cadeia de suprimento","",""
"7924212588","Porto Itapoá","Israel Tischler","2022-02-15 13:04","55 47 3443 8500","2022-08-10 08:00","Itapoa","Brazil","Transporte/caminhões/ferrovias","","445722.96"
"7924212587","Grupo Mirassol","","2022-02-15 13:04"," +55 11 2141-1211","","Guarulhos","Brazil","","",""
"7924237670","cvism.com.br","","2022-02-15 13:04","","","","","","",""
"7924258192","DHL","","2022-02-15 13:04","4349737264","2023-04-03 10:10","Bonn","Germany","Logística e cadeia de suprimento","",""
"7924182635","Roge Distribuidora","","2022-02-15 13:04"," +55 11 4417-7677","2022-02-24 17:19","São Paulo","Brazil","","",""
"7924190098","Asia Shipping Co Ltd","","2022-02-15 13:04","","","Doral","United States","","",""
"7924251740","Fiorde Logística Internacional","","2022-02-15 13:04","","","São Paulo","Brazil","","",""
"7924251739","FedEx","","2022-02-15 13:04"," +1 901-818-7500","","Memphis","United States","Transporte/caminhões/ferrovias","",""
"7924169394","DB SCHENKER","","2022-02-15 13:04","4103051147","","Essen","Germany","Logística e cadeia de suprimento","",""
"7924182632","Oniz Distribuidora Ltda","","2022-02-15 13:04","","2022-03-10 19:18","Passo Fundo","Brazil","Atacado","",""
"7924169393","Hidrovias do Brasil","","2022-02-15 13:04","","2022-03-04 16:55","São Paulo","Brazil","Logística e cadeia de suprimento","",""
"7924244054","Sequoia Soluções Logísticas","","2022-02-15 13:04"," +55 11 4391-8800","","Embu Das Artes","Brazil","","",""
"7924148630","Twl","","2022-02-15 13:04","","","","Brazil","","",""
"7924206126","Comexport","","2022-02-15 13:04","","","São Paulo","Brazil","Importar e exportar","",""
"7914651495","Ingredion","","2022-02-14 11:33"," +1 708-551-2600","","Westchester","United States","Produção de alimentos","",""
"7914643309","Enxuto Supermercados","Julia Borges","2022-02-14 11:33","","2022-07-07 18:27","Campinas","Brazil","Varejo","",""
"7914830200","Baumer","","2022-02-14 11:33","551136700000","","181","Brazil","Dispositivos médicos","",""
"7914647170","Natural da Terra","Leonardo Marinzek","2022-02-14 11:33","","","Sao Paulo","Brazil","","",""
"7914654997","Sabó","","2022-02-14 11:33","","2022-10-03 11:04","Sao Paulo","Brazil","Automotivo","",""
"7914632544","VLI Logística","","2022-02-14 11:33","55 31 3279 5891","2022-03-25 12:00","São Paulo","Brazil","Logística e cadeia de suprimento","",""
"7914868098","Sylvamo","Leonardo Marinzek","2022-02-14 11:33","","","","","","",""
"7914868096","Gruposemar","","2022-02-14 11:33","","2022-07-08 18:02","","Brazil","","",""
"7902360459","Afilio","","2022-02-11 18:14","55 21 2244 8888","2022-02-15 11:00","Sao Paulo","Brazil","Marketing e publicidade","",""
"7891294111","Companhia Tecidos Santanense","","2022-02-10 11:17","","2022-03-03 18:23","Montes Claros","Brazil","Têxteis","",""
"7890660717","CIGAM","","2022-02-10 11:17","","","Novo Hamburgo","Brazil","Software de computador","",""
"7891469143","Bandili Textil","Leonardo Marinzek","2022-02-10 11:17","","","","Brazil","Têxteis","",""
"7891414892","Vicunha Têxtil","","2022-02-10 11:17","","","Maracanaú","Brazil","Têxteis","",""
"7891453823","Cantustore","","2022-02-10 11:17","","","","Brazil","","",""
"7891446701","Cimento Nacional","","2022-02-10 11:17","55 81 2121 0300","","Recife","Brazil","Construção","",""
"7891414891","Aeris Energy","","2022-02-10 11:17","","","","Brazil","Renováveis ​​e meio ambiente","",""
"7891294110","Cimento Itambé","","2022-02-10 11:17","","","Curitiba","Brazil","Construção","",""
"7891294109","Grupo Cornélio Brennand","","2022-02-10 11:17","55 81 3272 4444","2022-03-11 20:40","Recife","Brazil","","",""
"7891390054","MAC Cosmetics","","2022-02-10 11:17","6463550296","","New York","United States","Cosméticos","",""
"7891382682","SANTISTA SA","","2022-02-10 11:17"," +55 11 2383-8800","","São Paulo","Brazil","Têxteis","",""
"7889290334","Ynner Treinamentos","","2022-02-10 08:00","","2022-02-24 19:49","","Brazil","Treinamento profissional e coaching","",""
"7879935240","Karsten S.A.","","2022-02-09 11:08"," +55 4 733314000","","Blumenau","Brazil","Têxteis","",""
"7879920812","Hipolabor","","2022-02-09 11:08","","2022-03-10 19:28","Belo Horizonte","Brazil","Farmacêutica","",""
"7879864395","Geolab","","2022-02-09 11:08","","","Anápolis","Brazil","Farmacêutica","",""
"7870402878","Chic e Elegante","","2022-02-08 13:18","","2022-02-15 09:05","Diadema","Brazil","Software de computador","",""
"7846439266","Rede Graal","Pedro Alvim","2022-02-07 14:27","","2022-05-17 17:31","S?o Paulo","Brazil","Restaurantes","",""
"7847305651","tembici","","2022-02-07 14:27","","2023-02-03 16:00","São Paulo","Brazil","","",""
"7845793645","Oscar Calçados","Lucas Galante","2022-02-07 14:27","","2023-06-16 17:13","São Paulo","Brazil","Varejo","",""
"7847367486","SumUp","","2022-02-07 14:27"," +1 888-250-2164","","Wilmington","United States","Serviços financeiros","",""
"7846416176","Supermercados Guanabara","","2022-02-07 14:27","55 53 3231 1188","2022-05-17 08:59","Rio Grande","Brazil","Supermercados","",""
"7847305649","Redeconomia de Supermercados","","2022-02-07 14:27","","","Rio De Janeiro","Brazil","","",""
"7847354915","Shift","","2022-02-07 14:27"," +55 11 3014-3223","","São Paulo","Brazil","Software de computador","",""
"7847256579","Solides Tecnologia","","2022-02-07 14:27","","","Belo Horizonte","Brazil","","",""
"7846405709","Smalvorada","","2022-02-07 14:27","","","","","","",""
"7847367477","Sanremo","","2022-02-07 14:27","","","Esteio","Brazil","Bens de consumo","",""
"7846426995","Dock","Valéria Silva","2022-02-07 14:27","","","São Paulo","Brazil","","",""
"7847367473","Apdata","","2022-02-07 14:27","4074035729","2022-03-03 18:43"," - Orlando","United States","Software de computador","",""
"7847305639","GSW Software","","2022-02-07 14:27"," +55 11 3044-5038","","São Paulo","Brazil","Tecnologia da informação e serviços","",""
"7847330159","Ornare","","2022-02-07 14:27"," +55 (71) 3267-8700","","Salvador","Brazil","Mobília","",""
"7847317029","Passarela","Gustavo Paulista","2022-02-07 14:27"," +55 11 4531-7952","","São Paulo","Brazil","Software de computador","",""
"7847266729","CISS S.A.","","2022-02-07 14:27","","","Dois Vizinhos","Brazil","Tecnologia da informação e serviços","",""
"7847305636","Imagem Geo","","2022-02-07 14:27"," +55 12 3946-8966","","São José Dos Campos","Brazil","Tecnologia da informação e serviços","",""
"7847379097","Pollux","","2022-02-07 14:27","","","Joinvile","Brazil","Software de computador","",""
"7846405702","Supermercados Mundial","","2022-02-07 14:27"," +55 (21) 2568-0364","","Rio De Janeiro","Brazil","","",""
"7847392548","Deal","","2022-02-07 14:27"," +55 11 5086-6060","","São Paulo","Brazil","","",""
"7847305630","Karne Keijo","","2022-02-07 14:27","","","","Brazil","","",""
"7847354895","7COMm","Camila Tribst (Deactivated User)","2022-02-07 14:27"," +55 11 3358-7700","2022-04-05 18:53","São Paulo","Brazil","Tecnologia da informação e serviços","",""
"7847428192","TQI Technology and Quality on Information","","2022-02-07 14:27","","","São Paulo","Brazil","Tecnologia da informação e serviços","",""
"7845793627","Becomex Consulting","","2022-02-07 14:27"," +55 11 2364-2199","","São Paulo","Brazil","","",""
"7847237949","Shop do Pé","","2022-02-07 14:27","","","","Brazil","","",""
"7845830815","ASA","","2022-02-07 14:27","","","Belo Jardim","Brazil","Alimentos e bebidas","",""
"7847379094","Solinftec","","2022-02-07 14:27","","2023-07-05 10:48","Araçatuba","Brazil","","",""
"7847305629","Datainfo","","2022-02-07 14:27","","","São Paulo","Brazil","Tecnologia da informação e serviços","",""
"7847330150","Florense","","2022-02-07 14:27","","2022-03-03 18:47","Houston","United States","Jogos de azar e cassinos","",""
"7847404616","Agroceres Multimix","","2022-02-07 14:27","","","Rio Claro","Brazil","","",""
"7845830814","Opentech","","2022-02-07 14:27","","","Joinville","Brazil","Software de computador","",""
"7847305628","Marba","","2022-02-07 14:27","55 11 4176 7000","","São Bernardo Do Campo","Brazil","Produção de alimentos","",""
"7846416163","Lider Interiores","","2022-02-07 14:27","","","Belo Horizonte","Brazil","","",""
"7846405699","Mirante (Tecnologia)","","2022-02-07 14:27","","","Brasilia","Brazil","Tecnologia da informação e serviços","",""
"7847291018","TO Brasil","","2022-02-07 14:27"," +55 21 2721-4101","","Rio de Janeiro","Brazil","","",""
"7845830813","e-Core","Israel Tischler","2022-02-07 14:27","","","Porto Alegre","","Tecnologia da informação e serviços","",""
"7824678492","Guardex Self Storage","","2022-02-04 17:39","","2022-02-04 17:40","Salvador","Brazil","","",""
"7818030341","Nemetz & Kuhnen Advocacia","","2022-02-03 20:01"," +55 47 3321-6529","","","Brazil","","",""
"7790487654","Nelogica","","2022-01-31 18:21","","","Porto Alegre","Brazil","Software de computador","",""
"7790487653","CCR","","2022-01-31 18:21","558007211012","","Rio De Janeiro","Brazil","","",""
"7791195807","Havanna","","2022-01-31 18:21","","","Mar del Plata","Argentina","Alimentos e bebidas","",""
"7791086352","Bloomin' Brands","Israel Tischler","2022-01-31 18:21","","","","Brazil","","",""
"7791202076","Positivo Tecnologia","Lucas Galante","2022-01-31 18:21","","2022-02-24 17:17","Curitiba","Brazil","","",""
"7791202075","Alphaville Urbanismo","","2022-01-31 18:21"," +55 11 3030-5100","","Sao Paulo","Brazil","","",""
"7791160429","DBServer","","2022-01-31 18:21"," +55 51 3322-6828","","Porto Alegre","Brazil","Software de computador","",""
"7791214347","Orguel","","2022-01-31 18:21","55 31 3271 1919","2022-03-07 18:17","Belo Horizonte","Brazil","","",""
"7791214346","Logicalis Group","","2022-01-31 18:21","","","Maidenhead","","Software de computador","",""
"7791052166","Dedalus Prime","","2022-01-31 17:55","","2022-02-01 10:34","São Paulo","Brazil","Software de computador","",""
"7788218437","gpkbrasil.com","","2022-01-31 12:11","","2022-02-09 15:00","","","","",""
"7782746778","Roca","","2022-01-29 19:27","","","Bardon Hill","United Kingdom","Materiais de construção","",""
"7782754585","Rede D'Or São Luiz","","2022-01-29 19:27","55 21 2529 4422","","Rio De Janeiro","Brazil","Hospital e cuidados de saúde","",""
"7782917508","Track&Field","Julia Borges","2022-01-29 19:27","","","","Brazil","","",""
"7782933889","Wavin","","2022-01-29 19:27","310384294911","","Zwolle","Netherlands","","",""
"7782739299","Besni","","2022-01-29 19:27","","2022-02-15 17:14","Sao Paulo","Brazil","","",""
"7782746777","GBMX","","2022-01-29 19:27","","","Hortolândia","Brazil","","",""
"7782746776","LOJAS LEADER","","2022-01-29 19:27","","","Rio De Janeiro","Brazil","","",""
"7782917507","Vulcabras Azaleia","","2022-01-29 19:27","55 51 3543 1000","2022-07-14 17:45","Parobé","Brazil","Bens de consumo","",""
"7782933888","Schindler Holding","","2022-01-29 19:27","55 11 2020 5100","","São Paulo","Brazil","","",""
"7782757691","Sandvik","","2022-01-29 19:27","","","Stockholm","","","",""
"7771443055","Jussara Laticineos","Leonardo Marinzek","2022-01-27 15:20","","2023-03-24 10:16","Patrocínio Paulista","Brazil","","",""
"7752995859","Taboca","","2022-01-26 16:17","55 92 3656 6190","","Manaus","Brazil","Mineração e metais","",""
"7752783223","Cresol","Leonardo Marinzek","2022-01-26 16:17","","","","Brazil","","",""
"7752795003","Alubar","","2022-01-26 16:17","55 91 3322 7100","","Barcarena","Brazil","Fabricação elétrica/eletrônica","",""
"7752783222","Unilider Distribuidora S/A","","2022-01-26 16:17","","2022-03-25 10:50","Serra","Brazil","Bens de consumo","",""
"7752888996","Alfa Transportes","","2022-01-26 16:17","","","Caçador","Brazil","","",""
"7753007280","IC Transportes","Israel Tischler","2022-01-26 16:17","","2022-03-07 08:51","São Paulo","Brazil","","",""
"7752695737","Grupo Soul","","2022-01-26 15:39","","2022-02-02 15:00","","Brazil","","",""
"7736796217","Metalfrio","Valéria Silva","2022-01-25 12:21"," +55 1 126279000","","Sao Paulo","Brazil","","",""
"7736707181","DENSO","","2022-01-25 12:21"," +81 566255511","","Kariya-Shi","Japan","Automotivo","",""
"7736788057","IRANI PAPEL E EMBALAGEM S.A.","","2022-01-25 12:21","","","Porto Alegre","Brazil","Papel e produtos florestais","",""
"7736711075","MULTILOG","","2022-01-25 12:21","55 47 3341 5000","","Itajaí","Brazil","","",""
"7736711074","Midea Carrier","","2022-01-25 12:21","","2022-07-15 11:05","São Paulo","Brazil","Fabricação elétrica/eletrônica","",""
"7716412021","UNICAMPO","","2022-01-21 13:43","","2022-04-05 19:03","Maringá","Brazil","Agricultura","","269234.28"
"7716421137","Construtora Barbosa Mello S.A.","","2022-01-21 13:43","55 31 3490 3600","","Belo Horizonte","Brazil","","",""
"7716393649","Neodent S.A.","","2022-01-21 13:43","55 41 2169 4049","","Curitiba","Brazil","Dispositivos médicos","",""
"7709952066","Prati-Donaduzzi","","2022-01-20 13:16"," +55 45 2103-1166","","Toledo","Brazil","Farmacêutica","",""
"7701691692","EcoRodovias","Valéria Silva","2022-01-19 13:42"," +55 1 137872667","","Sao Paulo","Brazil","","",""
"7701727275","Ouro Verde","","2022-01-19 13:42","","","Curitiba","Brazil","","",""
"7701334617","Mercantil do Brasil","","2022-01-19 13:42","","","Belo Horizonte","Brazil","Bancário","",""
"7691113053","Sulamericaseguros","","2022-01-18 11:14"," +55 71 3491-8023","","Rio De Janeiro","Brazil","Seguro","",""
"7691161779","Hermes Pardini","","2022-01-18 11:14","","","Belo Horizonte","Brazil","Saúde, bem-estar e fitness","",""
"7691127297","Rossi Residencial","","2022-01-18 11:14","","","São Paulo","Brazil","Construção","",""
"7691158897","Jadlog","","2022-01-18 11:14","","","São Paulo","Brazil","Transporte/caminhões/ferrovias","",""
"7691127225","PROGEN Projetos","","2022-01-18 11:14"," +55 11 3352-8000","2023-02-23 10:11","São Paulo","Brazil","Engenharia civil","",""
"7691190118","MCassab","","2022-01-18 11:14"," +55 11 2162-7788","","Sao Paulo","Brazil","","",""
"7685774682","Fractal Tecnologia ","","2022-01-17 14:17","","2022-05-09 16:35","","Brazil","","",""
"7685632945","Raízen","","2022-01-17 14:08","","2022-01-18 17:44","São Paulo","Brazil","Petróleo e energia","",""
"7685639974","Grupo Nutri Import","","2022-01-17 13:57","","","","Brazil","","",""
"7672762118","BB Seguros","","2022-01-14 09:28","","2022-08-02 11:11","","Brazil","","",""
"7667514019","Epson","","2022-01-13 14:49","","","Suwa","","Hardware de computador","",""
"7667290520","Grupo Sobrancelhas Design","Camila Tribst (Deactivated User)","2022-01-13 13:37","","2022-03-04 18:11","","Brazil","","",""
"7667258730","Grupo Confidence/Travelex","","2022-01-13 13:37","3132640079","","Belo Horizonte","Brazil","Serviços financeiros","",""
"7666645142","Cellera Farma","","2022-01-13 13:37","","","São Paulo","Brazil","","",""
"7667283277","Flash Courier","","2022-01-13 13:37","","","São Paulo","Brazil","Logística e cadeia de suprimento","",""
"7667202986","Riosulense S.A.","","2022-01-13 13:37","","","Rio Do Sul","Brazil","Automotivo","",""
"7667147176","Kothe S/A","","2022-01-13 13:37","","","Araguaína","Brazil","","",""
"7667099022","Eldorado Brasil","","2022-01-13 13:37"," +55 11 2505-0200","","São Paulo","Brazil","Papel e produtos florestais","",""
"7667243686","Teuto","Israel Tischler","2022-01-13 13:37"," +55 62 3310-2039","2022-09-29 19:37","Anápolis","Brazil","Farmacêutica","",""
"7667235889","Braspress","","2022-01-13 13:37","","","","Brazil","Transporte/caminhões/ferrovias","",""
"7667099021","mundoverdebrasil.com.br","","2022-01-13 13:37","","","","","","",""
"7667202985","Granol Industria Comércio e Exportação S/A","","2022-01-13 13:37","55 11 2162 4400","2022-05-11 10:30","São Paulo","Brazil","Produção de alimentos","",""
"7667273344","Rocha","Israel Tischler","2022-01-13 13:37","55 41 3420 2300","2022-05-24 15:25","Paranagua","Brazil","","",""
"7667218809","Reunidas S.A.","","2022-01-13 13:37","55 49 3561 5500","2022-03-10 14:41","Cacador","Brazil","Transporte/caminhões/ferrovias","",""
"7667174520","Viveo","Israel Tischler","2022-01-13 13:37","","","","Brazil","","",""
"7667152239","Blu Logistics Brasil","Israel Tischler","2022-01-13 13:37","","2022-02-26 14:00","Bogotá","Colombia","","",""
"7667260826","3 Tentos","","2022-01-13 13:37"," +555533723700","2022-05-26 15:10","Santa Bárbara Do Sul","Brazil","","",""
"7667283275","Ativa Logística","","2022-01-13 13:37","","","São Paulo","Brazil","Transporte/caminhões/ferrovias","",""
"7667283274","Santa Clara","","2022-01-13 13:37"," +55 54 3461 8300","","Carlos Barbosa","Brazil","Alimentos e bebidas","",""
"7667260827","Rumo","Israel Tischler","2022-01-13 13:37"," +55 41 99910-7641","2022-11-29 15:28","Curitiba","Brazil","","",""
"7667202984","Jalles Machado","","2022-01-13 13:37","","","São Pedro","Cape Verde","","",""
"7667194973","Profarma Specialty","","2022-01-13 13:37","","2022-01-28 15:26","São Paulo","Brazil","","",""
"7666645141","Racco","Lucas Galante","2022-01-13 13:37","","","Belo Horizonte","Brazil","Cosméticos","",""
"7667210593","Bracell","Leonardo Marinzek","2022-01-13 13:37","","","Central","Brazil","","",""
"7667260824","TPC","Israel Tischler","2022-01-13 13:37"," +55 71 2108-9780","2022-02-02 18:55","Salvador","Brazil","Logística e cadeia de suprimento","",""
"7667228421","Catarinense Pharma","","2022-01-13 13:37"," +554734519000","2022-08-23 10:17","Joinville","Brazil","","",""
"7667273343","Band-Deicmar","","2022-01-13 13:37","","","","","","",""
"7667271071","Cmpcrs","","2022-01-13 13:37","","","","Brazil","","",""
"7667296281","Poli-Nutri","","2022-01-13 13:37"," +55 11 2101-0201","","Osasco","Brazil","","",""
"7666684446","CerradinhoBio","","2022-01-13 13:37","55 11 2505 5900","","São Paulo","Brazil","","",""
"7639679105","On Running","","2022-01-10 15:05","","2022-01-10 15:06","Zürich","","Artigos esportivos","",""
"7616856955","Broto","Ane Araujo (Deactivated User)","2022-01-06 17:44"," +1 508-487-6424","2022-08-02 11:11","Provincetown","United States","","",""
"7600207400","Evobrindes","","2022-01-06 09:08","","","","","","",""
"7597074712","Maximus Mens","","2022-01-05 17:42","","2022-01-06 11:31","","Brazil","","",""
